INSERT INTO `tsprachwerte` (`kSprachISO`, `kSprachsektion`, `cName`, `cWert`, `cStandard`, `bSystem`) VALUES ('1', '1', 'deliveryStatus', 'Lieferstatus', 'Lieferstatus', '1'), ('2', '1', 'deliveryStatus', 'Delivery status', 'Delivery status', '1');
ALTER TABLE  `tversandart` ADD  `nMinLiefertage` TINYINT NULL DEFAULT  '2' AFTER  `nSort` ;
ALTER TABLE  `tversandart` ADD  `nMaxLiefertage` TINYINT NULL DEFAULT  '3' AFTER  `nMinLiefertage` ;
INSERT INTO `tsprachwerte` (`kSprachISO`, `kSprachsektion`, `cName`, `cWert`, `cStandard`, `bSystem`) VALUES ('1', '1', 'deliverytimeEstimation', '#MINDELIVERYDAYS# - #MAXDELIVERYDAYS# Werktage', '#MINDELIVERYDAYS# - #MAXDELIVERYDAYS# Werktage', '1'), ('2', '1', 'deliverytimeEstimation', '#MINDELIVERYDAYS# - #MAXDELIVERYDAYS# workdays', '#MINDELIVERYDAYS# - #MAXDELIVERYDAYS# workdays', '1');
INSERT INTO `tsprachwerte` (`kSprachISO`, `kSprachsektion`, `cName`, `cWert`, `cStandard`, `bSystem`) VALUES ('1', '5', 'cancellationPolicyNotice', 'Bitte beachten Sie unsere #LINK_WRB#.', 'Bitte beachten Sie unsere #LINK_WRB#.', '1'), ('2', '5', 'cancellationPolicy', 'Please take note of our #LINK_WRB#.', 'Please take note of our #LINK_WRB#.', '1');
ALTER TABLE  `ttrustedshopsstatistik` CHANGE  `cTSID`  `cTSID` VARCHAR( 255 );
CREATE TABLE IF NOT EXISTS `tpluginuninstall` (`kPluginUninstall` int(10) unsigned NOT NULL AUTO_INCREMENT, `kPlugin` int(10) unsigned NOT NULL, `cDateiname` varchar(255) NOT NULL, PRIMARY KEY (`kPluginUninstall`), KEY `kPlugin` (`kPlugin`)) ENGINE=MyISAM DEFAULT CHARSET=latin1 AUTO_INCREMENT=1;
DELETE FROM teinstellungenconf WHERE kEinstellungenConf = 1516;
DELETE FROM teinstellungenconfwerte WHERE kEinstellungenConf = 1516;
DELETE FROM teinstellungen WHERE cName = 'weitere_kosten_anzeigen';
INSERT INTO `teinstellungenconf` (`kEinstellungenConf`, `kEinstellungenSektion`, `cName`, `cBeschreibung`, `cWertName`, `cInputTyp`, `cModulId`, `nSort`, `nStandardAnzeigen`, `nModul`, `cConf`) VALUES ('1543', '1', 'Merkmalwert-URLs Suchmaschinen-Indexierung', '', 'global_merkmalwert_url_indexierung', 'selectbox', '', '697', '1', '0', 'Y');
INSERT INTO `teinstellungenconfwerte` (`kEinstellungenConf`, `cName`, `cWert`, `nSort`) VALUES ('1543', 'index', 'Y', '1'), ('1543', 'noindex', 'N', '2');
INSERT INTO `teinstellungen` (`kEinstellungenSektion`, `cName`, `cWert`, `cModulId`) VALUES ('1', 'global_merkmalwert_url_indexierung', 'N', '');
UPDATE teinstellungenconf SET cName = 'Automatischer Seitenwechsel zwischen http/https' WHERE kEinstellungenConf = 192;
INSERT INTO `tsprachwerte` (`kSprachISO`, `kSprachsektion`, `cName`, `cWert`, `cStandard`, `bSystem`) VALUES ('1', '1', 'noEntriesAvailable', 'Keine Einträge vorhanden', 'Keine Einträge vorhanden', '1'), ('2', '1', 'noEntriesAvailable', 'No entries available', 'No entries available', '1');
INSERT INTO `teinstellungenconf` (`kEinstellungenConf`, `kEinstellungenSektion`, `cName`, `cBeschreibung`, `cWertName`, `cInputTyp`, `cModulId`, `nSort`, `nStandardAnzeigen`, `nModul`, `cConf`) VALUES ('1544', '114', 'Export von Kindartikeln (Variationskombinationen)', 'Sollen Kindartikel von Variationskombinationen in die Exportdatei geschrieben werden?', 'sitemap_varkombi_children_export', 'selectbox', '', '140', '1', '0', 'Y');
INSERT INTO `teinstellungenconfwerte` (`kEinstellungenConf`, `cName`, `cWert`, `nSort`) VALUES ('1544', 'Ja', 'Y', '1'), ('1544', 'Nein', 'N', '2');
INSERT INTO `teinstellungen` (`kEinstellungenSektion`, `cName`, `cWert`, `cModulId`) VALUES ('114', 'sitemap_varkombi_children_export', 'N', '');
DELETE FROM ttemplateeinstellungen WHERE cName = 'use_tidy';
DROP TABLE IF EXISTS tsqlversion;
DELETE FROM `tsprachwerte` WHERE cName = 'aaSelectBTN';
INSERT INTO `tsprachwerte` (`kSprachISO` ,`kSprachsektion` ,`cName` ,`cWert` ,`cStandard` ,`bSystem`) VALUES ('1', '1', 'aaSelectBTN', 'ausw&auml;hlen', 'ausw&auml;hlen', '1'), ('2', '1', 'aaSelectBTN', 'select', 'select', '1');
INSERT INTO `tsprachwerte` (`kSprachISO`, `kSprachsektion`, `cName`, `cWert`, `cStandard`, `bSystem`) VALUES ('1', '5', 'wrongIban', 'Die eingegebene IBAN hat ein ung&uuml;ltiges Format', 'Die eingegebene IBAN hat ein ung&uuml;ltiges Format', '1'), ('2', '5', 'wrongIban', 'The submitted IBAN has an invalid format', 'The submitted IBAN has an invalid format', '1');
INSERT INTO `teinstellungenconf` (`kEinstellungenConf`, `kEinstellungenSektion`, `cName`, `cBeschreibung`, `cWertName`, `cInputTyp`, `cModulId`, `nSort`, `nStandardAnzeigen`, `nModul`, `cConf`) VALUES ('1545', '3', 'SMTP Security', 'Nur notwendig, wenn Emailmethode = SMTP', 'email_smtp_verschluesselung', 'selectbox', '', '108', '1', '0', 'Y');
INSERT INTO `teinstellungenconfwerte` (`kEinstellungenConf`, `cName`, `cWert`, `nSort`) VALUES ('1545', 'Keine', '', '1'), ('1545', 'SSL', 'ssl', '2'), ('1545', 'TLS', 'tls', '3');
INSERT INTO `teinstellungen` (`kEinstellungenSektion`, `cName`, `cWert`, `cModulId`) VALUES ('3', 'email_smtp_verschluesselung', '', '');
INSERT INTO `teinstellungenconf` (`kEinstellungenConf`, `kEinstellungenSektion`, `cName`, `cBeschreibung`, `cWertName`, `cInputTyp`, `cModulId`, `nSort`, `nStandardAnzeigen`, `nModul`, `cConf`) VALUES ('1546', '108', 'SMTP Security', 'Nur notwendig, wenn Emailmethode = SMTP', 'newsletter_smtp_verschluesselung', 'selectbox', '', '85', '1', '0', 'Y');
INSERT INTO `teinstellungenconfwerte` (`kEinstellungenConf`, `cName`, `cWert`, `nSort`) VALUES ('1546', 'Keine', '', '1'), ('1546', 'SSL', 'ssl', '2'), ('1546', 'TLS', 'tls', '3');
INSERT INTO `teinstellungen` (`kEinstellungenSektion`, `cName`, `cWert`, `cModulId`) VALUES ('108', 'newsletter_smtp_verschluesselung', '', '');