UPDATE `tsprachwerte` SET `cWert` = 'up to',`cStandard` = 'up to' WHERE `tsprachwerte`.`kSprachISO` =2 AND `tsprachwerte`.`kSprachsektion` =1 AND CONVERT( `tsprachwerte`.`cName` USING utf8 ) = 'trustedShopsTo' LIMIT 1 ;
UPDATE `tsprachwerte` SET `cWert` = 'Als zusätzlichen Service bieten wir Ihnen den Trusted Shops Käuferschutz an. Wir übernehmen alle Kosten dieser Garantie, Sie müssen sich lediglich anmelden.',`cStandard` = 'Als zusätzlichen Service bieten wir Ihnen den Trusted Shops Käuferschutz an. Wir übernehmen alle Kosten dieser Garantie, Sie müssen sich lediglich anmelden.' WHERE `tsprachwerte`.`kSprachISO` =1 AND `tsprachwerte`.`kSprachsektion` =1 AND CONVERT( `tsprachwerte`.`cName` USING utf8 ) = 'ts_comment' LIMIT 1 ;
UPDATE `tsprachwerte` SET `cWert` = 'Anmeldung zum Trusted Shops Käuferschutz',`cStandard` = 'Anmeldung zum Trusted Shops Käuferschutz' WHERE `tsprachwerte`.`kSprachISO` =1 AND `tsprachwerte`.`kSprachsektion` =1 AND CONVERT( `tsprachwerte`.`cName` USING utf8 ) = 'ts_register' LIMIT 1 ;
UPDATE `tsprachwerte` SET `cWert` = 'Register for Trusted Shops Buyer Protection',`cStandard` = 'Register for Trusted Shops Buyer Protection' WHERE `tsprachwerte`.`kSprachISO` =2 AND `tsprachwerte`.`kSprachsektion` =1 AND CONVERT( `tsprachwerte`.`cName` USING utf8 ) = 'ts_register' LIMIT 1 ;
UPDATE `tsprachwerte` SET `cWert` = 'We offer you the Trusted Shops Buyer Protection as an additional service. We cover all costs for this guarantee. All you have to do is register!',`cStandard` = 'We offer you the Trusted Shops Buyer Protection as an additional service. We cover all costs for this guarantee. All you have to do is register!' WHERE `tsprachwerte`.`kSprachISO` =2 AND `tsprachwerte`.`kSprachsektion` =1 AND CONVERT( `tsprachwerte`.`cName` USING utf8 ) = 'ts_comment' LIMIT 1 ;
INSERT INTO `tsprachwerte` (`kSprachISO` ,`kSprachsektion` ,`cName` ,`cWert` ,`cStandard` ,`bSystem` ) VALUES ('1', '1', 'ts_seal_classic_title', 'Klicken Sie auf das G&uuml;tesiegel, um die G&uuml;ltigkeit zu pr&uuml;fen!', 'Klicken Sie auf das G&uuml;tesiegel, um die G&uuml;ltigkeit zu pr&uuml;fen!', '1'), ('2', '1', 'ts_seal_classic_title', 'Trusted Shops seal of approval - click to verify.', 'Trusted Shops seal of approval - click to verify.', '1');
INSERT INTO `tsprachwerte` (`kSprachISO` ,`kSprachsektion` ,`cName` ,`cWert` ,`cStandard` ,`bSystem` ) VALUES ('1', '1', 'ts_info_classic_title', 'Mehr Informationen zu', 'Mehr Informationen zu', '1'), ('2', '1', 'ts_info_classic_title', 'Information about', 'Information about', '1');
INSERT INTO `tsprachwerte` (`kSprachISO` ,`kSprachsektion` ,`cName` ,`cWert` ,`cStandard` ,`bSystem` ) VALUES ('1', '1', 'ts_classic_text', 'tr&auml;gt das Trusted Shops Zertifikat mit K&auml;uferschutz. Mehr...', 'tr&auml;gt das Trusted Shops Zertifikat mit K&auml;uferschutz. Mehr...', '1'), ('2', '1', 'ts_classic_text', 'is a certified online shop with Trusted Shops Buyer Protection. More...', 'is a certified online shop with Trusted Shops Buyer Protection. More...', '1');
UPDATE `tsprachwerte` SET `cWert` = 'Trusted Shops Seal of Approval - Click to verify.',`cStandard` = 'Trusted Shops Seal of Approval - Click to verify.' WHERE `tsprachwerte`.`kSprachISO` =2 AND `tsprachwerte`.`kSprachsektion` =1 AND CONVERT( `tsprachwerte`.`cName` USING utf8 ) = 'ts_signtitle' LIMIT 1 ;
UPDATE `tzahlungsartsprache` SET cHinweisText = 'Sie überweisen den Rechnungsbetrag per Vorkasse Überweisung.' WHERE kZahlungsart = 1 AND cISOSprache = 'ger';
UPDATE `tzahlungsartsprache` SET cHinweisText = 'You transfer the invoice amount in advance payment.' WHERE kZahlungsart = 1 AND cISOSprache = 'eng';
ALTER TABLE `tbestellung` CHANGE  `cStatus`  `cStatus` CHAR( 2 ) CHARACTER SET latin1 COLLATE latin1_swedish_ci NULL DEFAULT NULL;
ALTER TABLE `temailvorlageoriginal` ADD  `nFehlerhaft` TINYINT NOT NULL DEFAULT  '0';
UPDATE `teinstellungenconf` SET `cBeschreibung` = 'Dadurch werden sensible Daten verschlüsselt. Hierzu wird ein SSL-Zertifikat auf dem Server benötigt' WHERE `teinstellungenconf`.`kEinstellungenConf` =192 LIMIT 1 ;
UPDATE `tsprachwerte` SET `cWert` = 'Um die Bestellung weiter bearbeiten zu können, füllen Sie bitte den Finanzierungsantrag der Commerz Finanz aus. Klicken Sie hierzu auf folgenden Link. Der Finanzierungsantrag auf den Seiten der Commerz Finanz öffnet sich in einem neuen Fenster.',`cStandard` = 'Um die Bestellung weiter bearbeiten zu können, füllen Sie bitte den Finanzierungsantrag der Commerz Finanz aus. Klicken Sie hierzu auf folgenden Link. Der Finanzierungsantrag auf den Seiten der Commerz Finanz öffnet sich in einem neuen Fenster.' WHERE `tsprachwerte`.`kSprachISO` =1 AND `tsprachwerte`.`kSprachsektion` =5 AND CONVERT( `tsprachwerte`.`cName` USING utf8 ) = 'desdnercetelemDesc' LIMIT 1 ;
UPDATE `tsprachwerte` SET `cWert` = 'To process your order further, please complete the request for funding from the Commerz Finanz. Click on the link below. The funding request for the pages of Commerz Finanz opens in a new window.',`cStandard` = 'To process your order further, please complete the request for funding from the Commerz Finanz. Click on the link below. The funding request for the pages of Commerz Finanz opens in a new window.' WHERE `tsprachwerte`.`kSprachISO` =2 AND `tsprachwerte`.`kSprachsektion` =5 AND CONVERT( `tsprachwerte`.`cName` USING utf8 ) = 'desdnercetelemDesc' LIMIT 1 ;
INSERT INTO `tsprachwerte` (`kSprachISO` ,`kSprachsektion` ,`cName` ,`cWert` ,`cStandard` ,`bSystem` ) VALUES ('1', '6', 'senderName', 'Name Absender', 'Name Absender', '1'), ('1', '6', 'senderEmail', 'E-Mail Absender', 'E-Mail Absender', '1');
INSERT INTO `tsprachwerte` (`kSprachISO` ,`kSprachsektion` ,`cName` ,`cWert` ,`cStandard` ,`bSystem` ) VALUES ('2', '6', 'senderName', 'Sender name', 'Sender name', '1'), ('2', '6', 'senderEmail', 'Sender email', 'Sender email', '1');
UPDATE `teinstellungen` SET `cWert` =  '0' WHERE `teinstellungen`.`cName` = 'zahlungsart_billpay_delayindays' AND `teinstellungen`.`cModulId` = 'za_billpay_jtl';
INSERT INTO `teinstellungenconf` (`kEinstellungenConf` ,`kEinstellungenSektion` ,`cName` ,`cBeschreibung` ,`cWertName` ,`cInputTyp` ,`cModulId` ,`nSort` ,`nStandardAnzeigen` ,`nModul` ,`cConf` ) VALUES ('1458', '5', 'Trennzeichen für Tausenderstellen bei Gewichten', 'Welches Zeichen soll bei Artikelgewichten als Trennzeichen bei Tausenderstellen benutzt werden?', 'artikeldetails_zeichen_tausendertrenner', 'text', NULL , '395', '1', '0', 'Y'), ('1459', '5', 'Trennzeichen für Nachkommastellen bei Gewichten', 'Welches Zeichen soll bei Artikelgewichten als Trennzeichen bei Nachkommastellen benutzt werden?', 'artikeldetails_zeichen_nachkommatrenner', 'text', NULL , '396', '1', '0', 'Y');
INSERT INTO `teinstellungen` (`kEinstellungenSektion` ,`cName` ,`cWert` ,`cModulId` ) VALUES ('5', 'artikeldetails_zeichen_tausendertrenner', '.', NULL ), ('5', 'artikeldetails_zeichen_nachkommatrenner', ',', NULL );
UPDATE temailvorlagesprache SET cContentHtml = REPLACE(cContentHtml, "cAnrede", "cAnredeLocalized"), cContentText = REPLACE(cContentText, "cAnrede", "cAnredeLocalized") WHERE kEmailvorlage = 11;
UPDATE temailvorlagespracheoriginal SET cContentHtml = REPLACE(cContentHtml, "cAnrede", "cAnredeLocalized"), cContentText = REPLACE(cContentText, "cAnrede", "cAnredeLocalized") WHERE kEmailvorlage = 11;
INSERT INTO `tsprachwerte` (`kSprachISO` ,`kSprachsektion` ,`cName` ,`cWert` ,`cStandard` ,`bSystem` ) VALUES ('1', '1', 'accountInactive', 'Ihr Kundenaccount ist deaktiviert', 'Ihr Kundenaccount ist deaktiviert', '1'), ('2', '1', 'accountInactive', 'Your customer account is disabled', 'Your customer account is disabled', '1');
INSERT INTO `tsprachwerte` (`kSprachISO` ,`kSprachsektion` ,`cName` ,`cWert` ,`cStandard` ,`bSystem` ) VALUES ('1', '1', 'accountLocked', 'Ihr Kundenaccount ist gesperrt', 'Ihr Kundenaccount ist gesperrt', '1'), ('2', '1', 'accountLocked', 'Your customer account is locked', 'Your customer account is locked', '1');
UPDATE `tsprachwerte` SET `cWert` = 'Bei einer Laufzeit von %s Monaten.<br />Weitere Laufzeitbeispiele finden Sie hier. Gebundener jährlicher Sollzinssatz %s $##$, zzgl. Bearbeitungsendgeld.<br  />Effekt. Jahreszins 9,9 $##$.<br />Vermittlung erfolgt ausschließlich für die Commerz Finanz GmbH.',`cStandard` = 'Bei einer Laufzeit von %s Monaten.<br />Weitere Laufzeitbeispiele finden Sie hier. Gebundener jährlicher Sollzinssatz %s $##$, zzgl. Bearbeitungsendgeld.<br  />Effekt. Jahreszins 9,9 $##$.<br />Vermittlung erfolgt ausschließlich für die Commerz Finanz GmbH.' WHERE `tsprachwerte`.`kSprachISO` =1 AND `tsprachwerte`.`kSprachsektion` =1 AND CONVERT( `tsprachwerte`.`cName` USING utf8 ) = 'fundingAdvice' LIMIT 1 ;
UPDATE `tsprachwerte` SET `cWert` = 'At a term of %s months.<br />Other examples can be found here. Bound annual borrowing rate %s $##$, plus handling fee.<br  />Effect. APR 9,9 $##$.<br />Agencies are only for the Commerz Financial Inc.',`cStandard` = 'At a term of %s months.<br />Other examples can be found here. Bound annual borrowing rate %s $##$, plus handling fee.<br  />Effect. APR 9,9 $##$.<br />Agencies are only for the Commerz Financial Inc.' WHERE `tsprachwerte`.`kSprachISO` =2 AND `tsprachwerte`.`kSprachsektion` =1 AND CONVERT( `tsprachwerte`.`cName` USING utf8 ) = 'fundingAdvice' LIMIT 1 ;
UPDATE `tsprachwerte` SET `cWert` = 'Bei einer Laufzeit von %s Monaten.<br />Weitere Laufzeitbeispiele finden Sie <a href=''#'' onclick=''return false;'' id=''f%s'' class=''popup''>hier</a>. Gebundener jährlicher Sollzinssatz %s $##$, zzgl. Bearbeitungsendgeld.<br  />Effekt. Jahreszins 9,9 $##$.<br  />Vermittlung erfolgt ausschließlich für die Commerz Finanz GmbH.',`cStandard` = 'Bei einer Laufzeit von %s Monaten.<br />Weitere Laufzeitbeispiele finden Sie <a href=''#'' onclick=''return false;'' id=''f%s'' class=''popup''>hier</a>. Gebundener jährlicher Sollzinssatz %s $##$, zzgl. Bearbeitungsendgeld.<br  />Effekt. Jahreszins 9,9 $##$.<br  />Vermittlung erfolgt ausschließlich für die Commerz Finanz GmbH.' WHERE `tsprachwerte`.`kSprachISO` =1 AND `tsprachwerte`.`kSprachsektion` =1 AND CONVERT( `tsprachwerte`.`cName` USING utf8 ) = 'fundingAdviceHtml' LIMIT 1 ;
UPDATE `tsprachwerte` SET `cWert` = 'At a term of %s months.<br />Other examples can be found <a href=''#'' onclick=''return false;'' id=''f%s'' class=''popup''>here</a>. Bound annual borrowing rate %s $##$, plus handling fee.<br  />Effect. APR 9,9 $##$.<br />Agencies are only for the Commerz Financial Inc.',`cStandard` = 'At a term of %s months.<br />Other examples can be found <a href=''#'' onclick=''return false;'' id=''f%s'' class=''popup''>here</a>. Bound annual borrowing rate %s $##$, plus handling fee.<br  />Effect. APR 9,9 $##$.<br />Agencies are only for the Commerz Financial Inc.' WHERE `tsprachwerte`.`kSprachISO` =2 AND `tsprachwerte`.`kSprachsektion` =1 AND CONVERT( `tsprachwerte`.`cName` USING utf8 ) = 'fundingAdviceHtml' LIMIT 1 ;
UPDATE `tzahlungsartsprache` SET `cHinweisText` = 'Finanzierung mit der Commerz Finanz. Bezahlen Sie schnell und unkompliziert in kleinen Monatsraten. Zum Finanzierungsantrag gelangen Sie, nachdem Sie die Bestellung abgeschickt haben.' WHERE `tzahlungsartsprache`.`kZahlungsart` =48 AND CONVERT( `tzahlungsartsprache`.`cISOSprache` USING utf8 ) = 'ger' LIMIT 1 ;
UPDATE `tzahlungsartsprache` SET `cHinweisText` = 'Financing of Commerz Financial. Pay quickly and easily in small monthly installments. For funding application will take you after you have submitted the order.' WHERE `tzahlungsartsprache`.`kZahlungsart` =48 AND CONVERT( `tzahlungsartsprache`.`cISOSprache` USING utf8 ) = 'eng' LIMIT 1 ;
UPDATE `tadminmenu` SET `cLinkname` = 'Benutzerverwaltung', `cURL` = 'benutzerverwaltung.php' WHERE `tadminmenu`.`kAdminmenu` = 21;
ALTER TABLE `tadminmenu` DROP `cDokuURL`, DROP `cUeberschrift`, DROP `cBeschreibung`;
ALTER TABLE `tadminmenu` ADD  `cRecht` VARCHAR( 255 ) NOT NULL AFTER  `cURL` ;
CREATE TABLE IF NOT EXISTS `tadminlogingruppe` (`kAdminlogingruppe` int(10) unsigned NOT NULL auto_increment,`cGruppe` varchar(255) NOT NULL,`cBeschreibung` text NOT NULL,PRIMARY KEY  (`kAdminlogingruppe`),UNIQUE KEY `cGruppe` (`cGruppe`)) ENGINE=MyISAM  DEFAULT CHARSET=latin1 AUTO_INCREMENT=2;
INSERT INTO `tadminlogingruppe` (`kAdminlogingruppe`, `cGruppe`, `cBeschreibung`) VALUES (1, 'Administratoren', 'Voller Zugriff auf den Administrationsbereich.');
CREATE TABLE IF NOT EXISTS `tadminrecht` (  `cRecht` varchar(255) NOT NULL,  `cBeschreibung` varchar(255) NOT NULL,  `kAdminrechtemodul` int(10) unsigned NOT NULL default '0',  PRIMARY KEY  (`cRecht`),  KEY `kAdminrechtemodul` (`kAdminrechtemodul`,`cRecht`)) ENGINE=MyISAM DEFAULT CHARSET=latin1;
INSERT INTO `tadminrecht` (`cRecht`, `cBeschreibung`, `kAdminrechtemodul`) VALUES('ORDER_VIEW', 'Bestellhistory', 1),('BOXES_VIEW', 'Boxenverwaltung', 1),('CHECKBOXES_VIEW', 'Checkboxverwaltung', 1),('EMAIL_REPORTS_VIEW', 'E-Mail Berichte', 1),('UNLOCK_CENTRAL_VIEW', 'Freischaltzentrale', 1),('RESET_SHOP_VIEW', 'Shop zurücksetzen', 1),('SHOP_UPDATE_VIEW', 'Shop-Update', 1),('LANGUAGE_VIEW', 'Sprachverwaltung', 1),('SETTINGS_ARTICLEDETAILS_VIEW', 'Artikeldetails', 2),('SETTINGS_ARTICLEOVERVIEW_VIEW', 'Artikelübersicht / Suche', 2),('SETTINGS_SPECIALPRODUCTS_VIEW', 'Besondere Produkte', 2),('SETTINGS_IMAGES_VIEW', 'Bilder', 2),('SETTINGS_BOXES_VIEW', 'Boxen', 2),('SETTINGS_EMAIL_BLACKLIST_VIEW', 'E-Mail Blacklist', 2),('SETTINGS_EMAILS_VIEW', 'E-Mails', 2),('SETTINGS_GLOBAL_VIEW', 'Globale Einstellungen', 2),('SETTINGS_GLOBAL_META_VIEW', 'Globale Meta-Angaben', 2),('SETTINGS_CONTACTFORM_VIEW', 'Kontaktformular', 2),('SETTINGS_META_KEYWORD_BLACKLIST_VIEW', 'Meta-Keywords Blacklist', 2),('SETTINGS_NAVIGATION_FILTER_VIEW', 'Navigationsfilter', 2),('SETTINGS_SITEMAP_VIEW', 'Sitemapaufbau', 2),('SETTINGS_STARTPAGE_VIEW', 'Startseite', 2),('SETTINGS_BASKET_VIEW', 'Warenkorb / Kaufabwicklung', 2),('DISPLAY_ARTICLEOVERLAYS_VIEW', 'Artikeloverlays', 3),('DISPLAY_OWN_LOGO_VIEW', 'Eigenes Logo', 3),('DISPLAY_PRICECHART_VIEW', 'Preisanzeige', 3),('DISPLAY_TEMPLATE_VIEW', 'Template', 3),('DISPLAY_BRANDING_VIEW', 'Wasserzeichen / Branding', 3),('CONTENT_PAGE_VIEW', 'CMS (Eigene Seite)', 4),('CONTENT_EMAIL_TEMPLATE_VIEW', 'Emailvorlagen', 4),('CONTENT_NEWS_SYSTEM_VIEW', 'News- / Blogsystem', 4),('ORDER_AGB_WRB_VIEW', 'AGB / WBR', 5),('ORDER_BILLPAY_VIEW', 'Billpay', 5),('ORDER_CLICKANDBUY_VIEW', 'ClickandBuy', 5),('ORDER_COUPON_VIEW', 'Kupon', 5),('ORDER_MONEYBOOKERS_VIEW', 'Moneybookers', 5),('ORDER_CUSTOMERFIELDS_VIEW', 'selbstdef. Kundenfelder', 5),('ORDER_TRUSTEDSHOPS_VIEW', 'Trusted Shops', 5),('ORDER_SHIPMENT_VIEW', 'Versandarten', 5),('ORDER_PAYMENT_VIEW', 'Zahlungsarten', 5),('ORDER_PACKAGE_VIEW', 'Zusatzverpackung', 5),('MODULE_VOTESYSTEM_VIEW', 'Bewertungssystem', 6),('MODULE_SAVED_BASKETS_VIEW', 'Gespeicherte Warenkörbe', 6),('MODULE_GIFT_VIEW', 'Gratis Geschenk', 6),('MODULE_CAC_VIEW', 'Kunden werben Kunden', 6),('MODULE_LIVESEARCH_VIEW', 'Livesuche', 6),('MODULE_NEWSLETTER_VIEW', 'Newsletter', 6),('MODULE_PRICECHART_VIEW', 'Preisverlauf', 6),('MODULE_PRODUCTTAGS_VIEW', 'Produkttags', 6),('MODULE_COMPARELIST_VIEW', 'Vergleichsliste', 6),('MODULE_WISHLIST_VIEW', 'Wunschliste', 6),('EXPORT_SCHEDULE_VIEW', 'Aufgabenplaner Exporte', 7),('EXPORT_FORMATS_VIEW', 'Exportformate', 7),('IMPORT_NEWSLETTER_RECEIVER_VIEW', 'Import Newsletterempfänger', 7),('IMPORT_CUSTOMER_VIEW', 'Kundenimport', 7),('EXPORT_RSSFEED_VIEW', 'RSS Feed', 7),('EXPORT_SHOPINFO_VIEW', 'Shopinfo (elm@ar)', 7),('EXPORT_SITEMAP_VIEW', 'Sitemap für Suchmaschinen', 7),('EXPORT_YATEGO_VIEW', 'Yatego Export', 7),('EXTENSION_VOTE_VIEW', 'Umfragesystem', 8),('PLUGIN_ADMIN_VIEW', 'Pluginverwaltung', 9),('SETTINGS_CUSTOMERFORM_VIEW', 'Kunden / Formulare', 2),('STATS_VISITOR_VIEW', 'Besucher', 10),('STATS_CAMPAIGN_VIEW', 'Kampagnen', 10),('STATS_VISITOR_LOCATION_VIEW', 'Kundenherkunft', 10),('STATS_CRAWLER_VIEW', 'Suchmaschinen', 10),('STATS_EXCHANGE_VIEW', 'Umsätze', 10),('ACCOUNT_VIEW', 'Benutzerverwaltung', 1),('DASHBOARD_VIEW', 'Dashboard', 1),('SETTINGS_SEARCH_VIEW', 'Einstellungen suchen', 2);
CREATE TABLE IF NOT EXISTS `tadminrechtegruppe` (  `cRecht` varchar(255) NOT NULL,  `kAdminlogingruppe` int(10) unsigned NOT NULL,  UNIQUE KEY `kAdminrecht` (`cRecht`,`kAdminlogingruppe`)) ENGINE=MyISAM DEFAULT CHARSET=latin1;
CREATE TABLE IF NOT EXISTS `tadminrechtemodul` (  `kAdminrechtemodul` int(10) unsigned NOT NULL auto_increment,  `cName` varchar(255) NOT NULL,  `nSort` int(10) unsigned NOT NULL,  PRIMARY KEY  (`kAdminrechtemodul`)) ENGINE=MyISAM  DEFAULT CHARSET=latin1 AUTO_INCREMENT=11 ;
INSERT INTO `tadminrechtemodul` (`kAdminrechtemodul`, `cName`, `nSort`) VALUES(1, 'Admin', 1),(2, 'Einstellungen', 2),(3, 'Darstellung', 3),(4, 'Inhalt', 4),(5, 'Kaufabwicklung', 5),(6, 'Module', 6),(7, 'Import / Export', 7),(8, 'Erweiterungen', 8),(9, 'Plugins', 9),(10, 'Statistik', 10);
UPDATE `tboxvorlage` SET `kBoxvorlage` = '999' WHERE `kBoxvorlage` = '32';
UPDATE `tboxen` SET `kBoxvorlage` = '999' WHERE `kBoxvorlage` = '32';
INSERT INTO `tboxvorlage` (`kBoxvorlage` ,`kCustomID` ,`eTyp` ,`cName` ,`cVerfuegbar` ,`cTemplate`) VALUES (32 ,  '0',  'tpl',  'Tagwolke',  '0',  'box_tagwolke.tpl');
INSERT INTO `temailvorlageoriginal` (`kEmailvorlage`, `cName`, `cBeschreibung`, `cMailTyp`, `cModulId`, `cDateiname`, `cAktiv`, `nAKZ`, `nAGB`, `nWRB`, `nFehlerhaft`) VALUES(23, 'Checkbox Emailvorlage', '', 'text/html', 'core_jtl_checkbox_shopbetreiber', '', 'Y', 0, 0, 0, 0);
INSERT INTO `temailvorlageoriginal` (`kEmailvorlage` ,`cName` ,`cBeschreibung` ,`cMailTyp` ,`cModulId` ,`cDateiname` ,`cAktiv` ,`nAKZ` ,`nAGB` ,`nWRB`) VALUES (24 ,  'Bestellung reaktiviert',  '',  'text/html',  'core_jtl_bestellung_restorno',  'bestellung_restorno',  'Y',  '0',  '0',  '0');
INSERT INTO `temailvorlagespracheoriginal` (`kEmailvorlage` ,`kSprache` ,`cBetreff` ,`cContentHtml` ,`cContentText` ,`cPDFS` ,`cDateiname`) VALUES (24,  '1',  'Stornierung Ihrer Bestellung bei #firma.name# wurde aufgehoben',  'Sehr {if $Kunde->cAnrede=="w"}geehrte{else}geehrter{/if} {$Kunde->cAnredeLocalized} {$Kunde->cNachname},<br><br>Ihre Bestellung bei {$Einstellungen.global.global_shopname} wurde soeben reaktivert.<br>Bestellnummer: {$Bestellung->cBestellNr}<br><br>Mit freundlichem Gruß <br><br>Ihr Team von {$Firma->cName}','Sehr {if $Kunde->cAnrede=="w"}geehrte{else}geehrter{/if} {$Kunde->cAnredeLocalized} {$Kunde->cNachname},\n\nIhre Bestellung bei {$Einstellungen.global.global_shopname} wurde soeben reaktivert.\nBestellnummer: {$Bestellung->cBestellNr}\n\nMit freundlichem Gruß\n\nIhr Team von {$Firma->cName}',  '',  '');
INSERT INTO `temailvorlagespracheoriginal` (`kEmailvorlage` ,`kSprache` ,`cBetreff` ,`cContentHtml` ,`cContentText` ,`cPDFS` ,`cDateiname`) VALUES (24,  '2',  'Your order has been reactivated',  'Dear {$Kunde->cAnredeLocalized} {$Kunde->cNachname},<br><br>Your order at {$Einstellungen.global.global_shopname} has been reactivated.<br>Order number: {$Bestellung->cBestellNr}<br><br>Yours sincerely <br><br>{$Firma->cName}','Dear {$Kunde->cAnredeLocalized} {$Kunde->cNachname},\n\nYour order at {$Einstellungen.global.global_shopname} has been reactivated.\nOrder number: {$Bestellung->cBestellNr}\n\nYours sincerely\n\n{$Firma->cName}',  '',  '');
INSERT INTO `temailvorlage` (`kEmailvorlage` ,`cName` ,`cBeschreibung` ,`cMailTyp` ,`cModulId` ,`cDateiname` ,`cAktiv` ,`nAKZ` ,`nAGB` ,`nWRB`) VALUES (24,  'Bestellung reaktiviert',  '',  'text/html',  'core_jtl_bestellung_restorno',  'bestellung_restorno',  'Y',  '0',  '0',  '0');
INSERT INTO `temailvorlagesprache` (`kEmailvorlage` ,`kSprache` ,`cBetreff` ,`cContentHtml` ,`cContentText` ,`cPDFS` ,`cDateiname`) VALUES (24,  '1',  'Stornierung Ihrer Bestellung bei #firma.name# wurde aufgehoben',  'Sehr {if $Kunde->cAnrede=="w"}geehrte{else}geehrter{/if} {$Kunde->cAnredeLocalized} {$Kunde->cNachname},<br><br>Ihre Bestellung bei {$Einstellungen.global.global_shopname} wurde soeben reaktivert.<br>Bestellnummer: {$Bestellung->cBestellNr}<br><br>Mit freundlichem Gruß <br><br>Ihr Team von {$Firma->cName}','Sehr {if $Kunde->cAnrede=="w"}geehrte{else}geehrter{/if} {$Kunde->cAnredeLocalized} {$Kunde->cNachname},\n\nIhre Bestellung bei {$Einstellungen.global.global_shopname} wurde soeben reaktivert.\nBestellnummer: {$Bestellung->cBestellNr}\n\nMit freundlichem Gruß\n\nIhr Team von {$Firma->cName}',  '',  '');
INSERT INTO `temailvorlagesprache` (`kEmailvorlage` ,`kSprache` ,`cBetreff` ,`cContentHtml` ,`cContentText` ,`cPDFS` ,`cDateiname`) VALUES (24,  '2',  'Your order has been reactivated',  'Dear {$Kunde->cAnredeLocalized} {$Kunde->cNachname},<br><br>Your order at {$Einstellungen.global.global_shopname} has been reactivated.<br>Order number: {$Bestellung->cBestellNr}<br><br>Yours sincerely <br><br>{$Firma->cName}','Dear {$Kunde->cAnredeLocalized} {$Kunde->cNachname},\n\nYour order at {$Einstellungen.global.global_shopname} has been reactivated.\nOrder number: {$Bestellung->cBestellNr}\n\nYours sincerely\n\n{$Firma->cName}',  '',  '');
ALTER TABLE `tboxvorlage` CHANGE  `eTyp`  `eTyp` ENUM(  'tpl',  'text',  'link',  'plugin',  'catbox' ) CHARACTER SET latin1 COLLATE latin1_german1_ci NOT NULL;
UPDATE `tboxvorlage` SET  `eTyp` =  'catbox' WHERE  `tboxvorlage`.`kBoxvorlage` =2 LIMIT 1 ;
INSERT INTO `teinstellungenconf` (`kEinstellungenConf` ,`kEinstellungenSektion` ,`cName` ,`cBeschreibung` ,`cWertName` ,`cInputTyp` ,`cModulId` ,`nSort` ,`nStandardAnzeigen` ,`nModul` ,`cConf` ) VALUES ('1460', '1', 'Gekaufte Artikel nach Bestellung von Wunschliste l&ouml;schen?', 'Sollen Artikel die auf der Wunschliste stehen und bestellt wurden, nach dem Kauf gel&ouml;scht werden?', 'global_wunschliste_artikel_loeschen_nach_kauf', 'selectbox', NULL , '930', '1', '1', 'Y');
INSERT INTO `teinstellungenconfwerte` (`kEinstellungenConf` ,`cName` ,`cWert` ,`nSort` ) VALUES ('1460', 'Ja', 'Y', '1'), ('1460', 'Nein', 'N', '2');
INSERT INTO `teinstellungen` (`kEinstellungenSektion` ,`cName` ,`cWert` ,`cModulId` ) VALUES ('1', 'global_wunschliste_artikel_loeschen_nach_kauf', 'N', NULL );
DROP TABLE IF EXISTS  `tadminmenu`;
CREATE TABLE `tadminmenu` (  `kAdminmenu` int(10) unsigned NOT NULL auto_increment,  `kAdminmenueGruppe` int(10) unsigned default NULL,  `cModulId` varchar(255) default NULL,  `cLinkname` varchar(255) default NULL,  `cURL` varchar(255) default NULL,  `cRecht` varchar(255) NOT NULL,  `nSort` int(10) unsigned default NULL,  PRIMARY KEY  (`kAdminmenu`)) ENGINE=MyISAM  DEFAULT CHARSET=latin1 AUTO_INCREMENT=63 ;
INSERT INTO `tadminmenu` (`kAdminmenu`, `kAdminmenueGruppe`, `cModulId`, `cLinkname`, `cURL`, `cRecht`, `nSort`) VALUES(2, 5, 'core_jtl', 'CMS (Eigene Seiten)', 'links.php', 'CONTENT_PAGE_VIEW', 110),(3, 4, 'core_jtl', 'AGB / WRB', 'agbwrb.php', 'ORDER_AGB_WRB_VIEW', 120),(4, 4, 'core_jtl', 'Zahlungsarten', 'zahlungsarten.php', 'ORDER_PAYMENT_VIEW', 100),(5, 4, 'core_jtl', 'Versandarten', 'versandarten.php', 'ORDER_SHIPMENT_VIEW', 200),(6, 5, 'core_jtl', 'Emailvorlagen', 'emailvorlagen.php', 'CONTENT_EMAIL_TEMPLATE_VIEW', 150),(7, 4, 'core_jtl', 'Kupons', 'kupons.php', 'ORDER_COUPON_VIEW', 300),(8, 2, 'core_jtl', 'Meta-Keywords Blacklist', 'keywording.php', 'SETTINGS_META_KEYWORD_BLACKLIST_VIEW', 170),(9, 10, 'core_jtl', 'Exportformate', 'exportformate.php', 'EXPORT_FORMATS_VIEW', 1),(10, 3, 'core_jtl', 'Template', 'shoptemplate.php', 'DISPLAY_TEMPLATE_VIEW', 180),(11, 1, 'core_jtl', 'Shop-Update', 'dbupdater.php', 'SHOP_UPDATE_VIEW', 100),(13, 10, 'core_jtl', 'Kundenimport', 'kundenimport.php', 'IMPORT_CUSTOMER_VIEW', 3),(14, 1, 'core_jtl', 'Shop zurücksetzen', 'shopzuruecksetzen.php', 'RESET_SHOP_VIEW', 3000),(15, 2, 'core_jtl', 'Kontaktformular', 'kontaktformular.php', 'SETTINGS_CONTACTFORM_VIEW', 170),(16, 11, 'core_jtl', 'Ums&auml;tze', 'statistik.php?s=4', 'STATS_EXCHANGE_VIEW', 100),(17, 11, 'core_jtl', 'Kundenherkunft', 'statistik.php?s=2', 'STATS_VISITOR_LOCATION_VIEW', 130),(18, 11, 'core_jtl', 'Besucher', 'statistik.php?s=1', 'STATS_VISITOR_VIEW', 120),(60, 11, 'core_jtl', 'Suchmaschinen', 'statistik.php?s=3', 'STATS_CRAWLER_VIEW', 110),(21, 1, 'core_jtl', 'Benutzerverwaltung', 'benutzerverwaltung.php', 'ACCOUNT_VIEW', 2900),(22, 3, 'core_jtl', 'Preisanzeige', 'preisanzeige.php', 'DISPLAY_PRICECHART_VIEW', 105),(23, 4, 'core_jtl', 'Moneybookers', 'moneybookers.php', 'ORDER_MONEYBOOKERS_VIEW', NULL),(24, 10, 'core_jtl', 'Sitemap für Suchmaschinen', 'sitemapexport.php', 'EXPORT_SITEMAP_VIEW', 20),(25, 10, 'core_jtl', 'Shopinfo (elm@ar)', 'shopinfoexport.php', 'EXPORT_SHOPINFO_VIEW', 20),(12, 10, 'core_jtl', 'RSS Feed', 'rss.php', 'EXPORT_RSSFEED_VIEW', 30),(26, 7, 'core_jtl', 'Livesuche', 'livesuche.php', 'MODULE_LIVESEARCH_VIEW', 140),(27, 7, 'core_jtl', 'Produkttags', 'tagging.php', 'MODULE_PRODUCTTAGS_VIEW', 150),(28, 7, 'core_jtl', 'Wunschzettel', 'wunschliste.php', 'MODULE_WISHLIST_VIEW', 160),(29, 7, 'core_jtl', 'Bewertungssystem', 'bewertung.php', 'MODULE_VOTESYSTEM_VIEW', 110),(30, 7, 'core_jtl', 'Preisverlauf', 'preisverlauf.php', 'MODULE_PRICECHART_VIEW', 100),(31, 7, 'core_jtl', 'Vergleichsliste', 'vergleichsliste.php', 'MODULE_COMPARELIST_VIEW', 130),(32, 7, 'core_jtl', 'Newsletter', 'newsletter.php', 'MODULE_NEWSLETTER_VIEW', 120),(33, 4, 'core_jtl', 'selbstdef. Kundenfelder', 'kundenfeld.php', 'ORDER_CUSTOMERFIELDS_VIEW', 166),(34, 2, 'core_jtl', 'Navigationsfilter', 'navigationsfilter.php', 'SETTINGS_NAVIGATION_FILTER_VIEW', 167),(35, 2, 'core_jtl', 'Besondere Produkte', 'suchspecials.php', 'SETTINGS_SPECIALPRODUCTS_VIEW', 168),(36, 5, 'core_jtl', 'News- / Blogsystem', 'news.php', 'CONTENT_NEWS_SYSTEM_VIEW', 180),(37, 7, 'core_jtl', 'Gespeicherte Warenkörbe', 'warenkorbpers.php', 'MODULE_SAVED_BASKETS_VIEW', 177),(38, 4, 'core_jtl', 'Zusatzverpackung', 'zusatzverpackung.php', 'ORDER_PACKAGE_VIEW', 310),(39, 2, 'core_jtl', 'Email Blacklist', 'emailblacklist.php', 'SETTINGS_EMAIL_BLACKLIST_VIEW', 190),(40, 2, 'core_jtl', 'Globale Meta-Angaben', 'globalemetaangaben.php', 'SETTINGS_GLOBAL_META_VIEW', 169),(41, 2, 'core_jtl', 'Sitemapaufbau', 'shopsitemap.php', 'SETTINGS_SITEMAP_VIEW', 130),(42, 8, 'core_jtl', 'Umfragesystem', 'umfrage.php', 'EXTENSION_VOTE_VIEW', 190),(43, 7, 'core_jtl', 'Kunden werben Kunden', 'kundenwerbenkunden.php', 'MODULE_CAC_VIEW', 200),(44, 3, 'core_jtl', 'Wasserzeichen / Branding', 'branding.php', 'DISPLAY_BRANDING_VIEW', 115),(45, 1, 'core_jtl', 'Freischaltzentrale', 'freischalten.php', 'UNLOCK_CENTRAL_VIEW', 125),(46, 10, 'core_jtl', 'Yatego Export', 'yatego.export.php', 'EXPORT_YATEGO_VIEW', 210),(47, 10, 'core_jtl', 'Aufgabenplaner Exporte', 'exportformat_queue.php', 'EXPORT_SCHEDULE_VIEW', 2),(48, 3, 'core_jtl', 'Artikeloverlays', 'suchspecialoverlay.php', 'DISPLAY_ARTICLEOVERLAYS_VIEW', 117),(49, 1, 'core_jtl', 'E-Mail Berichte', 'statusemail.php', 'EMAIL_REPORTS_VIEW', 220),(50, 4, 'core_jtl', 'Trusted Shops', 'trustedshops.php', 'ORDER_TRUSTEDSHOPS_VIEW', 230),(51, 9, 'core_jtl', 'Pluginverwaltung', 'pluginverwaltung.php', 'PLUGIN_ADMIN_VIEW', 110),(52, 4, 'core_jtl', 'ClickandBuy', 'clickandbuy.php', 'ORDER_CLICKANDBUY_VIEW', 150),(53, 7, 'core_jtl', 'Gratis Geschenk', 'gratisgeschenk.php', 'MODULE_GIFT_VIEW', 210),(54, 1, 'core_jtl', 'Boxenverwaltung', 'boxen.php', 'BOXES_VIEW', 120),(55, 11, 'core_jtl', 'Kampagnen', 'kampagne.php', 'STATS_CAMPAIGN_VIEW', 210),(56, 1, 'core_jtl', 'Sprachverwaltung', 'sprache.php', 'LANGUAGE_VIEW', 118),(57, 3, 'core_jtl', 'Eigenes Logo', 'shoplogouploader.php', 'DISPLAY_OWN_LOGO_VIEW', 123),(58, 1, 'core_jtl', 'Bestellhistory', 'bestellungen.php', 'ORDER_VIEW', 150),(59, 10, 'core_jtl', 'Import Newsletterempfänger', 'newsletterimport.php', 'IMPORT_NEWSLETTER_RECEIVER_VIEW', 400),(61, 1, 'core_jtl', 'Checkboxenverwaltung', 'checkbox.php', 'CHECKBOXES_VIEW', 310),(62, 4, 'core_jtl', 'Billpay', 'billpay.php', 'ORDER_BILLPAY_VIEW', 311);
INSERT INTO `tsprachwerte` (`kSprachISO` ,`kSprachsektion` ,`cName` ,`cWert` ,`cStandard` ,`bSystem` ) VALUES ('1', '1', 'financingIncludesProcessingFee', 'enthält Bearbeitungsentgelt', 'enthält Bearbeitungsentgelt', '0'), ('2', '1', 'financingIncludesProcessingFee', 'includes processing fee', 'includes processing fee', '1');
UPDATE `tsprachwerte` SET `cWert` = 'Bei einer Laufzeit von %s Monaten.<br />Weitere Laufzeitbeispiele finden Sie <a href=''#'' onclick=''return false;'' id=''f%s'' class=''popup''>hier</a>. Gebundener jährlicher Sollzinssatz %s $##$, zzgl. Bearbeitungsentgelt.<br  />Effekt. Jahreszins 9,9 $##$.<br  />Vermittlung erfolgt ausschließlich für die Commerz Finanz GmbH.',`cStandard` = 'Bei einer Laufzeit von %s Monaten.<br />Weitere Laufzeitbeispiele finden Sie <a href=''#'' onclick=''return false;'' id=''f%s'' class=''popup''>hier</a>. Gebundener jährlicher Sollzinssatz %s $##$, zzgl. Bearbeitungsentgelt.<br  />Effekt. Jahreszins 9,9 $##$.<br  />Vermittlung erfolgt ausschließlich für die Commerz Finanz GmbH.' WHERE `tsprachwerte`.`kSprachISO` =1 AND `tsprachwerte`.`kSprachsektion` =1 AND CONVERT( `tsprachwerte`.`cName` USING utf8 ) = 'fundingAdviceHtml' LIMIT 1 ;
UPDATE `tsprachwerte` SET `cWert` = 'Bei einer Laufzeit von %s Monaten.<br />Weitere Laufzeitbeispiele finden Sie hier. Gebundener jährlicher Sollzinssatz %s $##$, zzgl. Bearbeitungsentgelt.<br  />Effekt. Jahreszins 9,9 $##$.<br />Vermittlung erfolgt ausschließlich für die Commerz Finanz GmbH.',`cStandard` = 'Bei einer Laufzeit von %s Monaten.<br />Weitere Laufzeitbeispiele finden Sie hier. Gebundener jährlicher Sollzinssatz %s $##$, zzgl. Bearbeitungsentgelt.<br  />Effekt. Jahreszins 9,9 $##$.<br />Vermittlung erfolgt ausschließlich für die Commerz Finanz GmbH.' WHERE `tsprachwerte`.`kSprachISO` =1 AND `tsprachwerte`.`kSprachsektion` =1 AND CONVERT( `tsprachwerte`.`cName` USING utf8 ) = 'fundingAdvice' LIMIT 1 ;
UPDATE `tzahlungsart` SET `nWaehrendBestellung` = 1 WHERE `cModulId` = 'za_billpay_jtl';
UPDATE `teinstellungen` SET `cWert` = 0 WHERE `cName` = 'zahlungsart_billpay_delayindays' AND `cWert` = 20;
INSERT INTO `tsprachwerte` (`kSprachISO` ,`kSprachsektion` ,`cName` ,`cWert` ,`cStandard` ,`bSystem` ) VALUES ('1', '5', 'saferpayDesc', 'Mit einem Klick auf diesen Button werden Sie zu Saferpay geleitet und können dort Ihre Bestellung bezahlen.', 'Mit einem Klick auf diesen Button werden Sie zu Saferpay geleitet und können dort Ihre Bestellung bezahlen.', '1'), ('2', '5', 'saferpayDesc', 'You may pay your order now by clicking the following button.', 'You may pay your order now by clicking the following button.', '1');