CREATE TABLE `tartikelkonfiggruppe` (  `kArtikel` int(10) unsigned NOT NULL,  `kKonfiggruppe` int(10) unsigned NOT NULL,  `nSort` int(10) unsigned NOT NULL,  UNIQUE KEY `kArtikel` (`kArtikel`,`kKonfiggruppe`)) ENGINE=MyISAM DEFAULT CHARSET=latin1;
CREATE TABLE `tkonfiggruppe` (  `kKonfiggruppe` int(10) unsigned NOT NULL AUTO_INCREMENT,  `cBildPfad` varchar(255) NOT NULL,  `nMin` int(10) NOT NULL DEFAULT '0',  `nMax` int(10) NOT NULL DEFAULT '0',  `nTyp` int(10) NOT NULL DEFAULT '0',  `nSort` int(10) unsigned NOT NULL,  `cKommentar` varchar(255) NOT NULL,  PRIMARY KEY (`kKonfiggruppe`)) ENGINE=MyISAM  DEFAULT CHARSET=latin1;
CREATE TABLE `tkonfiggruppesprache` (  `kKonfiggruppe` int(10) unsigned NOT NULL,  `kSprache` int(10) unsigned NOT NULL,  `cName` varchar(255) NOT NULL,  `cBeschreibung` text NOT NULL,  UNIQUE KEY `kKonfigGruppe` (`kKonfiggruppe`,`kSprache`)) ENGINE=MyISAM DEFAULT CHARSET=latin1;
CREATE TABLE `tkonfigitem` (  `kKonfigitem` int(10) unsigned NOT NULL AUTO_INCREMENT,  `kKonfiggruppe` int(10) unsigned NOT NULL,  `kArtikel` int(10) unsigned NOT NULL DEFAULT '0',  `nPosTyp` int(10) NOT NULL DEFAULT '0',  `bSelektiert` tinyint(1) NOT NULL DEFAULT '0',  `bEmpfohlen` tinyint(1) NOT NULL DEFAULT '0',  `bName` tinyint(1) NOT NULL DEFAULT '0' COMMENT 'Name vom Artikel beziehen',  `bPreis` tinyint(1) NOT NULL DEFAULT '0' COMMENT 'Preis vom Artikel beziehen',  `bRabatt` tinyint(1) NOT NULL COMMENT 'Rabatt anzeigen',  `bZuschlag` tinyint(1) NOT NULL COMMENT 'Zuschlag anzeigen',  `fMin` float unsigned NOT NULL COMMENT 'Min. Anzahl',  `fMax` float unsigned NOT NULL COMMENT 'Max. Anzahl',  `fInitial` float unsigned NOT NULL COMMENT 'Initialer Anzeigewert',  `nSort` int(10) unsigned NOT NULL,  PRIMARY KEY (`kKonfigitem`)) ENGINE=MyISAM  DEFAULT CHARSET=latin1;
CREATE TABLE `tkonfigitempreis` (  `kKonfigitem` int(10) unsigned NOT NULL,  `kKundengruppe` int(10) unsigned NOT NULL,  `kSteuerklasse` int(10) unsigned NOT NULL,  `fPreis` double NOT NULL,  `nTyp` tinyint(1) NOT NULL DEFAULT '0',  UNIQUE KEY `kKonfigGruppeItem` (`kKonfigitem`,`kKundengruppe`)) ENGINE=MyISAM DEFAULT CHARSET=latin1;
CREATE TABLE `tkonfigitemsprache` (  `kKonfigitem` int(10) unsigned NOT NULL,  `kSprache` int(10) unsigned NOT NULL,  `cName` varchar(255) NOT NULL,  `cBeschreibung` varchar(255) NOT NULL,  UNIQUE KEY `tKonfigGruppeItem` (`kKonfigitem`,`kSprache`)) ENGINE=MyISAM DEFAULT CHARSET=latin1;
ALTER TABLE `twarenkorbpos` ADD  `kVaterPos` INT( 10 ) UNSIGNED NOT NULL DEFAULT  '0' AFTER  `kVersandklasse`;
ALTER TABLE `tpluginzahlungsartklasse` ADD  `cZusatzschrittTemplate` VARCHAR( 255 ) NOT NULL;
ALTER TABLE `ttemplate` ADD  `eTyp` ENUM(  'standard',  'mobil' ) NOT NULL AFTER  `cTemplate`;
ALTER TABLE `tkupon` CHANGE `kKundengruppe` `kKundengruppe` INT( 10 ) NOT NULL DEFAULT '0';
INSERT INTO `teinstellungenconf` (`kEinstellungenConf` ,`kEinstellungenSektion` ,`cName` ,`cBeschreibung` ,`cWertName` ,`cInputTyp` ,`cModulId` ,`nSort` ,`nStandardAnzeigen` ,`nModul` ,`cConf`) VALUES ('1487', '112', 'Maximale Zeichenanzahl beim Meta-Title', 'Wieviele Zeichen darf der Meta-Title maximal lang sein?', 'global_meta_maxlaenge_title', 'zahl', NULL , '70', '1', '0', 'Y'), ('1488', '112', 'Maximale Zeichenanzahl beim Meta-Description', 'Wieviele Zeichen darf der Meta-Description maximal lang sein?', 'global_meta_maxlaenge_description', 'zahl', NULL , '80', '1', '0', 'Y');
INSERT INTO `tsprachwerte` (`kSprachISO`, `kSprachsektion`, `cName`, `cWert`, `cStandard`, `bSystem`) VALUES (1, 1, 'switchToMobileTemplate', 'Möchten Sie diese Seite in einer optimierten Version für mobile Endgeräte aufrufen?', 'Möchten Sie diese Seite in einer optimierten Version für mobile Endgeräte aufrufen?', 1), (2, 1, 'switchToMobileTemplate', 'Would you like to switch to an optimized mobile device version?', 'Would you like to switch to an optimized mobile device version?', 1);
DROP TABLE  `tsqlversion`;
INSERT INTO `teinstellungenconfwerte` (`kEinstellungenConf` ,`cName` ,`cWert` ,`nSort`) VALUES ('187', 'Ja, aber ausblenden bei nicht lagernden Artikeln', 'L', '4');
INSERT INTO `teinstellungenconf` (`kEinstellungenConf`, `kEinstellungenSektion`, `cName`, `cBeschreibung`, `cWertName`, `cInputTyp`, `cModulId`, `nSort`, `nStandardAnzeigen`, `nModul`, `cConf`) VALUES (1489, 1, 'Lagerbestandsampel (Ohne Lager)', 'Standardampel wenn Artikel ohne Lagerbestand arbeitet', 'artikel_lagerampel_keinlager', 'selectbox', NULL, 500, 1, 0, 'Y');
INSERT INTO `teinstellungenconfwerte` (`kEinstellungenConf` ,`cName` ,`cWert` ,`nSort`)VALUES ('1489',  'Ampel grün',  '2',  '1'), ('1489',  'Ampel gelb',  '1',  '2'), ('1489',  'Ampel rot',  '0',  '3');
INSERT INTO `teinstellungen` (`kEinstellungenSektion`, `cName`, `cWert`, `cModulId`) VALUES (1, 'artikel_lagerampel_keinlager', '2', NULL);
INSERT INTO `teinstellungenconf` (`kEinstellungenConf`, `kEinstellungenSektion`, `cName`, `cBeschreibung`, `cWertName`, `cInputTyp`, `cModulId`, `nSort`, `nStandardAnzeigen`, `nModul`, `cConf`) VALUES (1490, 4, 'Suche verfeinern anzeigen ab', 'Anzahl der Artikel ab der erweiterte Suchfilter angezeigt werden', 'suchfilter_anzeigen_ab', 'zahl', '', 821, 1, 0, 'Y');
INSERT INTO `teinstellungen` (`kEinstellungenSektion`, `cName`, `cWert`, `cModulId`) VALUES (4, 'suchfilter_anzeigen_ab', '10', NULL);
UPDATE `tzahlungsart` SET nNutzbar = 0 WHERE cModulId = 'za_saferpay_jtl';
UPDATE teinstellungenconfwerte SET cWert = 'A' WHERE kEinstellungenConf = 187 AND cWert = 'L';
INSERT INTO `teinstellungenconfwerte` (`kEinstellungenConf` ,`cName` ,`cWert` ,`nSort`)VALUES ('187',  'Nur, wenn Lager gleich 0',  'L',  '1');
ALTER TABLE `texportformat` ADD `kPlugin` INT UNSIGNED NOT NULL AFTER `kKampagne`;
CREATE TABLE `ttrennzeichen` (`kTrennzeichen` INT UNSIGNED NOT NULL AUTO_INCREMENT PRIMARY KEY ,`kSprache` INT UNSIGNED NOT NULL ,`nEinheit` TINYINT UNSIGNED NOT NULL ,`nDezimalstellen` TINYINT UNSIGNED NOT NULL ,`cDezimalZeichen` VARCHAR( 255 ) NOT NULL ,`cTausenderZeichen` VARCHAR( 255 ) NOT NULL ,INDEX ( `kSprache` , `nEinheit` )) ENGINE = MYISAM ;
ALTER TABLE `ttrennzeichen` CHANGE `nDezimalstellen` `nDezimalstellen` TINYINT( 3 ) UNSIGNED NULL DEFAULT '0', CHANGE `cDezimalZeichen` `cDezimalZeichen` VARCHAR( 255 ) CHARACTER SET latin1 COLLATE latin1_swedish_ci NULL DEFAULT ',', CHANGE `cTausenderZeichen` `cTausenderZeichen` VARCHAR( 255 ) CHARACTER SET latin1 COLLATE latin1_swedish_ci NULL DEFAULT '.';
INSERT INTO `tadminmenu` (`kAdminmenu` ,`kAdminmenueGruppe` ,`cModulId` ,`cLinkname` ,`cURL` ,`cRecht` ,`nSort`) VALUES (NULL , '2', 'core_jtl', 'Zahlenformate', 'trennzeichen.php', 'SETTINGS_SEPARATOR_VIEW', '115');
INSERT INTO `tadminrecht` (`cRecht` ,`cBeschreibung` ,`kAdminrechtemodul`) VALUES ('SETTINGS_SEPARATOR_VIEW', 'Zahlenformate', '2');
ALTER TABLE `tversandartsprache` ADD `cHinweistext` TEXT NULL AFTER `cLieferdauer`;
ALTER TABLE `twarenkorbpos` DROP `kVaterPos`;
ALTER TABLE `twarenkorbpos` ADD `kVaterPos` INT( 10 ) UNSIGNED NOT NULL DEFAULT  '0';
ALTER TABLE `twarenkorbpos` ADD `kKonfigitem` INT( 10 ) UNSIGNED NOT NULL DEFAULT  '0';
CREATE TABLE `trma` (`kRMA` int(10) unsigned NOT NULL AUTO_INCREMENT, `kKunde` int(10) unsigned DEFAULT '0', `kRMAStatus` int(10) unsigned NOT NULL, `cRMANumber` varchar(255) DEFAULT NULL, `dErstellt` datetime NOT NULL, PRIMARY KEY (`kRMA`), KEY `kKunde` (`kKunde`)) ENGINE=MyISAM DEFAULT CHARSET=latin1 AUTO_INCREMENT=1 ;
CREATE TABLE `trmaartikel` (`kRMA` int(10) unsigned NOT NULL, `kBestellung` int(10) unsigned NOT NULL, `kArtikel` int(10) unsigned NOT NULL, `fAnzahl` float unsigned NOT NULL, `cGrund` varchar(255) NOT NULL, `cKommentar` text, PRIMARY KEY (`kRMA`,`kArtikel`)) ENGINE=MyISAM DEFAULT CHARSET=latin1;
CREATE TABLE `trmagrund` (`kRMAGrund` INT UNSIGNED NOT NULL AUTO_INCREMENT PRIMARY KEY , `kSprache` INT UNSIGNED NOT NULL, `nSort` TINYINT UNSIGNED NULL DEFAULT '0' , `cGrund` VARCHAR( 255 ) CHARACTER SET latin1 COLLATE latin1_swedish_ci NOT NULL , `cKommentar` VARCHAR( 255 ) CHARACTER SET latin1 COLLATE latin1_swedish_ci NOT NULL , `nAktiv` TINYINT UNSIGNED NOT NULL , INDEX ( `kSprache` , `nAktiv` )) ENGINE = MYISAM ;
CREATE TABLE `trmastatus` (`kRMAStatus` INT UNSIGNED NOT NULL AUTO_INCREMENT PRIMARY KEY , `kSprache` INT UNSIGNED NOT NULL , `cStatus` VARCHAR( 255 ) CHARACTER SET latin1 COLLATE latin1_swedish_ci NOT NULL , `eFunktion` ENUM('start','keine','ende') NOT NULL , `nAktiv` TINYINT UNSIGNED NOT NULL , INDEX ( `kSprache` , `nAktiv` )) ENGINE = MYISAM ;
INSERT INTO `tspezialseite` ( `kSpezialseite` , `kPlugin` , `cName` , `cDateiname` , `nLinkart` , `nSort` ) VALUES (NULL , '0', 'Warenrücksendung', 'rma.php', '28', '28');
INSERT INTO `tboxenanzeige` (`nSeite` , `ePosition` , `bAnzeigen`) VALUES ('34', 'left', '1');
INSERT INTO `tsprachwerte` (`kSprachISO`, `kSprachsektion`, `cName`, `cWert`, `cStandard`, `bSystem`) VALUES ('1', '27', 'rma', 'Warenrücksendung', 'Warenrücksendung', '1'), ('2', '27', 'rma', 'Return Material Authorization', 'Return Material Authorization', '1');
INSERT INTO `tsprachsektion` (`kSprachsektion`, `cName`) VALUES ('30', 'rma');
INSERT INTO `tsprachwerte` (`kSprachISO`, `kSprachsektion`, `cName`, `cWert`, `cStandard`, `bSystem`) VALUES ('1', '30', 'rma_artikelwahl', 'Zur Artikelauswahl', 'Zur Artikelauswahl', '1'), ('2', '30', 'rma_artikelwahl', 'To articles', 'To articles', '1');
INSERT INTO `tsprachwerte` (`kSprachISO`, `kSprachsektion`, `cName`, `cWert`, `cStandard`, `bSystem`) VALUES ('1', '30', 'rma', 'Warenrücksendung', 'Warenrücksendung', '1'), ('2', '30', 'rma', 'Return Material Authorization', 'Return Material Authorization', '1');
INSERT INTO `tsprachwerte` (`kSprachISO`, `kSprachsektion`, `cName`, `cWert`, `cStandard`, `bSystem`) VALUES ('1', '30', 'rma_auswahl', 'Auswahl', 'Auswahl', '1'), ('2', '30', 'rma_auswahl', 'Selection', 'Selection', '1');
INSERT INTO `tsprachwerte` (`kSprachISO`, `kSprachsektion`, `cName`, `cWert`, `cStandard`, `bSystem`) VALUES ('1', '30', 'rma_go', 'Go', 'Go', '1'), ('2', '30', 'rma_go', 'Go', 'Go', '1');
INSERT INTO `tsprachwerte` (`kSprachISO`, `kSprachsektion`, `cName`, `cWert`, `cStandard`, `bSystem`) VALUES ('1', '30', 'rma_gekennzeichnet', 'Bereits als Warenrücksendung gekennzeichnet', 'Bereits als Warenrücksendung gekennzeichnet', '1'), ('2', '30', 'rma_gekennzeichnet', 'Designated as a return of goods', 'Designated as a return of goods', '1');
INSERT INTO `tsprachwerte` (`kSprachISO`, `kSprachsektion`, `cName`, `cWert`, `cStandard`, `bSystem`) VALUES ('1', '30', 'rma_ruecksenden', 'Warenrücksendung abschicken', 'Warenrücksendung abschicken', '1'), ('2', '30', 'rma_ruecksenden', 'Return Merchandise Authorization submit', 'Return Merchandise Authorization submit', '1');
INSERT INTO `tsprachwerte` (`kSprachISO`, `kSprachsektion`, `cName`, `cWert`, `cStandard`, `bSystem`) VALUES ('1', '30', 'rma_back', 'Zurück', 'Zurück', '1'), ('2', '30', 'rma_back', 'Back', 'Back', '1');
INSERT INTO `tsprachwerte` (`kSprachISO`, `kSprachsektion`, `cName`, `cWert`, `cStandard`, `bSystem`) VALUES ('1', '30', 'rma_reason', 'Grund der Rücksendung', 'Grund der Rücksendung', '1'), ('2', '30', 'rma_reason', 'Reason for return', 'Reason for return', '1');
INSERT INTO `tsprachwerte` (`kSprachISO`, `kSprachsektion`, `cName`, `cWert`, `cStandard`, `bSystem`) VALUES ('1', '30', 'rma_comment_choose', '- Bitte wählen Sie einen Grund -', '- Bitte wählen Sie einen Grund -', '1'), ('2', '30', 'rma_comment_choose', '- Please select a reason -', ' - Please select a reason -', '1');
INSERT INTO `tsprachwerte` (`kSprachISO`, `kSprachsektion`, `cName`, `cWert`, `cStandard`, `bSystem`) VALUES ('1', '30', 'rma_quantity', 'Anzahl', 'Anzahl', '1'), ('2', '30', 'rma_quantity', 'Quantity', 'Quantity', '1');
INSERT INTO `tsprachwerte` (`kSprachISO`, `kSprachsektion`, `cName`, `cWert`, `cStandard`, `bSystem`) VALUES ('1', '30', 'rma_required', 'Pflichtfelder', 'Pflichtfelder', '1'), ('2', '30', 'rma_required', 'Required', 'Required', '1');
INSERT INTO `tsprachwerte` (`kSprachISO`, `kSprachsektion`, `cName`, `cWert`, `cStandard`, `bSystem`) VALUES ('1', '30', 'rma_error', 'Fehler', 'Fehler', '1'), ('2', '30', 'rma_error', 'Error', 'Error', '1');
INSERT INTO `tsprachwerte` (`kSprachISO`, `kSprachsektion`, `cName`, `cWert`, `cStandard`, `bSystem`) VALUES ('1', '30', 'rma_error_required', 'Bitte füllen Sie alle Pflichtfelder aus', 'Bitte füllen Sie alle Pflichtfelder aus', '1'), ('2', '30', 'rma_error_required', 'Please fill out all required fields', 'Please fill out all required fields', '1');
INSERT INTO `tsprachwerte` (`kSprachISO`, `kSprachsektion`, `cName`, `cWert`, `cStandard`, `bSystem`) VALUES ('1', '30', 'rma_error_validquantity', 'Vergewissern Sie sich, dass Sie eine Anzahl angegeben haben und diese nicht die bestellte Menge überschreitet', 'Vergewissern Sie sich, dass Sie eine Anzahl angegeben haben und diese nicht die bestellte Menge überschreitet', '1'), ('2', '30', 'rma_error_validquantity', 'Make sure that you have specified a number and it does not exceed the quantity ordered', 'Make sure that you have specified a number and it does not exceed the quantity ordered', '1');
INSERT INTO `tsprachwerte` (`kSprachISO`, `kSprachsektion`, `cName`, `cWert`, `cStandard`, `bSystem`) VALUES ('1', '30', 'rma_error_alreadysend', 'Sie haben bereits zu einigen ausgewählten Artikeln eine RMA abgesendet', 'Sie haben bereits zu einigen ausgewählten Artikeln eine RMA abgesendet', '1'), ('2', '30', 'rma_error_alreadysend', 'They have been sent to some selected items for an RMA', 'They have been sent to some selected items for an RMA', '1');
INSERT INTO `tsprachwerte` (`kSprachISO`, `kSprachsektion`, `cName`, `cWert`, `cStandard`, `bSystem`) VALUES ('1', '30', 'rma_info_success', 'Warenrücksendung mit Nummer %s wurde erfolgreich gespeichert', 'Warenrücksendung mit Nummer %s wurde erfolgreich gespeichert', '1'), ('2', '30', 'rma_info_success', 'Product returning with number %s has been successfully saved', 'Product returning with number %s has been successfully saved', '1');
INSERT INTO `tsprachwerte` (`kSprachISO`, `kSprachsektion`, `cName`, `cWert`, `cStandard`, `bSystem`) VALUES ('1', '30', 'rma_error_noarticle', 'Bitte markieren Sie mindestens einen Artikel', 'Bitte markieren Sie mindestens einen Artikel', '1'), ('2', '30', 'rma_error_noarticle', 'Please select at least one article', 'Please select at least one article', '1');
INSERT INTO `tsprachwerte` (`kSprachISO`, `kSprachsektion`, `cName`, `cWert`, `cStandard`, `bSystem`) VALUES ('1', '1', 'rma', 'Warenrücksendung', 'Warenrücksendung', '1'), ('2', '1', 'rma', 'Return Material Authorization', 'Return Material Authorization', '1');
INSERT INTO `tsprachwerte` (`kSprachISO`, `kSprachsektion`, `cName`, `cWert`, `cStandard`, `bSystem`) VALUES ('1', '30', 'rma_number', 'RMA Nummer', 'RMA Nummer', '1'), ('2', '30', 'rma_number', 'RMA number', 'RMA number', '1');
INSERT INTO `tsprachwerte` (`kSprachISO`, `kSprachsektion`, `cName`, `cWert`, `cStandard`, `bSystem`) VALUES ('1', '30', 'rma_status', 'Status', 'Status', '1'), ('2', '30', 'rma_status', 'Status', 'Status', '1');
INSERT INTO `tsprachwerte` (`kSprachISO`, `kSprachsektion`, `cName`, `cWert`, `cStandard`, `bSystem`) VALUES ('1', '30', 'rma_products', 'Artikel', 'Artikel', '1'), ('2', '30', 'rma_products', 'Products', 'Products', '1');
INSERT INTO `tsprachwerte` (`kSprachISO`, `kSprachsektion`, `cName`, `cWert`, `cStandard`, `bSystem`) VALUES ('1', '30', 'rma_created', 'Erstellt', 'Erstellt', '1'), ('2', '30', 'rma_created', 'Sent', 'Sent', '1');
INSERT INTO `tadminmenu` (`kAdminmenu`, `kAdminmenueGruppe`, `cModulId`, `cLinkname`, `cURL`, `cRecht`, `nSort`) VALUES (NULL, '8', 'core_jtl', 'Warenrücksendung', 'rma.php', 'RMA_VIEW', '3');
INSERT INTO `tadminrecht` (`cRecht`, `cBeschreibung`, `kAdminrechtemodul`) VALUES ('RMA_VIEW', 'Warenrücksendung', '8');
INSERT INTO `teinstellungenconf` (`kEinstellungenConf` ,`kEinstellungenSektion` ,`cName` ,`cBeschreibung` ,`cWertName` ,`cInputTyp` ,`cModulId` ,`nSort` ,`nStandardAnzeigen` ,`nModul` ,`cConf`) VALUES ('1492',  '122',  'RMA Nummber Generierung',  'Wie soll die RMA Nummer generiert werden?',  'rma_number_gen',  'selectbox', NULL ,  '20',  '1',  '0',  'Y'), ('1491',  '122',  'Warenrücksendung',  '', NULL , NULL , NULL ,  '10',  '1',  '0',  'N');
INSERT INTO `teinstellungenconfwerte` (`kEinstellungenConf`, `cName`, `cWert`, `nSort`) VALUES ('1492', 'Fortlaufende Nummer', 'F', '1'), ('1492', 'Kundennummer - Datum - Fortlaufende Nummer', 'K', '2'), ('1492', 'Bestellnummer - Fortlaufende Nummer', 'B', '3');
INSERT INTO `teinstellungenconf` (`kEinstellungenConf`, `kEinstellungenSektion`, `cName`, `cBeschreibung`, `cWertName`, `cInputTyp`, `cModulId`, `nSort`, `nStandardAnzeigen`, `nModul`, `cConf`) VALUES ('1493', '122', 'Erhöhung der fortlaufenden Nummer um', 'Um welchen Zahlenwert soll die fortlaufende Nummer bei jeder Warenrücksendung erhöht werden', 'rma_number_incr', 'zahl', NULL, '30', '1', '0', 'Y'), ('1494', '122', 'Anfangswert der fortlaufenden Nummer', 'Welchen Startwert soll die fortlaufende Nummer erhalten', 'rma_number_startvalue', 'zahl', NULL, '40', '1', '0', 'Y');
INSERT INTO `teinstellungenconf` (`kEinstellungenConf`, `kEinstellungenSektion`, `cName`, `cBeschreibung`, `cWertName`, `cInputTyp`, `cModulId`, `nSort`, `nStandardAnzeigen`, `nModul`, `cConf`) VALUES ('1495', '6', 'Sicherheitscode abfragen', 'Soll ein Sicherheitscode abgefragt werden, damit das Formular akzeptiert und abgesendet wird?', 'registrieren_captcha', 'selectbox', NULL, '225', '1', '0', 'Y');
INSERT INTO `teinstellungenconfwerte` (`kEinstellungenConf`, `cName`, `cWert`, `nSort`) VALUES ('1495', 'Nein', 'N', '1'), ('1495', 'Ja, Sicherheitsstufe 1', '1', '2'), ('1495', 'Ja, Sicherheitsstufe 2', '2', '3'), ('1495', 'Ja, Sicherheitsstufe 3', '3', '4'), ('1495', 'Ja, Rechenaufgabe', '4', '5');
INSERT INTO `teinstellungen` (`kEinstellungenSektion`, `cName`, `cWert`, `cModulId`) VALUES (6, 'registrieren_captcha', 'N', NULL);
INSERT INTO `teinstellungenconf` (`kEinstellungenConf`, `kEinstellungenSektion`, `cName`, `cBeschreibung`, `cWertName`, `cInputTyp`, `cModulId`, `nSort`, `nStandardAnzeigen`, `nModul`, `cConf`) VALUES ('1496', '122', 'Empfänger Emailadresse', 'Welche Emailadresse soll bei einer Warenrücksendungen informiert werden?', 'rma_receiver_email', 'text', NULL, '50', '1', '0', 'Y'), ('1497', '122', 'Empfänger Name', 'Wie soll der Empfängername lauten?', 'rma_receiver_name', 'text', NULL, '60', '1', '0', 'Y'), ('1498', '122', 'Empfänger Name Zusatz', 'Wie soll der Empfänger Zusatzname lauten?', 'rma_receiver_name_extra', 'text', NULL, '70', '1', '0', 'Y'), ('1499', '122', 'Empfänger Strasse + Hausnummer', 'Wie soll die Empfänger Strasse lauten?', 'rma_receiver_street', 'text', NULL, '80', '1', '0', 'Y'), ('1500', '122', 'Empfänger Ort', 'Wie soll der Empfänger Ort lauten?', 'rma_receiver_town', 'text', NULL, '90', '1', '0', 'Y');
INSERT INTO `teinstellungenconf` (`kEinstellungenConf`, `kEinstellungenSektion`, `cName`, `cBeschreibung`, `cWertName`, `cInputTyp`, `cModulId`, `nSort`, `nStandardAnzeigen`, `nModul`, `cConf`) VALUES ('1501', '122', 'Empfängeranschrift für die Warenrücksendung', '', 'rma_receiver_head', '', NULL, '45', '1', '0', 'N');
INSERT INTO `tsprachwerte` (`kSprachISO`, `kSprachsektion`, `cName`, `cWert`, `cStandard`, `bSystem`) VALUES ('1', '30', 'rma_print', 'Drucken', 'Drucken', '1'), ('2', '30', 'rma_print', 'Print', 'Print', '1');
UPDATE `teinstellungenconf` SET `cBeschreibung` = 'Wieviele News sollen pro Seite im Content angezeigt werden? 0 = keine.' WHERE `kEinstellungenConf` =571;
ALTER TABLE  `tartikel` ADD  `cTaric` VARCHAR( 255 ) NULL AFTER  `cGefahrnr` , ADD  `cUPC` VARCHAR( 255 ) NULL AFTER  `cTaric` , ADD  `cHerkunftsland` VARCHAR( 255 ) NULL AFTER  `cUPC` , ADD  `cEPID` VARCHAR( 255 ) NULL AFTER  `cHerkunftsland`;
UPDATE `tsprachwerte` SET `cWert` = 'Bei einer Laufzeit von %s Monaten.<br />Weitere Laufzeitbeispiele finden Sie hier. Gebundener jährlicher Sollzinssatz %s $##$, zzgl. Bearbeitungsentgelt. Gesamtbetrag %s.<br  />Effekt. Jahreszins 9,9 $##$.<br />Vermittlung erfolgt ausschließlich für die Commerz Finanz GmbH. Diese Angaben stellen zugleich das repräsentative Beispiel im Sinne des § 6a PangV dar.',`cStandard` =  'Bei einer Laufzeit von %s Monaten.<br />Weitere Laufzeitbeispiele finden Sie hier. Gebundener jährlicher Sollzinssatz %s $##$, zzgl. Bearbeitungsentgelt. Gesamtbetrag %s.<br  />Effekt. Jahreszins 9,9 $##$.<br />Vermittlung erfolgt ausschließlich für die Commerz Finanz GmbH. Diese Angaben stellen zugleich das repräsentative Beispiel im Sinne des § 6a PangV dar.' WHERE  `tsprachwerte`.`kSprachISO` =1 AND  `tsprachwerte`.`kSprachsektion` =1 AND  `tsprachwerte`.`cName` =  'fundingAdvice';
UPDATE `tsprachwerte` SET `cWert` = 'At a term of %s months.<br />Other examples can be found here. Bound annual borrowing rate %s $##$, plus handling fee. Total %s.<br  />Effect. APR 9,9 $##$.<br />Agencies are only for the Commerz Financial Inc. These figures are also the representative example in the sense of § 6a PAngV',`cStandard` =  'At a term of %s months.<br />Other examples can be found here. Bound annual borrowing rate %s $##$, plus handling fee. Total %s.<br  />Effect. APR 9,9 $##$.<br />Agencies are only for the Commerz Financial Inc. These figures are also the representative example in the sense of § 6a PAngV' WHERE  `tsprachwerte`.`kSprachISO` =2 AND  `tsprachwerte`.`kSprachsektion` =1 AND  `tsprachwerte`.`cName` =  'fundingAdvice';
UPDATE `tsprachwerte` SET `cWert` = 'At a term of %s months.<br />Other examples can be found <a href=''#'' onclick=''return false;'' id=''f%s'' class=''popup''>here</a>. Bound annual borrowing rate %s $##$, plus handling fee. Total %s.<br  />Effect. APR 9,9 $##$.<br />Agencies are only for the Commerz Financial Inc. These figures are also the representative example in the sense of § 6a PAngV',`cStandard` =  'At a term of %s months.<br />Other examples can be found <a href=''#'' onclick=''return false;'' id=''f%s'' class=''popup''>here</a>. Bound annual borrowing rate %s $##$, plus handling fee. Total %s.<br  />Effect. APR 9,9 $##$.<br />Agencies are only for the Commerz Financial Inc. These figures are also the representative example in the sense of § 6a PAngV' WHERE  `tsprachwerte`.`kSprachISO` =2 AND  `tsprachwerte`.`kSprachsektion` =1 AND  `tsprachwerte`.`cName` =  'fundingAdviceHtml';
UPDATE `tsprachwerte` SET `cWert` = 'Bei einer Laufzeit von %s Monaten.<br />Weitere Laufzeitbeispiele finden Sie <a href=''#'' onclick=''return false;'' id=''f%s'' class=''popup''>hier</a>. Gebundener jährlicher Sollzinssatz %s $##$, zzgl. Bearbeitungsentgelt. Gesamtbetrag %s.<br  />Effekt. Jahreszins 9,9 $##$.<br  />Vermittlung erfolgt ausschließlich für die Commerz Finanz GmbH. Diese Angaben stellen zugleich das repräsentative Beispiel im Sinne des § 6a PangV dar.', `cStandard` = 'Bei einer Laufzeit von %s Monaten.<br />Weitere Laufzeitbeispiele finden Sie <a href=''#'' onclick=''return false;'' id=''f%s'' class=''popup''>hier</a>. Gebundener jährlicher Sollzinssatz %s $##$, zzgl. Bearbeitungsentgelt. Gesamtbetrag %s.<br  />Effekt. Jahreszins 9,9 $##$.<br  />Vermittlung erfolgt ausschließlich für die Commerz Finanz GmbH. Diese Angaben stellen zugleich das repräsentative Beispiel im Sinne des § 6a PangV dar.' WHERE `tsprachwerte`.`kSprachISO` = 1 AND `tsprachwerte`.`kSprachsektion` = 1 AND `tsprachwerte`.`cName` = 'fundingAdviceHtml';
ALTER TABLE `twarenkorbpos` CHANGE `kVaterPos` `cUnique` VARCHAR( 10 ) NULL;
INSERT INTO `temailvorlage` (`kEmailvorlage`, `cName`, `cBeschreibung`, `cMailTyp`, `cModulId`, `cDateiname`, `cAktiv`, `nAKZ`, `nAGB`, `nWRB`, `nFehlerhaft`) VALUES (25, 'Warenrücksendung abegeschickt', '', 'text/html', 'core_jtl_rma_submitted', 'rma', 'Y', 0, 0, 0, 0);
INSERT INTO `temailvorlageoriginal` (`kEmailvorlage`, `cName`, `cBeschreibung`, `cMailTyp`, `cModulId`, `cDateiname`, `cAktiv`, `nAKZ`, `nAGB`, `nWRB`, `nFehlerhaft`) VALUES (25, 'Warenrücksendung abegeschickt', '', 'text/html', 'core_jtl_rma_submitted', 'rma', 'Y', 0, 0, 0, 1);
INSERT INTO `temailvorlagesprache` (`kEmailvorlage`, `kSprache`, `cBetreff`, `cContentHtml`, `cContentText`, `cPDFS`, `cDateiname`) VALUES (25, 1, 'Ihre Warenrücksendung bei #firma.name#', 'Sehr {if $Kunde->cAnrede=="w"}geehrte{else}geehrter{/if} {$Kunde->cAnredeLocalized} {$Kunde->cNachname},<br><br>\r\n\r\nvielen Dank für Ihre Warenrücksendung bei {$Einstellungen.global.global_shopname}. <br><br>\r\n\r\nIhre Warenrücksendung mit der RMA Nummer {$oRMA->cRMANumber} umfasst folgende Positionen: <br><br>\r\n\r\n{if isset($oRMA->oRMAArtikel_arr) && $oRMA->oRMAArtikel_arr|@count > 0}\r\n	{foreach name=artikel from=$oRMA->oRMAArtikel_arr item=oRMAArtikel}\r\n		<table width="600" border="0" cellspacing="0" cellpadding="0" style="padding-top:11px;border-color:#929292;border-width:1px; border-style:dotted;border-top-width:0px;border-right-width:0px;border-left-width:0px;">\r\n            <tr>\r\n                 <td valign="top" style="padding-bottom:5px;">\r\n                      <strong>Artikel</strong>\r\n                 </td>\r\n                 <td width="50" style="padding-left:2px;" valign="top">\r\n                	<strong>Anzahl</strong>\r\n                </td>\r\n            </tr>\r\n            <tr>\r\n                <td valign="top" style="padding-bottom:5px;">\r\n                	<span class="bluenormal">{$oRMAArtikel->cArtikelName}</span>\r\n                </td>\r\n                \r\n                <td width="50" style="padding-left:2px;" valign="top">\r\n                	<span class="standard">{$oRMAArtikel->fAnzahl}</span>\r\n                </td>\r\n        	</tr>\r\n        </table>\r\n    {/foreach}\r\n{/if}\r\n\r\n<br><br>\r\n\r\nSobald Ihre Rücksendung eintrifft, werden wir eine Erstattung über den Warenwert veranlassen. Dieser Betrag wird auf das bei Ihrer Bestellung genutzte Bankkonto  zurückgebucht. Die Erstattung kann einige Tage dauern. Wir bitten um Ihr Verständnis.<br><br>\r\n\r\nSollten Sie noch weitere Fragen haben, zögern Sie nicht, uns zu schreiben.\r\n', 'Sehr {if $Kunde->cAnrede=="w"}geehrte{else}geehrter{/if} {$Kunde->cAnredeLocalized} {$Kunde->cNachname},\r\n\r\nvielen Dank für Ihre Warenrücksendung bei {$Einstellungen.global.global_shopname}. \r\n\r\nIhre Warenrücksendung mit der RMA Nummer {$oRMA->cRMANumber} umfasst folgende Positionen:\r\n\r\n{if isset($oRMA->oRMAArtikel_arr) && $oRMA->oRMAArtikel_arr|@count > 0}\r\n	{foreach name=artikel from=$oRMA->oRMAArtikel_arr item=oRMAArtikel}\r\n	      Artikel: {$oRMAArtikel->cArtikelName}  \r\n              Anzahl: {$oRMAArtikel->fAnzahl}\r\n\r\n    {/foreach}\r\n{/if}\r\n\r\nSobald Ihre Rücksendung eintrifft, werden wir eine Erstattung über den Warenwert veranlassen. Dieser Betrag wird auf das bei Ihrer Bestellung genutzte Bankkonto  zurückgebucht. Die Erstattung kann einige Tage dauern. Wir bitten um Ihr Verständnis.\r\n\r\nSollten Sie noch weitere Fragen haben, zögern Sie nicht, uns zu schreiben.', '', ''), (25, 2, 'Your return merchandise at #firma.name#', 'Dear {$Kunde->cVorname} {$Kunde->cNachname}, <br><br>\r\n\r\nThank you for your return merchandise at {$Einstellungen.global.global_shopname}. <br><br>\r\n\r\nYour return merchandise with the number {$oRMA->cRMANumber} includes the following positions:<br><br>\r\n\r\n{if isset($oRMA->oRMAArtikel_arr) && $oRMA->oRMAArtikel_arr|@count > 0}\r\n	{foreach name=artikel from=$oRMA->oRMAArtikel_arr item=oRMAArtikel}\r\n		<table width="600" border="0" cellspacing="0" cellpadding="0" style="padding-top:11px;border-color:#929292;border-width:1px; border-style:dotted;border-top-width:0px;border-right-width:0px;border-left-width:0px;">\r\n            <tr>\r\n                 <td valign="top" style="padding-bottom:5px;">\r\n                      <strong>Product</strong>\r\n                 </td>\r\n                 <td width="50" style="padding-left:2px;" valign="top">\r\n                	<strong>Quantity</strong>\r\n                </td>\r\n            </tr>\r\n            <tr>\r\n                <td valign="top" style="padding-bottom:5px;">\r\n                	<span class="bluenormal">{$oRMAArtikel->cArtikelName}</span>\r\n                </td>\r\n                \r\n                <td width="50" style="padding-left:2px;" valign="top">\r\n                	<span class="standard">{$oRMAArtikel->fAnzahl}</span>\r\n                </td>\r\n        	</tr>\r\n        </table>\r\n    {/foreach}\r\n{/if}\r\n\r\n<br /><br />\r\n\r\nOnce your return is received, we will arrange a refund on the goods value. This amount will be reimbursed to the bank account used for your order. The refund may take several days. We apologize for any inconvenience.<br /><br />\r\n\r\nIf you have further questions, please do not hesitate to contact us.', 'Dear {$Kunde->cVorname} {$Kunde->cNachname},\r\n\r\nThank you for your return merchandise at {$Einstellungen.global.global_shopname}.\r\n\r\nYour return merchandise with the number {$oRMA->cRMANumber} includes the following positions:\r\n\r\n{if isset($oRMA->oRMAArtikel_arr) && $oRMA->oRMAArtikel_arr|@count > 0}\r\n	{foreach name=artikel from=$oRMA->oRMAArtikel_arr item=oRMAArtikel}\r\n	      Product: {$oRMAArtikel->cArtikelName}  \r\n              Quantity: {$oRMAArtikel->fAnzahl}\r\n\r\n    {/foreach}\r\n{/if}\r\n\r\nOnce your return is received, we will arrange a refund on the goods value. This amount will be reimbursed to the bank account used for your order. The refund may take several days. We apologize for any inconvenience.\r\n\r\nIf you have further questions, please do not hesitate to contact us.', '', '');
INSERT INTO `temailvorlagespracheoriginal` (`kEmailvorlage`, `kSprache`, `cBetreff`, `cContentHtml`, `cContentText`, `cPDFS`, `cDateiname`) VALUES (25, 1, 'Ihre Warenrücksendung bei #firma.name#', 'Sehr {if $Kunde->cAnrede=="w"}geehrte{else}geehrter{/if} {$Kunde->cAnredeLocalized} {$Kunde->cNachname},<br><br>\r\n\r\nvielen Dank für Ihre Warenrücksendung bei {$Einstellungen.global.global_shopname}. <br><br>\r\n\r\nIhre Warenrücksendung mit der RMA Nummer {$oRMA->cRMANumber} umfasst folgende Positionen: <br><br>\r\n\r\n{if isset($oRMA->oRMAArtikel_arr) && $oRMA->oRMAArtikel_arr|@count > 0}\r\n	{foreach name=artikel from=$oRMA->oRMAArtikel_arr item=oRMAArtikel}\r\n		<table width="600" border="0" cellspacing="0" cellpadding="0" style="padding-top:11px;border-color:#929292;border-width:1px; border-style:dotted;border-top-width:0px;border-right-width:0px;border-left-width:0px;">\r\n            <tr>\r\n                 <td valign="top" style="padding-bottom:5px;">\r\n                      <strong>Artikel</strong>\r\n                 </td>\r\n                 <td width="50" style="padding-left:2px;" valign="top">\r\n                	<strong>Anzahl</strong>\r\n                </td>\r\n            </tr>\r\n            <tr>\r\n                <td valign="top" style="padding-bottom:5px;">\r\n                	<span class="bluenormal">{$oRMAArtikel->cArtikelName}</span>\r\n                </td>\r\n                \r\n                <td width="50" style="padding-left:2px;" valign="top">\r\n                	<span class="standard">{$oRMAArtikel->fAnzahl}</span>\r\n                </td>\r\n        	</tr>\r\n        </table>\r\n    {/foreach}\r\n{/if}\r\n\r\n<br><br>\r\n\r\nSobald Ihre Rücksendung eintrifft, werden wir eine Erstattung über den Warenwert veranlassen. Dieser Betrag wird auf das bei Ihrer Bestellung genutzte Bankkonto  zurückgebucht. Die Erstattung kann einige Tage dauern. Wir bitten um Ihr Verständnis.<br><br>\r\n\r\nSollten Sie noch weitere Fragen haben, zögern Sie nicht, uns zu schreiben.\r\n', 'Sehr {if $Kunde->cAnrede=="w"}geehrte{else}geehrter{/if} {$Kunde->cAnredeLocalized} {$Kunde->cNachname},\r\n\r\nvielen Dank für Ihre Warenrücksendung bei {$Einstellungen.global.global_shopname}. \r\n\r\nIhre Warenrücksendung mit der RMA Nummer {$oRMA->cRMANumber} umfasst folgende Positionen:\r\n\r\n{if isset($oRMA->oRMAArtikel_arr) && $oRMA->oRMAArtikel_arr|@count > 0}\r\n	{foreach name=artikel from=$oRMA->oRMAArtikel_arr item=oRMAArtikel}\r\n	      Artikel: {$oRMAArtikel->cArtikelName}  \r\n              Anzahl: {$oRMAArtikel->fAnzahl}\r\n\r\n    {/foreach}\r\n{/if}\r\n\r\nSobald Ihre Rücksendung eintrifft, werden wir eine Erstattung über den Warenwert veranlassen. Dieser Betrag wird auf das bei Ihrer Bestellung genutzte Bankkonto  zurückgebucht. Die Erstattung kann einige Tage dauern. Wir bitten um Ihr Verständnis.\r\n\r\nSollten Sie noch weitere Fragen haben, zögern Sie nicht, uns zu schreiben.', '', ''), (25, 2, 'Your return merchandise at #firma.name#', 'Dear {$Kunde->cVorname} {$Kunde->cNachname}, <br><br>\r\n\r\nThank you for your return merchandise at {$Einstellungen.global.global_shopname}. <br><br>\r\n\r\nYour return merchandise with the number {$oRMA->cRMANumber} includes the following positions:<br><br>\r\n\r\n{if isset($oRMA->oRMAArtikel_arr) && $oRMA->oRMAArtikel_arr|@count > 0}\r\n	{foreach name=artikel from=$oRMA->oRMAArtikel_arr item=oRMAArtikel}\r\n		<table width="600" border="0" cellspacing="0" cellpadding="0" style="padding-top:11px;border-color:#929292;border-width:1px; border-style:dotted;border-top-width:0px;border-right-width:0px;border-left-width:0px;">\r\n            <tr>\r\n                 <td valign="top" style="padding-bottom:5px;">\r\n                      <strong>Product</strong>\r\n                 </td>\r\n                 <td width="50" style="padding-left:2px;" valign="top">\r\n                	<strong>Quantity</strong>\r\n                </td>\r\n            </tr>\r\n            <tr>\r\n                <td valign="top" style="padding-bottom:5px;">\r\n                	<span class="bluenormal">{$oRMAArtikel->cArtikelName}</span>\r\n                </td>\r\n                \r\n                <td width="50" style="padding-left:2px;" valign="top">\r\n                	<span class="standard">{$oRMAArtikel->fAnzahl}</span>\r\n                </td>\r\n        	</tr>\r\n        </table>\r\n    {/foreach}\r\n{/if}\r\n\r\n<br /><br />\r\n\r\nOnce your return is received, we will arrange a refund on the goods value. This amount will be reimbursed to the bank account used for your order. The refund may take several days. We apologize for any inconvenience.<br /><br />\r\n\r\nIf you have further questions, please do not hesitate to contact us.', 'Dear {$Kunde->cVorname} {$Kunde->cNachname},\r\n\r\nThank you for your return merchandise at {$Einstellungen.global.global_shopname}.\r\n\r\nYour return merchandise with the number {$oRMA->cRMANumber} includes the following positions:\r\n\r\n{if isset($oRMA->oRMAArtikel_arr) && $oRMA->oRMAArtikel_arr|@count > 0}\r\n	{foreach name=artikel from=$oRMA->oRMAArtikel_arr item=oRMAArtikel}\r\n	      Product: {$oRMAArtikel->cArtikelName}  \r\n              Quantity: {$oRMAArtikel->fAnzahl}\r\n\r\n    {/foreach}\r\n{/if}\r\n\r\nOnce your return is received, we will arrange a refund on the goods value. This amount will be reimbursed to the bank account used for your order. The refund may take several days. We apologize for any inconvenience.\r\n\r\nIf you have further questions, please do not hesitate to contact us.', '', '');
INSERT INTO `tsprachwerte` (`kSprachISO`, `kSprachsektion`, `cName`, `cWert`, `cStandard`, `bSystem`) VALUES ('1', '30', 'rma_success_msg_1', 'Vielen Dank das Sie unsere Warenrücksendung nutzen.<br /><br />Im Folgenden finden Sie eine Übersicht über Ihre zur Rücksendung ausgewählten Artikel.', 'Vielen Dank das Sie unsere Warenrücksendung nutzen.<br /><br />Im Folgenden finden Sie eine Übersicht über Ihre zur Rücksendung ausgewählten Artikel.', '1'), ('2', '30', 'rma_success_msg_1', 'Thank you to use our Return Policy.<br /><br />Below is an overview of your selected items to return.', 'Thank you to use our Return Policy.<br /><br />Below is an overview of your selected items to return.', '1');
INSERT INTO `tsprachwerte` (`kSprachISO`, `kSprachsektion`, `cName`, `cWert`, `cStandard`, `bSystem`) VALUES ('1', '30', 'rma_success_msg_2', 'Bitte drucken Sie diese aus und legen Sie ihrem Rücksendepaket bei.<br /><br />Sobald wir Ihre Rücksendung verarbeitet haben, benachrichtigen wir Sie per E-Mail über die Erstattung (sofern zutreffend).<br /><br />Vielen Dank für Ihren Einkauf bei', 'Bitte drucken Sie diese aus und legen Sie ihrem Rücksendepaket bei.<br /><br />Sobald wir Ihre Rücksendung verarbeitet haben, benachrichtigen wir Sie per E-Mail über die Erstattung (sofern zutreffend).<br /><br />Vielen Dank für Ihren Einkauf bei', '1'), ('2', '30', 'rma_success_msg_2', 'Please print this and put her in return package.<br /><br />Once we have processed your return, we will notify you by e-mail about the refund (if applicable).<br /><br />Thank you for shopping with', 'Please print this and put her in return package.<br /><br />Once we have processed your return, we will notify you by e-mail about the refund (if applicable).<br /><br />Thank you for shopping with', '1');
INSERT INTO `teinstellungenconf` (`kEinstellungenConf`, `kEinstellungenSektion`, `cName`, `cBeschreibung`, `cWertName`, `cInputTyp`, `cModulId`, `nSort`, `nStandardAnzeigen`, `nModul`, `cConf`) VALUES ('1502', '3', 'Stornomails versenden', 'Soll bei einer Stornierung eine Mail verschickt werden?', 'email_stornomail_aktiv', 'selectbox', NULL, '156', '1', '0', 'Y');
INSERT INTO `teinstellungenconfwerte` (`kEinstellungenConf`, `cName`, `cWert`, `nSort`) VALUES ('1502', 'Ja', 'Y', '1'), ('1502', 'Nein', 'N', '2');
INSERT INTO `teinstellungen` (`kEinstellungenSektion` ,`cName` ,`cWert` ,`cModulId`) VALUES ('3', 'email_stornomail_aktiv', 'Y', NULL);
CREATE TABLE `tkuponbestellung` (`kKupon` INT( 10 ) NOT NULL ,`kBestellung` INT( 10 ) NOT NULL ,PRIMARY KEY ( `kKupon` , `kBestellung` )) ENGINE = MYISAM ;
INSERT INTO `tadminmenu` (`kAdminmenueGruppe`, `cModulId`, `cLinkname`, `cURL`, `cRecht`, `nSort`) VALUES (11, 'core_jtl', 'Kupons', 'kuponstatistik.php', 'STATS_COUPON_VIEW', 190);
INSERT INTO `tadminrecht` (`cRecht`, `cBeschreibung`, `kAdminrechtemodul`) VALUES ('STATS_COUPON_VIEW', 'Kupons', 10);
INSERT INTO `tsprachwerte` (`kSprachISO` ,`kSprachsektion` ,`cName` ,`cWert` ,`cStandard` ,`bSystem`) VALUES ('1',  '1',  'resetSelection',  'Auswahl zur&uuml;cksetzen',  'Auswahl zur&uuml;cksetzen',  '1'), ('2',  '1',  'resetSelection',  'reset selection',  'reset selection',  '1');
UPDATE `teinstellungenconf` SET `nModul` = '0' WHERE `kEinstellungenConf` =626;
UPDATE `teinstellungenconf` SET `nModul` = '0' WHERE `kEinstellungenConf` =430;
UPDATE `teinstellungenconf` SET `nModul` = '0' WHERE `kEinstellungenConf` =431;
UPDATE `teinstellungenconf` SET `nModul` = '0' WHERE `kEinstellungenConf` =434;
UPDATE `teinstellungenconf` SET `nModul` = '0' WHERE `kEinstellungenConf` =435;
INSERT INTO `tsprachwerte` (`kSprachISO`, `kSprachsektion`, `cName`, `cWert`, `cStandard`, `bSystem`) VALUES ('1', '30', 'rma_login', 'Bitte loggen Sie sich ein, um eine Warenrücksendung durchzuführen.', 'Bitte loggen Sie sich ein, um eine Warenrücksendung durchzuführen.', '1'), ('2', '30', 'rma_login', 'Please log in to complete a return of goods.', 'Please log in to complete a return of goods.', '1');
INSERT INTO `tsprachwerte` (`kSprachISO`, `kSprachsektion`, `cName`, `cWert`, `cStandard`, `bSystem`) VALUES ('1', '30', 'rma_ordertime', 'Bestellungen der letzten', 'Bestellungen der letzten', '1'), ('2', '30', 'rma_ordertime', 'Orders in the last', 'Orders in the last', '1');
INSERT INTO `tsprachwerte` (`kSprachISO`, `kSprachsektion`, `cName`, `cWert`, `cStandard`, `bSystem`) VALUES ('1', '30', 'rma_month', 'Monate', 'Monate', '1'), ('2', '30', 'rma_month', 'months', 'months', '1');
INSERT INTO `tsprachwerte` (`kSprachISO`, `kSprachsektion`, `cName`, `cWert`, `cStandard`, `bSystem`) VALUES ('1', '30', 'rma_nolicence', 'Es wurde keine gültige Lizenz für dieses Modul gefunden', 'Es wurde keine gültige Lizenz für dieses Modul gefunden', '1'), ('2', '30', 'rma_nolicence', 'There was no valid license for this module found', 'There was no valid license for this module found', '1');
INSERT INTO `tsprachwerte` VALUES (1, 5, 'postfinanceDesc', 'Mit einem Klick auf diesen Button werden Sie zu PostFinance geleitet und können sofort Ihre Bestellung bezahlen.', 'Mit einem Klick auf diesen Button werden Sie zu PostFinance geleitet und können sofort Ihre Bestellung bezahlen.', 1);
INSERT INTO `tsprachwerte` VALUES (2, 5, 'postfinanceDesc', 'You may pay your order now by clicking the following button.', 'You may pay your order now by clicking the following button.', 1);
DELETE FROM tsprachwerte WHERE cName = 'noDispatchAvailable';
INSERT INTO `tsprachwerte` (`kSprachISO` ,`kSprachsektion` ,`cName` ,`cWert` ,`cStandard` ,`bSystem` ) VALUES ('1', '1', 'noDispatchAvailable', 'Es steht leider keine Versandart zur Verfügung.', 'Es steht leider keine Versandart zur Verfügung.', '1');
INSERT INTO `tsprachwerte` (`kSprachISO` ,`kSprachsektion` ,`cName` ,`cWert` ,`cStandard` ,`bSystem` ) VALUES ('2', '1', 'noDispatchAvailable', 'There is unfortunately no shipping available.', 'There is unfortunately no shipping available.', '1');
INSERT INTO `tsprachwerte` (`kSprachISO`, `kSprachsektion`, `cName`, `cWert`, `cStandard`, `bSystem`) VALUES ('1', '4', 'priceAsConfigured', 'Preis wie konfiguriert', 'Preis wie konfiguriert', '1'), ('2', '4', 'priceAsConfigured', 'Price as configured', 'Price as configured', '1');
ALTER TABLE `tkonfigitemsprache` CHANGE  `cBeschreibung`  `cBeschreibung` TEXT CHARACTER SET latin1 COLLATE latin1_swedish_ci NOT NULL;
INSERT INTO `ttemplateeinstellungen` (`cTemplate`, `cSektion`, `cName`, `cWert`) VALUES ('JTL-Shop3-Tiny', 'general', 'use_customtpl', 'Y'), ('JTL-Shop3-Tiny', 'general', 'use_tidy', 'N');
INSERT INTO `tsprachwerte` (`kSprachISO`, `kSprachsektion`, `cName`, `cWert`, `cStandard`, `bSystem`) VALUES ('1', '5', 'orderLiableToPay', 'Zahlungspflichtig bestellen', 'Zahlungspflichtig bestellen', '1'), ('2', '5', 'orderLiableToPay', 'order liable to pay', 'order liable to pay', '1');
INSERT INTO `tsprachwerte` (`kSprachISO`, `kSprachsektion`, `cName`, `cWert`, `cStandard`, `bSystem`) VALUES (1, 4, 'configError', 'Es ist ein Fehler bei der Konfiguration aufgetreten', 'Es ist ein Fehler bei der Konfiguration aufgetreten', 1), (2, 4, 'configError', 'An error occurred while processing the configuration', 'An error occurred while processing the configuration', 1);
INSERT INTO `tsprachwerte` (`kSprachISO`, `kSprachsektion`, `cName`, `cWert`, `cStandard`, `bSystem`) VALUES  (1, 4, 'configChooseNComponents', 'Bitte wählen Sie %d', 'Bitte wählen Sie %d', 1),  (1, 4, 'configChooseMaxComponents', 'Bitte wählen Sie maximal %d', 'Bitte wählen Sie maximal %d', 1),  (1, 4, 'configChooseMinComponents', 'Bitte wählen Sie mindestens %d', 'Bitte wählen Sie mindestens %d', 1),  (2, 4, 'configChooseNComponents', 'Please choose %d', 'Please choose %d', 1),  (2, 4, 'configChooseMaxComponents', 'Please choose at most %d', 'Please choose at most %d', 1),  (2, 4, 'configChooseMinComponents', 'Please choose at least %d', 'Please choose at least %d', 1), (1, 4, 'configComponent', 'Komponente', 'Komponente', 1), (2, 4, 'configComponent', 'component', 'component', 1), (1, 4, 'configComponents', 'Komponenten', 'Komponenten', 1), (2, 4, 'configComponents', 'components', 'components', 1);
INSERT INTO `teinstellungenconf` (`kEinstellungenConf`, `kEinstellungenSektion`, `cName`, `cBeschreibung`, `cWertName`, `cInputTyp`, `cModulId`, `nSort`, `nStandardAnzeigen`, `nModul`, `cConf`) VALUES (1503, 9, 'Konfiggruppenbilder Klein Breite', '', 'bilder_konfiggruppe_klein_breite', 'zahl', '', 300, 1, 0, 'Y'), (1504, 9, 'Konfiggruppenbilder Klein Höhe', '', 'bilder_konfiggruppe_klein_hoehe', 'zahl', '', 310, 1, 0, 'Y');
INSERT INTO `teinstellungen` (`kEinstellungenSektion`, `cName`, `cWert`, `cModulId`) VALUES (9, 'bilder_konfiggruppe_klein_breite', '130', NULL), (9, 'bilder_konfiggruppe_klein_hoehe', '130', NULL);
INSERT INTO `tsprachwerte` (`kSprachISO`, `kSprachsektion`, `cName`, `cWert`, `cStandard`, `bSystem`) VALUES (1, 1, 'additionalCharge', 'Zuschlag', 'Zuschlag', 1), (2, 1, 'additionalCharge', 'Additional charge', 'Additional charge', 1);
INSERT INTO `tsprachwerte` (`kSprachISO`, `kSprachsektion`, `cName`, `cWert`, `cStandard`, `bSystem`) VALUES (1, 1, 'yourConfiguration', 'Ihre Konfiguration', 'Ihre Konfiguration', 1), (2, 1, 'yourConfiguration', 'Your configuration', 'Your configuration', 1);
INSERT INTO `teinstellungen` (`kEinstellungenSektion`, `cName`, `cWert`, `cModulId`) VALUES (112, 'global_meta_maxlaenge_title', '69', NULL);
INSERT INTO `teinstellungen` (`kEinstellungenSektion`, `cName`, `cWert`, `cModulId`) VALUES (112, 'global_meta_maxlaenge_description', '156', NULL);
INSERT INTO `tsprachwerte` (`kSprachISO`, `kSprachsektion`, `cName`, `cWert`, `cStandard`, `bSystem`) VALUES (1, 1, 'configure', 'konfigurieren', 'konfigurieren', 1), (2, 1, 'configure', 'configure', 'configure', 1);
INSERT INTO `tsprachwerte` (`kSprachISO`, `kSprachsektion`, `cName`, `cWert`, `cStandard`, `bSystem`) VALUES (1, 1, 'applyChanges', 'Änderungen übernehmen', 'Änderungen übernehmen', 1), (2, 1, 'applyChanges', 'Apply changes', 'Apply changes', 1);
ALTER TABLE `tartikelsonderpreis` ADD  `nIstAnzahl` TINYINT UNSIGNED NULL DEFAULT  '0' AFTER  `nAnzahl`;
ALTER TABLE `tartikelsonderpreis` ADD  `nIstDatum` TINYINT UNSIGNED NULL DEFAULT  '0' AFTER  `nIstAnzahl`;
INSERT INTO `teinstellungenconf` (`kEinstellungenConf`, `kEinstellungenSektion`, `cName`, `cBeschreibung`, `cWertName`, `cInputTyp`, `cModulId`, `nSort`, `nStandardAnzeigen`, `nModul`, `cConf`) VALUES ('1505', '6', 'Stadt auf Zahl prüfen', 'Wenn die eingegebene Stadt eine Zahle enthät abbrechen', 'kundenregistrierung_pruefen_ort', 'selectbox', '', '191', '1', '0', 'Y'), ('1506', '6', 'Name auf Zahlen prüfen', 'Wenn Zahlen im Vor- oder Nachnamen vorkommen dann abbrechen', 'kundenregistrierung_pruefen_name', 'selectbox', '', '192', '1', '0', 'Y'), ('1507', '6', 'Zeit prüfen', 'Prüfen ob Formular in unter 5 Sekunden abgeschickt wurde', 'kundenregistrierung_pruefen_zeit', 'selectbox', '', '193', '1', '0', 'Y'), ('1508', '6', 'E-Mail DNS prüfen', 'Prüfen ob es einen DNS-Eintrag zu der Domain der E-Mail Adresse vorhanden ist.', 'kundenregistrierung_pruefen_email', 'selectbox', '', '194', '1', '0', 'Y');
INSERT INTO `teinstellungenconfwerte` (`kEinstellungenConf`, `cName`, `cWert`, `nSort`) VALUES ('1505', 'Ja', 'Y', '1'), ('1505', 'Nein', 'N', '2'), ('1506', 'Nein', 'N', '2'), ('1506', 'Ja', 'Y', '1'), ('1507', 'Ja', 'Y', '1'), ('1507', 'Nein', 'N', '2'), ('1508', 'Ja', 'Y', '1'), ('1508', 'Nein', 'N', '2');
INSERT INTO `teinstellungen` (`kEinstellungenSektion`, `cName`, `cWert`, `cModulId`) VALUES ('6', 'kundenregistrierung_pruefen_ort', 'Y', ''), ('6', 'kundenregistrierung_pruefen_name', 'N', ''), ('6', 'kundenregistrierung_pruefen_zeit', 'Y', ''), ('6', 'kundenregistrierung_pruefen_email', 'N', '');
INSERT INTO `tsprachwerte` (`kSprachISO`, `kSprachsektion`, `cName`, `cWert`, `cStandard`, `bSystem`) VALUES (1, 6, 'cityNotNumeric', 'Der Ort darf keine Zahlen enthalten.', 'Der Ort darf keine Zahlen enthalten.', 1), (1, 6, 'firstNameNotNumeric', 'Der Vorname darf keine Zahl enthalten.', 'Der Vorname darf keine Zahl enthalten.', 1), (1, 6, 'lastNameNotNumeric', 'Der Nachname darf keine Zahlen enthalten.', 'Der Nachname darf keine Zahlen enthalten.', 1), (1, 6, 'formToFast', 'Entschuldigung, Sie sind etwas zu schnell!', 'Entschuldigung, Sie sind etwas zu schnell!', 1), (1, 6, 'noDnsEmail', 'Ihrer E-Mail Adresse konnte kein DNS-Eintrag zugeordnet werden.', 'Ihrer E-Mail Adresse konnte kein DNS-Eintrag zugeordnet werden.', 1), (2, 6, 'cityNotNumeric', 'No numbers in City allowed.', 'No numbers in City allowed.', 1), (2, 6, 'firstNameNotNumeric', 'No numbers in firstname.', 'No numbers in firstname.', 1), (2, 6, 'lastNameNotNumeric', 'No numbers in lastname.', 'No numbers in lastname.', 1), (2, 6, 'noDnsEmail', 'No DNS entry found.', 'No DNS entry found.', 1), (2, 6, 'formToFast', 'Sorry, you are to fast.', 'Sorry, you are to fast.', 1);
DELETE FROM `temailvorlagespracheoriginal` WHERE `kEmailvorlage`=3 AND `kSprache`=1;
DELETE FROM `temailvorlagespracheoriginal` WHERE `kEmailvorlage`=3 AND `kSprache`=2;
INSERT INTO `temailvorlagespracheoriginal` (`kEmailvorlage`, `kSprache`, `cBetreff`, `cContentHtml`, `cContentText`, `cPDFS`, `cDateiname`) VALUES (3, 1, 'Ihre Bestellung bei #firma.name#', 'Sehr {if $Kunde->cAnrede=="w"}geehrte{else}geehrter{/if} {$Kunde->cAnredeLocalized} {$Kunde->cNachname},<br><br>\r\n\r\nvielen Dank für Ihre Bestellung bei {$Einstellungen.global.global_shopname}. <br><br>\r\n\r\nIhre Bestellung mit Bestellnummer {$Bestellung->cBestellNr} umfasst folgende Positionen: <br><br>\r\n\r\n{foreach name=pos from=$Bestellung->Positionen item=Position}\r\n                                <table width="600" border="0" cellspacing="0" cellpadding="0" style="padding-top:11px;border-color:#929292;border-width:1px; border-style:dotted;border-top-width:0px;border-right-width:0px;border-left-width:0px;">\r\n                                <tr>\r\n                                        <td valign="top" style="padding-bottom:5px;">\r\n        {if $Position->nPosTyp==1}\r\n                                                {if $Position->kKonfigitem > 0}&bull; {/if}<b>{$Position->cName}</b> {if $Position->cArtNr}({$Position->cArtNr}){/if}\r\n        {if $Position->Artikel->nErscheinendesProdukt}\r\n          <br>Verfügbar ab: <strong>{$Position->Artikel->Erscheinungsdatum_de}</strong>\r\n        {/if}\r\n        {if $Einstellungen.kaufabwicklung.bestellvorgang_lieferstatus_anzeigen=="Y" && $Position->cLieferstatus}\r\n                            <br><span class="small">Lieferzeit: {$Position->cLieferstatus}</span>\r\n        {/if}<br>\r\n                {foreach name=variationen from=$Position->WarenkorbPosEigenschaftArr item=WKPosEigenschaft}\r\n                                                <br><span class="standard"><b>{$WKPosEigenschaft->cEigenschaftName}</b>: {$WKPosEigenschaft->cEigenschaftWertName}\r\n                                                </span>\r\n                {/foreach}\r\n        {else}\r\n                                                <span class="bluenormal">{$Position->cName}</span>\r\n        {/if}\r\n                                        </td>\r\n                                        <td width="50" style="padding-left:2px;" valign="top">\r\n                                                <span class="standard">{$Position->nAnzahl}</span>\r\n                                        </td>\r\n        {if $Einstellungen.kaufabwicklung.bestellvorgang_einzelpreise_anzeigen=="Y"}\r\n                                       <td width="90" style="padding-left:2px;" align="right" valign="top">\r\n                                          <span class="standard">{$Position->cEinzelpreisLocalized[$NettoPreise]}</span>\r\n                                       </td>\r\n        {/if}\r\n                                        <td width="90" style="padding-left:2px;" align="right" valign="top">\r\n                                                <span class="standard">{$Position->cGesamtpreisLocalized[$NettoPreise]}</span>\r\n                                        </td>\r\n                                </tr>\r\n                                </table>\r\n{/foreach}\r\n                                <table width="600" border="0" cellspacing="0" cellpadding="0" style="padding-top:11px;border-color:#929292;border-width:1px; border-style:dotted;border-top-width:0px;border-right-width:0px;border-left-width:0px;">\r\n{if $Einstellungen.global.global_steuerpos_anzeigen!="N"}\r\n{foreach name=steuerpositionen from=$Bestellung->Steuerpositionen item=Steuerposition}\r\n                                <tr>\r\n                                        <td valign="top" align="right" style="padding-bottom:5px;padding-top:4px;padding-right:8px;">\r\n                                                <span class="standard">{$Steuerposition->cName}:</span></a>\r\n                                        </td>\r\n                                        <td width="90"  style="padding-bottom:5px;padding-top:4px;padding-right:8px;" align="right" valign="top">\r\n                                                <span class="standard">{$Steuerposition->cPreisLocalized}</span>\r\n                                        </td>\r\n                                </tr>\r\n{/foreach}\r\n{/if}\r\n{if $Bestellung->GuthabenNutzen==1}\r\n                                <tr>\r\n                                        <td valign="top" align="right" style="padding-bottom:5px;padding-top:11px;">\r\n                                                <span class="standard"><b>Gutschein:</b></span></a>\r\n                                        </td>\r\n                                        <td width="90" style="padding-bottom:5px;padding-top:11px;" align="right" valign="top">\r\n                                                <span class="standard"><b>-{$Bestellung->GutscheinLocalized}</b></span>\r\n                                        </td>\r\n                                </tr>\r\n{/if}\r\n                                <tr>\r\n                                        <td valign="top" align="right"  style="padding-bottom:5px;padding-top:4px;padding-right:8px;font-size: 18px;">\r\n                                                <span class="standard"><b>Gesamtsumme:</b></span></a>\r\n                                        </td>\r\n                                        <td width="90" style="padding-bottom:5px;padding-top:4px;padding-right:8px; font-size: 18px;" align="right" valign="top">\r\n                                                <span class="standard"><b>{$Bestellung->WarensummeLocalized[0]}</b></span>\r\n                                        </td>\r\n                                </tr>\r\n                                </table><br><br>\r\n\r\nIhre Rechnungsadresse:<br>\r\n{$Kunde->cAnredeLocalized} {$Kunde->cVorname} {$Kunde->cNachname}<br>\r\n{$Kunde->cStrasse}<br>\r\n{if $Kunde->cAdressZusatz}{$Kunde->cAdressZusatz}<br>\r\n{/if}{$Kunde->cPLZ} {$Kunde->cOrt}<br>\r\n{if $Kunde->cBundesland}{$Kunde->cBundesland}<br>\r\n{/if}{$Kunde->cLand}<br>\r\n{if $Kunde->cTel}Tel: {$Kunde->cTel}<br>\r\n{/if}{if $Kunde->cMobil}Mobil: {$Kunde->cMobil}<br>\r\n{/if}{if $Kunde->cFax}Fax: {$Kunde->cFax}<br>\r\n{/if}<br>\r\nEmail: {$Kunde->cMail}<br>\r\n{if $Kunde->cUSTID}UstID: {$Kunde->cUSTID}<br>\r\n{/if}\r\n<br><br>\r\n\r\n{if $Bestellung->Lieferadresse->kLieferadresse>0} \r\nIhre Lieferadresse: <br><br>\r\n{$Bestellung->Lieferadresse->cAnredeLocalized} {$Bestellung->Lieferadresse->cVorname} {$Bestellung->Lieferadresse->cNachname}<br>\r\n{$Bestellung->Lieferadresse->cStrasse}<br>\r\n{if $Bestellung->Lieferadresse->cAdressZusatz}{$Bestellung->Lieferadresse->cAdressZusatz}<br>\r\n{/if}{$Bestellung->Lieferadresse->cPLZ} {$Bestellung->Lieferadresse->cOrt}<br>\r\n{if $Bestellung->Lieferadresse->cBundesland}{$Bestellung->Lieferadresse->cBundesland}<br>\r\n{/if}{$Bestellung->Lieferadresse->cLand}<br>\r\n{if $Bestellung->Lieferadresse->cTel}Tel: {$Bestellung->Lieferadresse->cTel}<br>\r\n{/if}{if $Bestellung->Lieferadresse->cMobil}Mobil: {$Bestellung->Lieferadresse->cMobil}<br>\r\n{/if}{if $Bestellung->Lieferadresse->cFax}Fax: {$Bestellung->Lieferadresse->cFax}<br>\r\n{/if}{if $Bestellung->Lieferadresse->cMail}Email: {$Bestellung->Lieferadresse->cMail}<br>\r\n{/if}<br>\r\n{else} \r\nLieferadresse ist gleich Rechnungsadresse. \r\n{/if}\r\n\r\n<br><br>\r\nSie haben folgende Zahlungsart gewählt: {$Bestellung->cZahlungsartName}<br><br>\r\n\r\n{if $Bestellung->Zahlungsart->cModulId=="za_ueberweisung_jtl"}\r\nBitte führen Sie die folgende Überweisung durch:<br>\r\n    <table width="400" cellpadding="0" cellspacing="0">\r\n        <tr><td>Kontoinhaber:</td><td>{$Firma->cKontoinhaber}</td></tr>\r\n        <tr><td>Bankinstitut:</td><td>{$Firma->cBank}</td></tr>\r\n        <tr><td>Kontonummer.:</td><td>{$Firma->cKontoNr}</td></tr>\r\n        <tr><td>BLZ:</td><td>{$Firma->cBLZ}</td></tr>\r\n        <tr><td> </td><td></td></tr>\r\n        <tr><td><strong>Verwendungszweck</strong>:</td><td><strong>{$Bestellung->cBestellNr}</strong></td></tr>\r\n        <tr><td><strong>Gesamtsumme</strong>:</td><td><strong>{$Bestellung->WarensummeLocalized[0]}</strong></td></tr>\r\n    </table><br>\r\n{elseif $Bestellung->Zahlungsart->cModulId=="za_nachnahme_jtl"}\r\n{elseif $Bestellung->Zahlungsart->cModulId=="za_kreditkarte_jtl"}\r\n{elseif $Bestellung->Zahlungsart->cModulId=="za_rechnung_jtl"}\r\n{elseif $Bestellung->Zahlungsart->cModulId=="za_lastschrift_jtl"}\r\n{elseif $Bestellung->Zahlungsart->cModulId=="za_barzahlung_jtl"}\r\n{elseif $Bestellung->Zahlungsart->cModulId=="za_paypal_jtl"}\r\n{elseif $Bestellung->Zahlungsart->cModulId=="za_moneybookers_jtl"}\r\n{/if}\r\n\r\n{if isset($Zahlungsart->cHinweisText) && $Zahlungsart->cHinweisText|count_characters > 0}\r\n  {$Zahlungsart->cHinweisText}<br><br>\r\n{/if}\r\n\r\n{if $Bestellung->Zahlungsart->cModulId=="za_rechnung_jtl"}\r\n{elseif $Bestellung->Zahlungsart->cModulId=="za_lastschrift_jtl"}\r\nWir belasten in Kürze folgendes Bankkonto um die fällige Summe:<br><br>\r\n\r\nKontoinhaber: {$Bestellung->Zahlungsinfo->cInhaber}<br>\r\nKontoNr: {$Bestellung->Zahlungsinfo->cKontoNr}<br>\r\nBLZ: {$Bestellung->Zahlungsinfo->cBLZ}<br>\r\nBank: {$Bestellung->Zahlungsinfo->cBankName}<br><br>\r\n\r\n{elseif $Bestellung->Zahlungsart->cModulId=="za_barzahlung_jtl"}\r\n{elseif $Bestellung->Zahlungsart->cModulId=="za_paypal_jtl"}\r\nFalls Sie Ihre Zahlung per PayPal noch nicht durchgeführt haben, nutzen Sie folgende Emailadresse als Empfänger: {$Einstellungen.zahlungsarten.zahlungsart_paypal_empfaengermail}\r\n{elseif $Bestellung->Zahlungsart->cModulId=="za_moneybookers_jtl"}\r\n{elseif $Bestellung->Zahlungsart->cModulId=="za_billpay_jtl"}\r\n{if $Bestellung->nZahlungsTyp == 1}\r\n<b>Bitte überweisen Sie den Gesamtbetrag auf folgendes Konto:</b><br><br>\r\nKontoinhaber: {$Bestellung->Zahlungsinfo->cInhaber}<br>\r\nBankinstitut: {$Bestellung->Zahlungsinfo->cBankName}<br>\r\nBLZ: {$Bestellung->Zahlungsinfo->cBLZ}<br>\r\nKontoNr: {$Bestellung->Zahlungsinfo->cKontoNr}<br>\r\nVerwendungszweck: {$Bestellung->cBestellNr}<br>\r\n<br>\r\n{/if}\r\n{/if}\r\n{if $Bestellung->Zahlungsart->cModulId!="za_nachnahme_jtl" && $Bestellung->Zahlungsart->cModulId!="za_barzahlung_jtl"}\r\nDie Bestellung wird direkt nach Zahlungseingang versandt. <br>\r\n{/if}\r\n\r\nÜber den weiteren Verlauf Ihrer Bestellung werden wir Sie jeweils gesondert informieren. <br><br>\r\n\r\n{if $oTrustedShopsBewertenButton->cURL|count_characters > 0}\r\nWaren Sie mit Ihrer Bestellung zufrieden? Dann würden wir uns über eine Empfehlung freuen ... es dauert auch nur eine Minute.<br>\r\n<a href="{$oTrustedShopsBewertenButton->cURL}"><img src="{$oTrustedShopsBewertenButton->cPicURL}" alt="Bewerten Sie uns!"></a><br><br>\r\n{/if}\r\n\r\nMit freundlichem Gruß <br><br>\r\n\r\nIhr Team von {$Firma->cName}', 'Sehr {if $Kunde->cAnrede=="w"}geehrte{else}geehrter{/if} {$Kunde->cAnredeLocalized} {$Kunde->cNachname},\r\n\r\nvielen Dank für Ihre Bestellung bei {$Einstellungen.global.global_shopname}.\r\n\r\nIhre Bestellung mit Bestellnummer {$Bestellung->cBestellNr} umfasst folgende Positionen: \r\n\r\n{foreach name=pos from=$Bestellung->Positionen item=Position}\r\n\r\n{if $Position->nPosTyp==1}\r\n{if $Position->kKonfigitem > 0} * {/if}{$Position->nAnzahl}x {$Position->cName} - {$Position->cGesamtpreisLocalized[$NettoPreise]}{if $Position->Artikel->nErscheinendesProdukt}\r\nVerfügbar ab: {$Position->Artikel->Erscheinungsdatum_de}{/if}{if $Einstellungen.kaufabwicklung.bestellvorgang_lieferstatus_anzeigen=="Y" && $Position->cLieferstatus}\r\n\r\nLieferzeit: {$Position->cLieferstatus}{/if}\r\n{foreach name=variationen from=$Position->WarenkorbPosEigenschaftArr item=WKPosEigenschaft}\r\n\r\n{$WKPosEigenschaft->cEigenschaftName}: {$WKPosEigenschaft->cEigenschaftWertName}{/foreach}\r\n{else}\r\n{$Position->nAnzahl}x {$Position->cName} - {$Position->cGesamtpreisLocalized[$NettoPreise]}{/if}\r\n{/foreach}\r\n\r\n{if $Einstellungen.global.global_steuerpos_anzeigen!="N"}{foreach name=steuerpositionen from=$Bestellung->Steuerpositionen item=Steuerposition}\r\n{$Steuerposition->cName}: {$Steuerposition->cPreisLocalized}\r\n{/foreach}{/if}\r\n{if $Bestellung->GuthabenNutzen==1}\r\nGutschein: -{$Bestellung->GutscheinLocalized}\r\n{/if}\r\n\r\nGesamtsumme: {$Bestellung->WarensummeLocalized[0]}\r\n\r\n\r\nIhre Rechnungsadresse:\r\n\r\n{$Kunde->cAnredeLocalized} {$Kunde->cVorname} {$Kunde->cNachname}\r\n{$Kunde->cStrasse}\r\n{if $Kunde->cAdressZusatz}{$Kunde->cAdressZusatz}\r\n{/if}{$Kunde->cPLZ} {$Kunde->cOrt}\r\n{if $Kunde->cBundesland}{$Kunde->cBundesland}\r\n{/if}{$Kunde->cLand}\r\n{if $Kunde->cTel}Tel: {$Kunde->cTel}\r\n{/if}{if $Kunde->cMobil}Mobil: {$Kunde->cMobil}\r\n{/if}{if $Kunde->cFax}Fax: {$Kunde->cFax}\r\n{/if}\r\nEmail: {$Kunde->cMail}\r\n{if $Kunde->cUSTID}UstID: {$Kunde->cUSTID}\r\n{/if}\r\n\r\n{if $Bestellung->Lieferadresse->kLieferadresse>0} \r\nIhre Lieferadresse: \r\n\r\n{$Bestellung->Lieferadresse->cAnredeLocalized} {$Bestellung->Lieferadresse->cVorname} {$Bestellung->Lieferadresse->cNachname}\r\n{$Bestellung->Lieferadresse->cStrasse}\r\n{if $Bestellung->Lieferadresse->cAdressZusatz}{$Bestellung->Lieferadresse->cAdressZusatz}\r\n{/if}{$Bestellung->Lieferadresse->cPLZ} {$Bestellung->Lieferadresse->cOrt}\r\n{if $Bestellung->Lieferadresse->cBundesland}{$Bestellung->Lieferadresse->cBundesland}\r\n{/if}{$Bestellung->Lieferadresse->cLand}\r\n{if $Bestellung->Lieferadresse->cTel}Tel: {$Bestellung->Lieferadresse->cTel}\r\n{/if}{if $Bestellung->Lieferadresse->cMobil}Mobil: {$Bestellung->Lieferadresse->cMobil}\r\n{/if}{if $Bestellung->Lieferadresse->cFax}Fax: {$Bestellung->Lieferadresse->cFax}\r\n{/if}{if $Bestellung->Lieferadresse->cMail}Email: {$Bestellung->Lieferadresse->cMail}\r\n{/if}\r\n{else} \r\nLieferadresse ist gleich Rechnungsadresse. \r\n{/if}\r\n\r\nSie haben folgende Zahlungsart gewählt: {$Bestellung->cZahlungsartName}\r\n\r\n{if $Bestellung->Zahlungsart->cModulId=="za_ueberweisung_jtl"}\r\nBitte führen Sie die folgende Überweisung durch:\r\nKontoinhaber:{$Firma->cKontoinhaber}\r\nBankinstitut:{$Firma->cBank}\r\nKontonummer.:{$Firma->cKontoNr}\r\nBLZ:{$Firma->cBLZ}\r\n\r\nVerwendungszweck:{$Bestellung->cBestellNr}\r\nGesamtsumme:{$Bestellung->WarensummeLocalized[0]}\r\n\r\n{elseif $Bestellung->Zahlungsart->cModulId=="za_nachnahme_jtl"}\r\n{elseif $Bestellung->Zahlungsart->cModulId=="za_kreditkarte_jtl"}\r\n{elseif $Bestellung->Zahlungsart->cModulId=="za_rechnung_jtl"}\r\n{elseif $Bestellung->Zahlungsart->cModulId=="za_lastschrift_jtl"}\r\n{elseif $Bestellung->Zahlungsart->cModulId=="za_barzahlung_jtl"}\r\n{elseif $Bestellung->Zahlungsart->cModulId=="za_paypal_jtl"}\r\n{elseif $Bestellung->Zahlungsart->cModulId=="za_moneybookers_jtl"}\r\n{/if}\r\n\r\n{if isset($Zahlungsart->cHinweisText) && $Zahlungsart->cHinweisText|count_characters > 0}  {$Zahlungsart->cHinweisText}\r\n\r\n\r\n{/if}\r\n\r\n{if $Bestellung->Zahlungsart->cModulId=="za_rechnung_jtl"}\r\n{elseif $Bestellung->Zahlungsart->cModulId=="za_lastschrift_jtl"}\r\nWir belasten in Kürze folgendes Bankkonto um die fällige Summe:\r\n\r\nKontoinhaber: {$Bestellung->Zahlungsinfo->cInhaber}\r\nKontoNr: {$Bestellung->Zahlungsinfo->cKontoNr}\r\nBLZ: {$Bestellung->Zahlungsinfo->cBLZ}\r\nBank: {$Bestellung->Zahlungsinfo->cBankName}\r\n\r\n{elseif $Bestellung->Zahlungsart->cModulId=="za_barzahlung_jtl"}\r\n{elseif $Bestellung->Zahlungsart->cModulId=="za_paypal_jtl"}\r\nFalls Sie Ihre Zahlung per PayPal noch nicht durchgeführt haben, nutzen Sie folgende Emailadresse als Empfänger: {$Einstellungen.zahlungsarten.zahlungsart_paypal_empfaengermail}\r\n{elseif $Bestellung->Zahlungsart->cModulId=="za_moneybookers_jtl"}\r\n{elseif $Bestellung->Zahlungsart->cModulId=="za_billpay_jtl"}\r\n{if $Bestellung->nZahlungsTyp == 1}\r\nBitte überweisen Sie den Gesamtbetrag auf folgendes Konto:\r\nKontoinhaber: {$Bestellung->Zahlungsinfo->cInhaber}\r\nBankinstitut: {$Bestellung->Zahlungsinfo->cBankName}\r\nBLZ: {$Bestellung->Zahlungsinfo->cBLZ}\r\nKontoNr: {$Bestellung->Zahlungsinfo->cKontoNr}\r\nVerwendungszweck: {$Bestellung->cBestellNr}\r\n{/if}\r\n{/if}\r\n{if $Bestellung->Zahlungsart->cModulId!="za_nachnahme_jtl" && $Bestellung->Zahlungsart->cModulId!="za_barzahlung_jtl"}\r\nDie Bestellung wird direkt nach Zahlungseingang versandt. {/if}\r\n\r\nÜber den weiteren Verlauf Ihrer Bestellung werden wir Sie jeweils gesondert informieren.\r\n\r\n{if $oTrustedShopsBewertenButton->cURL|count_characters > 0}\r\nWaren Sie mit Ihrer Bestellung zufrieden? Dann würden wir uns über eine Empfehlung freuen ... es dauert auch nur eine Minute.\r\n{$oTrustedShopsBewertenButton->cURL}\r\n{/if} \r\n\r\nMit freundlichem Gruß \r\n\r\nIhr Team von {$Firma->cName}', '', '');
INSERT INTO `temailvorlagespracheoriginal` (`kEmailvorlage`, `kSprache`, `cBetreff`, `cContentHtml`, `cContentText`, `cPDFS`, `cDateiname`) VALUES (3, 2, 'Your order #bestellung.bestellnr# at #firma.name#', 'Dear {$Kunde->cVorname} {$Kunde->cNachname}, <br><br>\r\n\r\nThank you for order at {$Einstellungen.global.global_shopname}. <br><br>\r\n\r\nYour order with the order number {$Bestellung->cBestellNr} consists of the following items: <br><br>\r\n\r\n{foreach name=pos from=$Bestellung->Positionen item=Position}\r\n                                <table width="600" border="0" cellspacing="0" cellpadding="0" style="padding-top:11px;border-color:#929292;border-width:1px; border-style:dotted;border-top-width:0px;border-right-width:0px;border-left-width:0px;">\r\n                                <tr>\r\n                                        <td valign="top" style="padding-bottom:5px;">\r\n        {if $Position->nPosTyp==1}\r\n                                                {if $Position->kKonfigitem > 0}&bull; {/if}<b>{$Position->cName}</b> {if $Position->cArtNr}({$Position->cArtNr}){/if}        {if $Einstellungen.kaufabwicklung.bestellvorgang_lieferstatus_anzeigen=="Y" && $Position->cLieferstatus}\r\n                            <br><span class="small">Shipping time: {$Position->cLieferstatus}</span>\r\n        {/if}<br>\r\n                {foreach name=variationen from=$Position->WarenkorbPosEigenschaftArr item=WKPosEigenschaft}\r\n                                                <br><span class="standard"><b>{$WKPosEigenschaft->cEigenschaftName}</b>: {$WKPosEigenschaft->cEigenschaftWertName}\r\n                                                </span>\r\n                {/foreach}\r\n        {else}\r\n                                                <span class="bluenormal">{$Position->cName}</span>\r\n        {/if}\r\n                                        </td>\r\n                                        <td width="50" style="padding-left:2px;" valign="top">\r\n                                                <span class="standard">{$Position->nAnzahl}</span>\r\n                                        </td>\r\n        {if $Einstellungen.kaufabwicklung.bestellvorgang_einzelpreise_anzeigen=="Y"}\r\n                                       <td width="90" style="padding-left:2px;" align="right" valign="top">\r\n                                          <span class="standard">{$Position->cEinzelpreisLocalized[$NettoPreise]}</span>\r\n                                       </td>\r\n        {/if}\r\n                                        <td width="90" style="padding-left:2px;" align="right" valign="top">\r\n                                                <span class="standard">{$Position->cGesamtpreisLocalized[$NettoPreise]}</span>\r\n                                        </td>\r\n                                </tr>\r\n                                </table>\r\n{/foreach}\r\n                                <table width="600" border="0" cellspacing="0" cellpadding="0" style="padding-top:11px;border-color:#929292;border-width:1px; border-style:dotted;border-top-width:0px;border-right-width:0px;border-left-width:0px;">\r\n{if $Einstellungen.global.global_steuerpos_anzeigen!="N"}\r\n{foreach name=steuerpositionen from=$Bestellung->Steuerpositionen item=Steuerposition}\r\n                                <tr>\r\n                                        <td valign="top" align="right" style="padding-bottom:5px;padding-top:4px;padding-right:8px;">\r\n                                                <span class="standard">{$Steuerposition->cName}:</span></a>\r\n                                        </td>\r\n                                        <td width="90"  style="padding-bottom:5px;padding-top:4px;padding-right:8px;" align="right" valign="top">\r\n                                                <span class="standard">{$Steuerposition->cPreisLocalized}</span>\r\n                                        </td>\r\n                                </tr>\r\n{/foreach}\r\n{/if}\r\n{if $Bestellung->GuthabenNutzen==1}\r\n                                <tr>\r\n                                        <td valign="top" align="right" style="padding-bottom:5px;padding-top:11px;">\r\n                                                <span class="standard"><b>Gutschein:</b></span></a>\r\n                                        </td>\r\n                                        <td width="90" style="padding-bottom:5px;padding-top:11px;" align="right" valign="top">\r\n                                                <span class="standard"><b>-{$Bestellung->GutscheinLocalized}</b></span>\r\n                                        </td>\r\n                                </tr>\r\n{/if}\r\n                                <tr>\r\n                                        <td valign="top" align="right"  style="padding-bottom:5px;padding-top:4px;padding-right:8px;font-size: 18px;">\r\n                                                <span class="standard"><b>Gesamtsumme:</b></span></a>\r\n                                        </td>\r\n                                        <td width="90" style="padding-bottom:5px;padding-top:4px;padding-right:8px; font-size: 18px;" align="right" valign="top">\r\n                                                <span class="standard"><b>{$Bestellung->WarensummeLocalized[0]}</b></span>\r\n                                        </td>\r\n                                </tr>\r\n                                </table><br><br>\r\nYour billing adress:<br>\r\n{$Kunde->cAnredeLocalized} {$Kunde->cVorname} {$Kunde->cNachname}<br>\r\n{$Kunde->cStrasse}<br>\r\n{if $Kunde->cAdressZusatz}{$Kunde->cAdressZusatz}<br>\r\n{/if}{$Kunde->cPLZ} {$Kunde->cOrt}<br>\r\n{if $Kunde->cBundesland}{$Kunde->cBundesland}<br>\r\n{/if}{$Kunde->cLand}<br>\r\n{if $Kunde->cTel}Tel: {$Kunde->cTel}<br>\r\n{/if}{if $Kunde->cMobil}Mobil: {$Kunde->cMobil}<br>\r\n{/if}{if $Kunde->cFax}Fax: {$Kunde->cFax}<br>\r\n{/if}<br>\r\nEmail: {$Kunde->cMail}<br>\r\n{if $Kunde->cUSTID}UstID: {$Kunde->cUSTID}<br>\r\n{/if}\r\n<br><br>\r\n\r\n{if $Bestellung->Lieferadresse->kLieferadresse>0} \r\nYour shipping adress: <br><br>\r\n{$Bestellung->Lieferadresse->cAnredeLocalized} {$Bestellung->Lieferadresse->cVorname} {$Bestellung->Lieferadresse->cNachname}<br>\r\n{$Bestellung->Lieferadresse->cStrasse}<br>\r\n{if $Bestellung->Lieferadresse->cAdressZusatz}{$Bestellung->Lieferadresse->cAdressZusatz}<br>\r\n{/if}{$Bestellung->Lieferadresse->cPLZ} {$Bestellung->Lieferadresse->cOrt}<br>\r\n{if $Bestellung->Lieferadresse->cBundesland}{$Bestellung->Lieferadresse->cBundesland}<br>\r\n{/if}{$Bestellung->Lieferadresse->cLand}<br>\r\n{if $Bestellung->Lieferadresse->cTel}Tel: {$Bestellung->Lieferadresse->cTel}<br>\r\n{/if}{if $Bestellung->Lieferadresse->cMobil}Mobil: {$Bestellung->Lieferadresse->cMobil}<br>\r\n{/if}{if $Bestellung->Lieferadresse->cFax}Fax: {$Bestellung->Lieferadresse->cFax}<br>\r\n{/if}{if $Bestellung->Lieferadresse->cMail}Email: {$Bestellung->Lieferadresse->cMail}<br>\r\n{/if}<br>\r\n{/if}\r\n\r\n<br><br>\r\nYou have chosen the following payment option: {$Bestellung->cZahlungsartName}<br><br>\r\n\r\n{if $Bestellung->Zahlungsart->cModulId=="za_ueberweisung_jtl"}\r\nPlease make the following banktransfer:<br>\r\n    <table width="400" cellpadding="0" cellspacing="0">\r\n        <tr><td>Account owner:</td><td>{$Firma->cKontoinhaber}</td></tr>\r\n        <tr><td>bank:</td><td>{$Firma->cBank}</td></tr>\r\n        <tr><td>account No.:</td><td>{$Firma->cKontoNr}</td></tr>\r\n        <tr><td>BLZ:</td><td>{$Firma->cBLZ}</td></tr>\r\n        <tr><td> </td><td></td></tr>\r\n        <tr><td><strong>Purpose</strong>:</td><td><strong>{$Bestellung->cBestellNr}</strong></td></tr>\r\n        <tr><td><strong>Total sum</strong>:</td><td><strong>{$Bestellung->WarensummeLocalized[0]}</strong></td></tr>\r\n        <tr><td> </td><td></td></tr>\r\n        <tr><td colspan="2"><strong>For international banktransfers:</strong></td></tr>\r\n        <tr><td>BIC:</td><td>{$Firma->cBIC}</td></tr>\r\n        <tr><td>IBAN:</td><td>{$Firma->cIBAN}</td></tr>\r\n    </table><br>\r\n{elseif $Bestellung->Zahlungsart->cModulId=="za_nachnahme_jtl"}\r\n{elseif $Bestellung->Zahlungsart->cModulId=="za_kreditkarte_jtl"}\r\n{elseif $Bestellung->Zahlungsart->cModulId=="za_rechnung_jtl"}\r\n{elseif $Bestellung->Zahlungsart->cModulId=="za_lastschrift_jtl"}\r\n{elseif $Bestellung->Zahlungsart->cModulId=="za_barzahlung_jtl"}\r\n{elseif $Bestellung->Zahlungsart->cModulId=="za_paypal_jtl"}\r\n{elseif $Bestellung->Zahlungsart->cModulId=="za_moneybookers_jtl"}\r\n{elseif $Bestellung->Zahlungsart->cModulId=="za_billpay_jtl"}\r\n{if $Bestellung->nZahlungsTyp == 1}\r\n<b>Please transfer the total amount to following account:</b><br /><br />\r\nAccount Holder: {$Bestellung->Zahlungsinfo->cInhaber}<br />\r\nBank name: {$Bestellung->Zahlungsinfo->cBankName}<br />\r\nBank code number: {$Bestellung->Zahlungsinfo->cBLZ}<br />\r\nAccount number: {$Bestellung->Zahlungsinfo->cKontoNr}<br />\r\nPurpose: {$Bestellung->cBestellNr}<br /><br />\r\n{/if}\r\n{/if}\r\n\r\nYour order will be shipped on receipt of payment. If you have chosen cash on delivery, you will of course only pay on receipt of your goods. <br><br>\r\n\r\nYou will be notified about the following status of your order separately. <br><br>\r\n\r\nYours sincerely, <br><br>\r\n\r\n{$Firma->cName}', 'Dear {$Kunde->cVorname} {$Kunde->cNachname}, \r\n\r\nThank you for order at {$Einstellungen.global.global_shopname}. \r\n\r\nYour order with the order number {$Bestellung->cBestellNr} consists of the following items: \r\n\r\n{foreach name=pos from=$Bestellung->Positionen item=Position}\r\n\r\n{if $Position->nPosTyp==1}\r\n{if $Position->kKonfigitem > 0} * {/if}{$Position->nAnzahl}x {$Position->cName} {if $Position->cArtNr}({$Position->cArtNr}){/if} - {$Position->cGesamtpreisLocalized[$NettoPreise]}{if $Einstellungen.kaufabwicklung.bestellvorgang_lieferstatus_anzeigen=="Y" && $Position->cLieferstatus}\r\n\r\nShipping time: {$Position->cLieferstatus}{/if}\r\n{foreach name=variationen from=$Position->WarenkorbPosEigenschaftArr item=WKPosEigenschaft}\r\n\r\n{$WKPosEigenschaft->cEigenschaftName}: {$WKPosEigenschaft->cEigenschaftWertName}{/foreach}\r\n{else}\r\n{$Position->nAnzahl}x {$Position->cName} - {$Position->cGesamtpreisLocalized[$NettoPreise]}{/if}\r\n{/foreach}\r\n\r\n{if $Einstellungen.global.global_steuerpos_anzeigen!="N"}{foreach name=steuerpositionen from=$Bestellung->Steuerpositionen item=Steuerposition}\r\n{$Steuerposition->cName}: {$Steuerposition->cPreisLocalized}\r\n{/foreach}{/if}\r\n{if $Bestellung->GuthabenNutzen==1}\r\nVoucher: -{$Bestellung->GutscheinLocalized}\r\n{/if}\r\n\r\nTotal: {$Bestellung->WarensummeLocalized[0]}\r\n\r\nYour billing adress:\r\n\r\n{$Kunde->cAnredeLocalized} {$Kunde->cVorname} {$Kunde->cNachname}\r\n{$Kunde->cStrasse}\r\n{if $Kunde->cAdressZusatz}{$Kunde->cAdressZusatz}\r\n{/if}{$Kunde->cPLZ} {$Kunde->cOrt}\r\n{if $Kunde->cBundesland}{$Kunde->cBundesland}\r\n{/if}{$Kunde->cLand}\r\n{if $Kunde->cTel}Tel: {$Kunde->cTel}\r\n{/if}{if $Kunde->cMobil}Mobil: {$Kunde->cMobil}\r\n{/if}{if $Kunde->cFax}Fax: {$Kunde->cFax}\r\n{/if}\r\nEmail: {$Kunde->cMail}\r\n{if $Kunde->cUSTID}UstID: {$Kunde->cUSTID}\r\n{/if}\r\n\r\n{if $Bestellung->Lieferadresse->kLieferadresse>0} \r\nYour shipping adress: \r\n\r\n{$Bestellung->Lieferadresse->cAnredeLocalized} {$Bestellung->Lieferadresse->cVorname} {$Bestellung->Lieferadresse->cNachname}\r\n{$Bestellung->Lieferadresse->cStrasse}\r\n{if $Bestellung->Lieferadresse->cAdressZusatz}{$Bestellung->Lieferadresse->cAdressZusatz}\r\n{/if}{$Bestellung->Lieferadresse->cPLZ} {$Bestellung->Lieferadresse->cOrt}\r\n{if $Bestellung->Lieferadresse->cBundesland}{$Bestellung->Lieferadresse->cBundesland}\r\n{/if}{$Bestellung->Lieferadresse->cLand}\r\n{if $Bestellung->Lieferadresse->cTel}Tel: {$Bestellung->Lieferadresse->cTel}\r\n{/if}{if $Bestellung->Lieferadresse->cMobil}Mobil: {$Bestellung->Lieferadresse->cMobil}\r\n{/if}{if $Bestellung->Lieferadresse->cFax}Fax: {$Bestellung->Lieferadresse->cFax}\r\n{/if}{if $Bestellung->Lieferadresse->cMail}Email: {$Bestellung->Lieferadresse->cMail}\r\n{/if}\r\n{/if}\r\n\r\nYou have chosen the following payment option: {$Bestellung->cZahlungsartName}\r\n\r\n{if $Bestellung->Zahlungsart->cModulId=="za_ueberweisung_jtl"}\r\nPlease make the following banktransfer:\r\nAccount owner:{$Firma->cKontoinhaber}\r\nbank:{$Firma->cBank}\r\naccount No.:{$Firma->cKontoNr}\r\nBLZ:{$Firma->cBLZ}\r\n\r\nPurpose:{$Bestellung->cBestellNr}\r\nTotal sum:{$Bestellung->WarensummeLocalized[0]}\r\n\r\nFor international banktransfers:\r\nBIC:{$Firma->cBIC}\r\nIBAN:{$Firma->cIBAN}\r\n{elseif $Bestellung->Zahlungsart->cModulId=="za_nachnahme_jtl"}\r\n{elseif $Bestellung->Zahlungsart->cModulId=="za_kreditkarte_jtl"}\r\n{elseif $Bestellung->Zahlungsart->cModulId=="za_rechnung_jtl"}\r\n{elseif $Bestellung->Zahlungsart->cModulId=="za_lastschrift_jtl"}\r\n{elseif $Bestellung->Zahlungsart->cModulId=="za_barzahlung_jtl"}\r\n{elseif $Bestellung->Zahlungsart->cModulId=="za_paypal_jtl"}\r\n{elseif $Bestellung->Zahlungsart->cModulId=="za_moneybookers_jtl"}\r\n{elseif $Bestellung->Zahlungsart->cModulId=="za_billpay_jtl"}\r\n{if $Bestellung->nZahlungsTyp == 1}\r\nPlease transfer the total amount to following account:\r\nAccount Holder: {$Bestellung->Zahlungsinfo->cInhaber}\r\nBank name: {$Bestellung->Zahlungsinfo->cBankName}\r\nBank code number: {$Bestellung->Zahlungsinfo->cBLZ}\r\nAccount number: {$Bestellung->Zahlungsinfo->cKontoNr}\r\nPurpose: {$Bestellung->cBestellNr}\r\n{/if}\r\n{/if}\r\n\r\nYour order will be shipped on receipt of payment. If you have chosen cash on delivery, you will of course only pay on receipt of your goods. \r\n\r\nYou will be notified about the following status of your order separately. \r\n\r\nYours sincerely, \r\n\r\n{$Firma->cName}', '', '');
UPDATE `tsprachwerte` SET `cWert`=" ", cStandard=" " WHERE `kSprachISO`=1 AND `kSprachsektion`=1 AND `cName`="only" AND `cWert`="nur";
UPDATE `tsprachwerte` SET `cWert`=" ", cStandard=" " WHERE `kSprachISO`=2 AND `kSprachsektion`=1 AND `cName`="only" AND `cWert`="only";
INSERT INTO `tadminwidgets` (`kWidget`, `kPlugin`, `cTitle`, `cClass`, `eContainer`, `cDescription`, `nPos`, `bExpanded`, `bActive`) VALUES (NULL, 0, 'Erweiterungen', 'ExtensionViewer', 'center', 'Zeigt alle aktiven Erweiterungen', 4, 1, 1);
INSERT INTO `tboxvorlage` (`kBoxvorlage` ,`kCustomID` ,`eTyp` ,`cName` ,`cVerfuegbar` ,`cTemplate`) VALUES ('33',  '0',  'tpl',  'Konfigurator',  '1',  'box_konfig.tpl');