ALTER TABLE tadminwidgets auto_increment = 1000;
ALTER TABLE `thersteller` ADD INDEX ( `cName` );
INSERT INTO `tadminwidgets` (`kWidget`, `kPlugin`, `cTitle`, `cClass`, `eContainer`, `cDescription`, `nPos`, `bExpanded`, `bActive`) VALUES (100, 0, 'Patches', 'Patch', 'center', 'Aktuelle JTL-Shop Patches', 1, 1, 1);
ALTER TABLE `tbestseller` ADD INDEX (  `kArtikel` ,  `fAnzahl` );
CREATE TABLE `tstaat` (`kStaat` INT UNSIGNED NULL AUTO_INCREMENT PRIMARY KEY ,`cLandIso` VARCHAR( 2 ) NOT NULL ,`cName` VARCHAR( 255 ) NOT NULL ,`cCode` VARCHAR( 3 ) NOT NULL ,INDEX (  `cLandIso` )) ENGINE = MYISAM CHARACTER SET latin1 COLLATE latin1_swedish_ci;
ALTER TABLE `tstaat` ADD INDEX (  `cName` );
DELETE FROM `teinstellungen` WHERE  `kEinstellungenSektion`=105 AND `cName`='preisverlauf_hintergrundfarbe' LIMIT 1;
DELETE FROM `teinstellungen` WHERE  `kEinstellungenSektion`=105 AND `cName`='preisverlauf_gridfarbe' LIMIT 1;
DELETE FROM `teinstellungen` WHERE  `kEinstellungenSektion`=105 AND `cName`='preisverlauf_graphfarbe' LIMIT 1;
DELETE FROM `teinstellungen` WHERE  `kEinstellungenSektion`=105 AND `cName`='preisverlauf_boxfarbe' LIMIT 1;
DELETE FROM `teinstellungen` WHERE  `kEinstellungenSektion`=105 AND `cName`='preisverlauf_textfarbe' LIMIT 1;
DELETE FROM `teinstellungen` WHERE  `kEinstellungenSektion`=105 AND `cName`='preisverlauf_schriftgroesse' LIMIT 1;
DELETE FROM `teinstellungen` WHERE  `kEinstellungenSektion`=105 AND `cName`='preisverlauf_breite' LIMIT 1;
DELETE FROM `teinstellungen` WHERE  `kEinstellungenSektion`=105 AND `cName`='preisverlauf_hoehe' LIMIT 1;
DELETE FROM `teinstellungen` WHERE  `kEinstellungenSektion`=105 AND `cName`='preisverlauf_padding_oben' LIMIT 1;
DELETE FROM `teinstellungen` WHERE  `kEinstellungenSektion`=105 AND `cName`='preisverlauf_padding_links' LIMIT 1;
DELETE FROM `teinstellungen` WHERE  `kEinstellungenSektion`=105 AND `cName`='preisverlauf_padding_unten' LIMIT 1;
DELETE FROM `teinstellungen` WHERE  `kEinstellungenSektion`=105 AND `cName`='preisverlauf_padding_rechts' LIMIT 1;
DELETE FROM `teinstellungen` WHERE  `kEinstellungenSektion`=105 AND `cName`='preisverlauf_padding_x' LIMIT 1;
DELETE FROM `teinstellungen` WHERE  `kEinstellungenSektion`=105 AND `cName`='preisverlauf_padding_y' LIMIT 1;
DELETE FROM `teinstellungenconf` WHERE  `kEinstellungenConf`=454 LIMIT 1;
DELETE FROM `teinstellungenconf` WHERE  `kEinstellungenConf`=455 LIMIT 1;
DELETE FROM `teinstellungenconf` WHERE  `kEinstellungenConf`=456 LIMIT 1;
DELETE FROM `teinstellungenconf` WHERE  `kEinstellungenConf`=457 LIMIT 1;
DELETE FROM `teinstellungenconf` WHERE  `kEinstellungenConf`=458 LIMIT 1;
DELETE FROM `teinstellungenconf` WHERE  `kEinstellungenConf`=459 LIMIT 1;
DELETE FROM `teinstellungenconf` WHERE  `kEinstellungenConf`=460 LIMIT 1;
DELETE FROM `teinstellungenconf` WHERE  `kEinstellungenConf`=461 LIMIT 1;
DELETE FROM `teinstellungenconf` WHERE  `kEinstellungenConf`=462 LIMIT 1;
DELETE FROM `teinstellungenconf` WHERE  `kEinstellungenConf`=463 LIMIT 1;
DELETE FROM `teinstellungenconf` WHERE  `kEinstellungenConf`=464 LIMIT 1;
DELETE FROM `teinstellungenconf` WHERE  `kEinstellungenConf`=465 LIMIT 1;
DELETE FROM `teinstellungenconf` WHERE  `kEinstellungenConf`=466 LIMIT 1;
DELETE FROM `teinstellungenconf` WHERE  `kEinstellungenConf`=467 LIMIT 1;
ALTER TABLE `tstaat` CHANGE  `cCode`  `cCode` VARCHAR( 10 ) CHARACTER SET latin1 COLLATE latin1_swedish_ci NOT NULL;
ALTER TABLE `tstaat` ADD INDEX (  `cCode` );
INSERT INTO `tstaat` (`kStaat`, `cLandIso`, `cName`, `cCode`) VALUES (1, 'US', 'Alabama', 'AL'), (2, 'US', 'Alaska', 'AK'), (3, 'US', 'American Samoa', 'AS'), (4, 'US', 'Arizona', 'AZ'), (5, 'US', 'Arkansas', 'AR'), (6, 'US', 'Armed Forces Africa', 'AF'), (7, 'US', 'Armed Forces Americas', 'AA'), (8, 'US', 'Armed Forces Canada', 'AC'), (9, 'US', 'Armed Forces Europe', 'AE'), (10, 'US', 'Armed Forces Middle East', 'AM'), (11, 'US', 'Armed Forces Pacific', 'AP'), (12, 'US', 'California', 'CA'), (13, 'US', 'Colorado', 'CO'), (14, 'US', 'Connecticut', 'CT'), (15, 'US', 'Delaware', 'DE'), (16, 'US', 'District of Columbia', 'DC'), (17, 'US', 'Federated States Of Micronesia', 'FM'), (18, 'US', 'Florida', 'FL'), (19, 'US', 'Georgia', 'GA'), (20, 'US', 'Guam', 'GU'), (21, 'US', 'Hawaii', 'HI'), (22, 'US', 'Idaho', 'ID'), (23, 'US', 'Illinois', 'IL'), (24, 'US', 'Indiana', 'IN'), (25, 'US', 'Iowa', 'IA'), (26, 'US', 'Kansas', 'KS'), (27, 'US', 'Kentucky', 'KY'), (28, 'US', 'Louisiana', 'LA'), (29, 'US', 'Louisiana', 'LA'), (30, 'US', 'Maine', 'ME'), (31, 'US', 'Marshall Islands', 'MH'), (32, 'US', 'Maryland', 'MD'), (33, 'US', 'Massachusetts', 'MA'), (34, 'US', 'Michigan', 'MI'), (35, 'US', 'Minnesota', 'MN'), (36, 'US', 'Mississippi', 'MS'), (37, 'US', 'Missouri', 'MO'), (38, 'US', 'Montana', 'MT'), (39, 'US', 'Nebraska', 'NE'), (40, 'US', 'Nevada', 'NV'), (41, 'US', 'New Hampshire', 'NH'), (42, 'US', 'New Jersey', 'NJ'), (43, 'US', 'New Mexico', 'NM'), (44, 'US', 'New York', 'NY'), (45, 'US', 'North Carolina', 'NC'), (46, 'US', 'North Dakota', 'ND'), (47, 'US', 'Northern Mariana Islands', 'MP'), (48, 'US', 'Ohio', 'OH'), (49, 'US', 'Oklahoma', 'OK'), (50, 'US', 'Oregon', 'OR'), (51, 'US', 'Palau', 'PW'), (52, 'US', 'Pennsylvania', 'PA'), (53, 'US', 'Puerto Rico', 'PR'), (54, 'US', 'Rhode Island', 'RI'), (55, 'US', 'South Carolina', 'SC'), (56, 'US', 'South Dakota', 'SD'), (57, 'US', 'Tennessee', 'TN'), (58, 'US', 'Texas', 'TX'), (59, 'US', 'Utah', 'UT'), (60, 'US', 'Vermont', 'VT'), (61, 'US', 'Virgin Islands', 'VI'), (62, 'US', 'Virginia', 'VA'), (63, 'US', 'Washington', 'WA'), (64, 'US', 'West Virginia', 'WV'), (65, 'US', 'Wisconsin', 'WI'), (66, 'US', 'Wyoming', 'WY'), (67, 'CA', 'Alberta', 'AB'), (68, 'CA', 'British Columbia', 'BC'), (69, 'CA', 'Manitoba', 'MB'), (70, 'CA', 'Newfoundland and Labrador', 'NL'), (71, 'CA', 'New Brunswick', 'NB'), (72, 'CA', 'Nova Scotia', 'NS'), (73, 'CA', 'Northwest Territories', 'NT'), (74, 'CA', 'Nunavut', 'NU'), (75, 'CA', 'Ontario', 'ON'), (76, 'CA', 'Prince Edward Island', 'PE'), (77, 'CA', 'Quebec', 'QC'), (78, 'CA', 'Saskatchewan', 'SK'), (79, 'CA', 'Yukon Territory', 'YT'), (80, 'DE', 'Niedersachsen', 'NDS'), (81, 'DE', 'Baden-W¸rttemberg', 'BAW'), (82, 'DE', 'Bayern', 'BAY'), (83, 'DE', 'Berlin', 'BER'), (84, 'DE', 'Brandenburg', 'BRG'), (85, 'DE', 'Bremen', 'BRE'), (86, 'DE', 'Hamburg', 'HAM'), (87, 'DE', 'Hessen', 'HES'), (88, 'DE', 'Mecklenburg-Vorpommern', 'MEC'), (89, 'DE', 'Nordrhein-Westfalen', 'NRW'), (90, 'DE', 'Rheinland-Pfalz', 'RHE'), (91, 'DE', 'Saarland', 'SAR'), (92, 'DE', 'Sachsen', 'SAS'), (93, 'DE', 'Sachsen-Anhalt', 'SAC'), (94, 'DE', 'Schleswig-Holstein', 'SCN'), (95, 'DE', 'Th¸ringen', 'THE'), (96, 'AT', 'Wien', 'WI'), (97, 'AT', 'Niederˆsterreich', 'NO'), (98, 'AT', 'Oberˆsterreich', 'OO'), (99, 'AT', 'Salzburg', 'SB'), (100, 'AT', 'K‰rnten', 'KN'), (101, 'AT', 'Steiermark', 'ST'), (102, 'AT', 'Tirol', 'TI'), (103, 'AT', 'Burgenland', 'BL'), (104, 'AT', 'Voralberg', 'VB'), (105, 'CH', 'Aargau', 'AG'), (106, 'CH', 'Appenzell Innerrhoden', 'AI'), (107, 'CH', 'Appenzell Ausserrhoden', 'AR'), (108, 'CH', 'Bern', 'BE'), (109, 'CH', 'Basel-Landschaft', 'BL'), (110, 'CH', 'Basel-Stadt', 'BS'), (111, 'CH', 'Freiburg', 'FR'), (112, 'CH', 'Genf', 'GE'), (113, 'CH', 'Glarus', 'GL'), (114, 'CH', 'Graub¸nden', 'GR'), (115, 'CH', 'Jura', 'JU'), (116, 'CH', 'Luzern', 'LU'), (117, 'CH', 'Neuenburg', 'NE'), (118, 'CH', 'Nidwalden', 'NW'), (119, 'CH', 'Obwalden', 'OW'), (120, 'CH', 'St. Gallen', 'SG'), (121, 'CH', 'Schaffhausen', 'SH'), (122, 'CH', 'Solothurn', 'SO'), (123, 'CH', 'Schwyz', 'SZ'), (124, 'CH', 'Thurgau', 'TG'), (125, 'CH', 'Tessin', 'TI'), (126, 'CH', 'Uri', 'UR'), (127, 'CH', 'Waadt', 'VD'), (128, 'CH', 'Wallis', 'VS'), (129, 'CH', 'Zug', 'ZG'), (130, 'CH', 'Z¸rich', 'ZH'), (131, 'ES', 'A CoruÒa', 'A Coru?a'), (132, 'ES', 'Alava', 'Alava'), (133, 'ES', 'Albacete', 'Albacete'), (134, 'ES', 'Alicante', 'Alicante'), (135, 'ES', 'Almeria', 'Almeria'), (136, 'ES', 'Asturias', 'Asturias'), (137, 'ES', 'Avila', 'Avila'), (138, 'ES', 'Badajoz', 'Badajoz'), (139, 'ES', 'Baleares', 'Baleares'), (140, 'ES', 'Barcelona', 'Barcelona'), (141, 'ES', 'Burgos', 'Burgos'), (142, 'ES', 'Caceres', 'Caceres'), (143, 'ES', 'Cadiz', 'Cadiz'), (144, 'ES', 'Cantabria', 'Cantabria'), (145, 'ES', 'Castellon', 'Castellon'), (146, 'ES', 'Ceuta', 'Ceuta'), (147, 'ES', 'Ciudad Real', 'Ciudad Rea'), (148, 'ES', 'Cordoba', 'Cordoba'), (149, 'ES', 'Cuenca', 'Cuenca'), (150, 'ES', 'Girona', 'Girona'), (151, 'ES', 'Granada', 'Granada'), (152, 'ES', 'Guadalajara', 'Guadalajar'), (153, 'ES', 'Guipuzcoa', 'Guipuzcoa'), (154, 'ES', 'Huelva', 'Huelva'), (155, 'ES', 'Huesca', 'Huesca'), (156, 'ES', 'Jaen', 'Jaen'), (157, 'ES', 'La Rioja', 'La Rioja'), (158, 'ES', 'Las Palmas', 'Las Palmas'), (159, 'ES', 'Leon', 'Leon'), (160, 'ES', 'Lleida', 'Lleida'), (161, 'ES', 'Lugo', 'Lugo'), (162, 'ES', 'Madrid', 'Madrid'), (163, 'ES', 'Malaga', 'Malaga'), (164, 'ES', 'Melilla', 'Melilla'), (165, 'ES', 'Murcia', 'Murcia'), (166, 'ES', 'Navarra', 'Navarra'), (167, 'ES', 'Ourense', 'Ourense'), (168, 'ES', 'Palencia', 'Palencia'), (169, 'ES', 'Pontevedra', 'Pontevedra'), (170, 'ES', 'Salamanca', 'Salamanca'), (171, 'ES', 'Santa Cruz de Tenerife', 'Santa Cruz'), (172, 'ES', 'Segovia', 'Segovia'), (173, 'ES', 'Sevilla', 'Sevilla'), (174, 'ES', 'Soria', 'Soria'), (175, 'ES', 'Tarragona', 'Tarragona'), (176, 'ES', 'Teruel', 'Teruel'), (177, 'ES', 'Toledo', 'Toledo'), (178, 'ES', 'Valencia', 'Valencia'), (179, 'ES', 'Valladolid', 'Valladolid'), (180, 'ES', 'Vizcaya', 'Vizcaya'), (181, 'ES', 'Zamora', 'Zamora'), (182, 'ES', 'Zaragoza', 'Zaragoza'), (183, 'FR', 'Ain', '1'), (184, 'FR', 'Aisne', '2'), (185, 'FR', 'Allier', '3'), (186, 'FR', 'Alpes-de-Haute-Provence', '4'), (187, 'FR', 'Hautes-Alpes', '5'), (188, 'FR', 'Alpes-Maritimes', '6'), (189, 'FR', 'ArdËche', '7'), (190, 'FR', 'Ardennes', '8'), (191, 'FR', 'AriËge', '9'), (192, 'FR', 'Aube', '10'), (193, 'FR', 'Aude', '11'), (194, 'FR', 'Aveyron', '12'), (195, 'FR', 'Bouches-du-RhÙne', '13'), (196, 'FR', 'Calvados', '14'), (197, 'FR', 'Cantal', '15'), (198, 'FR', 'Charente', '16'), (199, 'FR', 'Charente-Maritime', '17'), (200, 'FR', 'Cher', '18'), (201, 'FR', 'CorrËze', '19'), (202, 'FR', 'Corse-du-Sud', '2A'), (203, 'FR', 'Haute-Corse', '2B'), (204, 'FR', 'CÙte-d''Or', '21'), (205, 'FR', 'CÙtes-d''Armor', '22'), (206, 'FR', 'Creuse', '23'), (207, 'FR', 'Dordogne', '24'), (208, 'FR', 'Doubs', '25'), (209, 'FR', 'DrÙme', '26'), (210, 'FR', 'Eure', '27'), (211, 'FR', 'Eure-et-Loir', '28'), (212, 'FR', 'FinistËre', '29'), (213, 'FR', 'Gard', '30'), (214, 'FR', 'Haute-Garonne', '31'), (215, 'FR', 'Gers', '32'), (216, 'FR', 'Gironde', '33'), (217, 'FR', 'HÈrault', '34'), (218, 'FR', 'Ille-et-Vilaine', '35'), (219, 'FR', 'Indre', '36'), (220, 'FR', 'Indre-et-Loire', '37'), (221, 'FR', 'IsËre', '38'), (222, 'FR', 'Jura', '39'), (223, 'FR', 'Landes', '40'), (224, 'FR', 'Loir-et-Cher', '41'), (225, 'FR', 'Loire', '42'), (226, 'FR', 'Haute-Loire', '43'), (227, 'FR', 'Loire-Atlantique', '44'), (228, 'FR', 'Loiret', '45'), (229, 'FR', 'Lot', '46'), (230, 'FR', 'Lot-et-Garonne', '47'), (231, 'FR', 'LozËre', '48'), (232, 'FR', 'Maine-et-Loire', '49'), (233, 'FR', 'Manche', '50'), (234, 'FR', 'Marne', '51'), (235, 'FR', 'Haute-Marne', '52'), (236, 'FR', 'Mayenne', '53'), (237, 'FR', 'Meurthe-et-Moselle', '54'), (238, 'FR', 'Meuse', '55'), (239, 'FR', 'Morbihan', '56'), (240, 'FR', 'Moselle', '57'), (241, 'FR', 'NiËvre', '58'), (242, 'FR', 'Nord', '59'), (243, 'FR', 'Oise', '60'), (244, 'FR', 'Orne', '61'), (245, 'FR', 'Pas-de-Calais', '62'), (246, 'FR', 'Puy-de-DÙme', '63'), (247, 'FR', 'PyrÈnÈes-Atlantiques', '64'), (248, 'FR', 'Hautes-PyrÈnÈes', '65'), (249, 'FR', 'PyrÈnÈes-Orientales', '66'), (250, 'FR', 'Bas-Rhin', '67'), (251, 'FR', 'Haut-Rhin', '68'), (252, 'FR', 'RhÙne', '69'), (253, 'FR', 'Haute-SaÙne', '70'), (254, 'FR', 'SaÙne-et-Loire', '71'), (255, 'FR', 'Sarthe', '72'), (256, 'FR', 'Savoie', '73'), (257, 'FR', 'Haute-Savoie', '74'), (258, 'FR', 'Paris', '75'), (259, 'FR', 'Seine-Maritime', '76'), (260, 'FR', 'Seine-et-Marne', '77'), (261, 'FR', 'Yvelines', '78'), (262, 'FR', 'Deux-SËvres', '79'), (263, 'FR', 'Somme', '80'), (264, 'FR', 'Tarn', '81'), (265, 'FR', 'Tarn-et-Garonne', '82'), (266, 'FR', 'Var', '83'), (267, 'FR', 'Vaucluse', '84'), (268, 'FR', 'VendÈe', '85'), (269, 'FR', 'Vienne', '86'), (270, 'FR', 'Haute-Vienne', '87'), (271, 'FR', 'Vosges', '88'), (272, 'FR', 'Yonne', '89'), (273, 'FR', 'Territoire-de-Belfort', '90'), (274, 'FR', 'Essonne', '91'), (275, 'FR', 'Hauts-de-Seine', '92'), (276, 'FR', 'Seine-Saint-Denis', '93'), (277, 'FR', 'Val-de-Marne', '94'), (278, 'FR', 'Val-d''Oise', '95'), (279, 'RO', 'Alba', 'AB'), (280, 'RO', 'Arad', 'AR'), (281, 'RO', 'Arges', 'AG'), (282, 'RO', 'Bacau', 'BC'), (283, 'RO', 'Bihor', 'BH'), (284, 'RO', 'Bistrita-Nasaud', 'BN'), (285, 'RO', 'Botosani', 'BT'), (286, 'RO', 'Brasov', 'BV'), (287, 'RO', 'Braila', 'BR'), (288, 'RO', 'Bucuresti', 'B'), (289, 'RO', 'Buzau', 'BZ'), (290, 'RO', 'Caras-Severin', 'CS'), (291, 'RO', 'Calarasi', 'CL'), (292, 'RO', 'Cluj', 'CJ'), (293, 'RO', 'Constanta', 'CT'), (294, 'RO', 'Covasna', 'CV'), (295, 'RO', 'D‚mbovita', 'DB'), (296, 'RO', 'Dolj', 'DJ'), (297, 'RO', 'Galati', 'GL'), (298, 'RO', 'Giurgiu', 'GR'), (299, 'RO', 'Gorj', 'GJ'), (300, 'RO', 'Harghita', 'HR'), (301, 'RO', 'Hunedoara', 'HD'), (302, 'RO', 'Ialomita', 'IL'), (303, 'RO', 'Iasi', 'IS'), (304, 'RO', 'Ilfov', 'IF'), (305, 'RO', 'Maramures', 'MM'), (306, 'RO', 'Mehedinti', 'MH'), (307, 'RO', 'Mures', 'MS'), (308, 'RO', 'Neamt', 'NT'), (309, 'RO', 'Olt', 'OT'), (310, 'RO', 'Prahova', 'PH'), (311, 'RO', 'Satu-Mare', 'SM'), (312, 'RO', 'Salaj', 'SJ'), (313, 'RO', 'Sibiu', 'SB'), (314, 'RO', 'Suceava', 'SV'), (315, 'RO', 'Teleorman', 'TR'), (316, 'RO', 'Timis', 'TM'), (317, 'RO', 'Tulcea', 'TL'), (318, 'RO', 'Vaslui', 'VS'), (319, 'RO', 'V‚lcea', 'VL'), (320, 'RO', 'Vrancea', 'VN'), (321, 'FI', 'Lappi', 'Lappi'), (322, 'FI', 'Pohjois-Pohjanmaa', 'Pohjois-Po'), (323, 'FI', 'Kainuu', 'Kainuu'), (324, 'FI', 'Pohjois-Karjala', 'Pohjois-Ka'), (325, 'FI', 'Pohjois-Savo', 'Pohjois-Sa'), (326, 'FI', 'Etel‰-Savo', 'Etel‰-Savo'), (327, 'FI', 'Etel‰-Pohjanmaa', 'Etel‰-Pohj'), (328, 'FI', 'Pohjanmaa', 'Pohjanmaa'), (329, 'FI', 'Pirkanmaa', 'Pirkanmaa'), (330, 'FI', 'Satakunta', 'Satakunta'), (331, 'FI', 'Keski-Pohjanmaa', 'Keski-Pohj'), (332, 'FI', 'Keski-Suomi', 'Keski-Suom'), (333, 'FI', 'Varsinais-Suomi', 'Varsinais-'), (334, 'FI', 'Etel‰-Karjala', 'Etel‰-Karj'), (335, 'FI', 'P‰ij‰t-H‰me', 'P‰ij‰t-H‰m'), (336, 'FI', 'Kanta-H‰me', 'Kanta-H‰me'), (337, 'FI', 'Uusimaa', 'Uusimaa'), (338, 'FI', 'It‰-Uusimaa', 'It‰-Uusima'), (339, 'FI', 'Kymenlaakso', 'Kymenlaaks'), (340, 'FI', 'Ahvenanmaa', 'Ahvenanmaa'), (341, 'EE', 'Harjumaa', 'EE-37'), (342, 'EE', 'Hiiumaa', 'EE-39'), (343, 'EE', 'Ida-Virumaa', 'EE-44'), (344, 'EE', 'Jıgevamaa', 'EE-49'), (345, 'EE', 'J‰rvamaa', 'EE-51'), (346, 'EE', 'L‰‰nemaa', 'EE-57'), (347, 'EE', 'L‰‰ne-Virumaa', 'EE-59'), (348, 'EE', 'Pılvamaa', 'EE-65'), (349, 'EE', 'P‰rnumaa', 'EE-67'), (350, 'EE', 'Raplamaa', 'EE-70'), (351, 'EE', 'Saaremaa', 'EE-74'), (352, 'EE', 'Tartumaa', 'EE-78'), (353, 'EE', 'Valgamaa', 'EE-82'), (354, 'EE', 'Viljandimaa', 'EE-84'), (355, 'EE', 'Vırumaa', 'EE-86'), (356, 'LV', 'Daugavpils', 'LV-DGV'), (357, 'LV', 'Jelgava', 'LV-JEL'), (358, 'LV', 'Jekabpils', 'Jekabpils'), (359, 'LV', 'Jurmala', 'LV-JUR'), (360, 'LV', 'Liepaja', 'LV-LPX'), (361, 'LV', 'Liepajas novads', 'LV-LE'), (362, 'LV', 'Rezekne', 'LV-REZ'), (363, 'LV', 'Riga', 'LV-RIX'), (364, 'LV', 'Rigas novads', 'LV-RI'), (365, 'LV', 'Valmiera', 'Valmiera'), (366, 'LV', 'Ventspils', 'LV-VEN'), (367, 'LV', 'Aglonas novads', 'Aglonas no'), (368, 'LV', 'Aizkraukles novads', 'LV-AI'), (369, 'LV', 'Aizputes novads', 'Aizputes n'), (370, 'LV', 'Aknistes novads', 'Aknistes n'), (371, 'LV', 'Alojas novads', 'Alojas nov'), (372, 'LV', 'Alsungas novads', 'Alsungas n'), (373, 'LV', 'Aluksnes novads', 'LV-AL'), (374, 'LV', 'Amatas novads', 'Amatas nov'), (375, 'LV', 'Apes novads', 'Apes novad'), (376, 'LV', 'Auces novads', 'Auces nova'), (377, 'LV', 'Babites novads', 'Babites no'), (378, 'LV', 'Baldones novads', 'Baldones n'), (379, 'LV', 'Baltinavas novads', 'Baltinavas'), (380, 'LV', 'Balvu novads', 'LV-BL'), (381, 'LV', 'Bauskas novads', 'LV-BU'), (382, 'LV', 'Beverinas novads', 'Beverinas '), (383, 'LV', 'Brocenu novads', 'Brocenu no'), (384, 'LV', 'Burtnieku novads', 'Burtnieku '), (385, 'LV', 'Carnikavas novads', 'Carnikavas'), (386, 'LV', 'Cesvaines novads', 'Cesvaines '), (387, 'LV', 'Ciblas novads', 'Ciblas nov'), (388, 'LV', 'Cesu novads', 'LV-CE'), (389, 'LV', 'Dagdas novads', 'Dagdas nov'), (390, 'LV', 'Daugavpils novads', 'LV-DA'), (391, 'LV', 'Dobeles novads', 'LV-DO'), (392, 'LV', 'Dundagas novads', 'Dundagas n'), (393, 'LV', 'Durbes novads', 'Durbes nov'), (394, 'LV', 'Engures novads', 'Engures no'), (395, 'LV', 'Garkalnes novads', 'Garkalnes '), (396, 'LV', 'Grobinas novads', 'Grobinas n'), (397, 'LV', 'Gulbenes novads', 'LV-GU'), (398, 'LV', 'Iecavas novads', 'Iecavas no'), (399, 'LV', 'Ikskiles novads', 'Ikskiles n'), (400, 'LV', 'Ilukstes novads', 'Ilukstes n'), (401, 'LV', 'Incukalna novads', 'Incukalna '), (402, 'LV', 'Jaunjelgavas novads', 'Jaunjelgav'), (403, 'LV', 'Jaunpiebalgas novads', 'Jaunpiebal'), (404, 'LV', 'Jaunpils novads', 'Jaunpils n'), (405, 'LV', 'Jelgavas novads', 'LV-JL'), (406, 'LV', 'Jekabpils novads', 'LV-JK'), (407, 'LV', 'Kandavas novads', 'Kandavas n'), (408, 'LV', 'Kokneses novads', 'Kokneses n'), (409, 'LV', 'Krimuldas novads', 'Krimuldas '), (410, 'LV', 'Krustpils novads', 'Krustpils '), (411, 'LV', 'Kraslavas novads', 'LV-KR'), (412, 'LV', 'Kuldigas novads', 'LV-KU'), (413, 'LV', 'Karsavas novads', 'Karsavas n'), (414, 'LV', 'Lielvardes novads', 'Lielvardes'), (415, 'LV', 'Limbazu novads', 'LV-LM'), (416, 'LV', 'Lubanas novads', 'Lubanas no'), (417, 'LV', 'Ludzas novads', 'LV-LU'), (418, 'LV', 'Ligatnes novads', 'Ligatnes n'), (419, 'LV', 'Livanu novads', 'Livanu nov'), (420, 'LV', 'Madonas novads', 'LV-MA'), (421, 'LV', 'Mazsalacas novads', 'Mazsalacas'), (422, 'LV', 'Malpils novads', 'Malpils no'), (423, 'LV', 'Marupes novads', 'Marupes no'), (424, 'LV', 'Nauksenu novads', 'Nauksenu n'), (425, 'LV', 'Neretas novads', 'Neretas no'), (426, 'LV', 'Nicas novads', 'Nicas nova'), (427, 'LV', 'Ogres novads', 'LV-OG'), (428, 'LV', 'Olaines novads', 'Olaines no'), (429, 'LV', 'Ozolnieku novads', 'Ozolnieku '), (430, 'LV', 'Preilu novads', 'LV-PR'), (431, 'LV', 'Priekules novads', 'Priekules '), (432, 'LV', 'Priekulu novads', 'Priekulu n'), (433, 'LV', 'Pargaujas novads', 'Pargaujas '), (434, 'LV', 'Pavilostas novads', 'Pavilostas'), (435, 'LV', 'Plavinu novads', 'Plavinu no'), (436, 'LV', 'Raunas novads', 'Raunas nov'), (437, 'LV', 'Riebinu novads', 'Riebinu no'), (438, 'LV', 'Rojas novads', 'Rojas nova'), (439, 'LV', 'Ropazu novads', 'Ropazu nov'), (440, 'LV', 'Rucavas novads', 'Rucavas no'), (441, 'LV', 'Rugaju novads', 'Rugaju nov'), (442, 'LV', 'Rundales novads', 'Rundales n'), (443, 'LV', 'Rezeknes novads', 'LV-RE'), (444, 'LV', 'Rujienas novads', 'Rujienas n'), (445, 'LV', 'Salacgrivas novads', 'Salacgriva'), (446, 'LV', 'Salas novads', 'Salas nova'), (447, 'LV', 'Salaspils novads', 'Salaspils '), (448, 'LV', 'Saldus novads', 'LV-SA'), (449, 'LV', 'Saulkrastu novads', 'Saulkrastu'), (450, 'LV', 'Siguldas novads', 'Siguldas n'), (451, 'LV', 'Skrundas novads', 'Skrundas n'), (452, 'LV', 'Skriveru novads', 'Skriveru n'), (453, 'LV', 'Smiltenes novads', 'Smiltenes '), (454, 'LV', 'Stopinu novads', 'Stopinu no'), (455, 'LV', 'Strencu novads', 'Strencu no'), (456, 'LV', 'Sejas novads', 'Sejas nova'), (457, 'LV', 'Talsu novads', 'LV-TA'), (458, 'LV', 'Tukuma novads', 'LV-TU'), (459, 'LV', 'Tervetes novads', 'Tervetes n'), (460, 'LV', 'Vainodes novads', 'Vainodes n'), (461, 'LV', 'Valkas novads', 'LV-VK'), (462, 'LV', 'Valmieras novads', 'LV-VM'), (463, 'LV', 'Varaklanu novads', 'Varaklanu '), (464, 'LV', 'Vecpiebalgas novads', 'Vecpiebalg'), (465, 'LV', 'Vecumnieku novads', 'Vecumnieku'), (466, 'LV', 'Ventspils novads', 'LV-VE'), (467, 'LV', 'Viesites novads', 'Viesites n'), (468, 'LV', 'Vilakas novads', 'Vilakas no'), (469, 'LV', 'Vilanu novads', 'Vilanu nov'), (470, 'LV', 'Varkavas novads', 'Varkavas n'), (471, 'LV', 'Zilupes novads', 'Zilupes no'), (472, 'LV', 'Adazu novads', 'Adazu nova'), (473, 'LV', 'Erglu novads', 'Erglu nova'), (474, 'LV', 'Keguma novads', 'Keguma nov'), (475, 'LV', 'Kekavas novads', 'Kekavas no'), (476, 'LT', 'Alytaus Apskritis', 'LT-AL'), (477, 'LT', 'Kauno Apskritis', 'LT-KU'), (478, 'LT', 'Klaipedos Apskritis', 'LT-KL'), (479, 'LT', 'Marijampoles Apskritis', 'LT-MR'), (480, 'LT', 'Panevezio Apskritis', 'LT-PN'), (481, 'LT', 'siauliu Apskritis', 'LT-SA'), (482, 'LT', 'Taurages Apskritis', 'LT-TA'), (483, 'LT', 'Telsiu Apskritis', 'LT-TE'), (484, 'LT', 'Utenos Apskritis', 'LT-UT'), (485, 'LT', 'Vilniaus Apskritis', 'LT-VL');
INSERT INTO `teinstellungenconf` (`kEinstellungenConf` ,`kEinstellungenSektion` ,`cName` ,`cBeschreibung` ,`cWertName` ,`cInputTyp` ,`cModulId` ,`nSort` ,`nStandardAnzeigen` ,`nModul` ,`cConf`)VALUES ('1517',  '8',  'Box: Preisradar',  '', NULL , NULL , NULL ,  '1400',  '1',  '0',  'N');
INSERT INTO `teinstellungenconf` (`kEinstellungenConf`, `kEinstellungenSektion`, `cName`, `cBeschreibung`, `cWertName`, `cInputTyp`, `cModulId`, `nSort`, `nStandardAnzeigen`, `nModul`, `cConf`) VALUES ('1518', '8', 'Scrolling nutzen', 'Sollen die Produkte scrollbar sein?', 'boxen_preisradar_scrollbar', 'selectbox', '', '1410', '1', '0', 'Y'), ('1519', '8', 'Anzahl Artikel anzeigen', 'Wieviele Artikel sollen gleichzeitig in der Box zu sehen sein?', 'boxen_preisradar_anzahl', 'zahl', '', '1420', '1', '0', 'Y'), ('1520', '8', 'Wieviele Tage sollen beachtet werden?', 'Wieviele Tage in der Vergangenheit, sollen f¸r den Preisverlauf beachtet werden?', 'boxen_preisradar_anzahltage', 'zahl', '', '1430', '1', '0', 'Y');
INSERT INTO `teinstellungenconfwerte` (`kEinstellungenConf`, `cName`, `cWert`, `nSort`) VALUES ('1518', 'Nein', '0', '1'), ('1518', 'Ja, von oben nach unten', '1', '2'), ('1518', 'Ja, von unten nach oben', '2', '3');
INSERT INTO `teinstellungen` (`kEinstellungenSektion`, `cName`, `cWert`, `cModulId`) VALUES ('8', 'boxen_preisradar_scrollbar', '0', ''), ('8', 'boxen_preisradar_anzahl', '3', ''), ('8', 'boxen_preisradar_anzahltage', '30', '');
INSERT INTO `tboxvorlage` (`kBoxvorlage` ,`kCustomID` ,`eTyp` ,`cName` ,`cVerfuegbar` ,`cTemplate`)VALUES (100,  '0',  'tpl',  'Preisradar',  '0',  'box_preisradar.tpl');
ALTER TABLE tboxvorlage auto_increment = 1000;
INSERT INTO `tsprachwerte` (`kSprachISO`, `kSprachsektion`, `cName`, `cWert`, `cStandard`, `bSystem`) VALUES ('1', '1', 'priceRadar', 'Preisradar', 'Preisradar', '1'), ('2', '1', 'priceRadar', 'Priceradar', 'Priceradar', '1');
INSERT INTO `tadminwidgets` (`kWidget`, `kPlugin`, `cTitle`, `cClass`, `eContainer`, `cDescription`, `nPos`, `bExpanded`, `bActive`) VALUES (101, 0, 'Marktplatz', 'Marketplace', 'center', 'JTL-Marktplatz (Erweiterungen)', 1, 1, 1);
INSERT INTO `tsprachwerte` (`kSprachISO`, `kSprachsektion`, `cName`, `cWert`, `cStandard`, `bSystem`) VALUES ('1', '4', 'clicktozoom', 'Zum Vergrˆﬂern klicken', 'Zum Vergrˆﬂern klicken', '1'), ('2', '4', 'clicktozoom', 'Click to zoom', 'Click to zoom', '1');
ALTER TABLE  `tcheckboxlogging` ADD  `kBestellung` INT( 10 ) UNSIGNED NOT NULL AFTER  `kBesucher`;
INSERT INTO `temailvorlage` (`kEmailvorlage`, `cName`, `cBeschreibung`, `cMailTyp`, `cModulId`, `cDateiname`, `cAktiv`, `nAKZ`, `nAGB`, `nWRB`, `nFehlerhaft`) VALUES (26, 'Bonusguthaben f¸r Bewertung', '', 'text/html', 'core_jtl_bewertung_guthaben', '', 'Y', 0, 0, 0, 0);
INSERT INTO `tadminmenu` (`kAdminmenueGruppe`, `cModulId`, `cLinkname`, `cURL`, `cRecht`) VALUES (3, 'core_jtl', 'Slider', 'slider.php', 'DISPLAY_SLIDER_VIEW');
INSERT INTO `temailvorlageoriginal` (`kEmailvorlage`, `cName`, `cBeschreibung`, `cMailTyp`, `cModulId`, `cDateiname`, `cAktiv`, `nAKZ`, `nAGB`, `nWRB`, `nFehlerhaft`) VALUES (26, 'Bonusguthaben f¸r  Bewertung', '', 'text/html', 'core_jtl_bewertung_guthaben', '', 'Y', 0, 0, 0, 0);
INSERT INTO `temailvorlagesprache` (`kEmailvorlage`, `kSprache`, `cBetreff`, `cContentHtml`, `cContentText`, `cPDFS`, `cDateiname`) VALUES (26, 1, 'Bonusguthaben f¸r Ihre Bewertung', 'Sehr {if $Kunde->cAnrede=="w"}geehrte{else}geehrter{/if} {$Kunde->cAnredeLocalized} {$Kunde->cNachname},<br><br>\r\n\r\nvielen Dank f¸r Ihre Bewertung eines Artikels. Ihr Guthaben Bonus in Hˆhe von {$oBewertungGuthabenBonus->fGuthabenBonusLocalized} steht Ihnen ab sofort zur Verf¸gung.\r\nSie kˆnnen Ihr Guthaben jederzeit bei einem Ihrer n‰chsten Eink‰ufe einlˆsen.', 'Sehr {if $Kunde->cAnrede=="w"}geehrte{else}geehrter{/if} {$Kunde->cAnredeLocalized} {$Kunde->cNachname},\r\n\r\nvielen Dank f¸r Ihre Bewertung eines Artikels. Ihr Guthaben Bonus in Hˆhe von {$oBewertungGuthabenBonus->fGuthabenBonusLocalized} steht Ihnen ab sofort zur Verf¸gung.\r\nSie kˆnnen Ihr Guthaben jederzeit bei einem Ihrer n‰chsten Eink‰ufe einlˆsen.', '', ''), (26, 2, 'bonus credit four your rating', 'Dear {$Kunde->cVorname} {$Kunde->cNachname}, <br><br>\r\n\r\nthank you for your rating of a product. Your bonus credit in the amount of {$oBewertungGuthabenBonus->fGuthabenBonusLocalized} is now available.\r\nYou can use your credit at any time for your next purchase.', 'Dear {$Kunde->cVorname} {$Kunde->cNachname},\r\n\r\nthank you for your rating of a product. Your bonus credit in the amount of {$oBewertungGuthabenBonus->fGuthabenBonusLocalized} is now available.\r\nYou can use your credit at any time for your next purchase.', '', '');
INSERT INTO `temailvorlagespracheoriginal` (`kEmailvorlage`, `kSprache`, `cBetreff`, `cContentHtml`, `cContentText`, `cPDFS`, `cDateiname`) VALUES (26, 1, 'Bonusguthaben f¸r Ihre Bewertung', 'Sehr {if $Kunde->cAnrede=="w"}geehrte{else}geehrter{/if} {$Kunde->cAnredeLocalized} {$Kunde->cNachname},<br><br>\r\n\r\nvielen Dank f¸r Ihre Bewertung eines Artikels. Ihr Guthaben Bonus in Hˆhe von {$oBewertungGuthabenBonus->fGuthabenBonusLocalized} steht Ihnen ab sofort zur Verf¸gung.\r\nSie kˆnnen Ihr Guthaben jederzeit bei einem Ihrer n‰chsten Eink‰ufe einlˆsen.', 'Sehr {if $Kunde->cAnrede=="w"}geehrte{else}geehrter{/if} {$Kunde->cAnredeLocalized} {$Kunde->cNachname},\r\n\r\nvielen Dank f¸r Ihre Bewertung eines Artikels. Ihr Guthaben Bonus in Hˆhe von {$oBewertungGuthabenBonus->fGuthabenBonusLocalized} steht Ihnen ab sofort zur Verf¸gung.\r\nSie kˆnnen Ihr Guthaben jederzeit bei einem Ihrer n‰chsten Eink‰ufe einlˆsen.', '', ''), (26, 2, 'bonus credit four your rating', 'Dear {$Kunde->cVorname} {$Kunde->cNachname}, <br><br>\r\n\r\nthank you for your rating of a product. Your bonus credit in the amount of {$oBewertungGuthabenBonus->fGuthabenBonusLocalized} is now available.\r\nYou can use your credit at any time for your next purchase.', 'Dear {$Kunde->cVorname} {$Kunde->cNachname},\r\n\r\nthank you for your rating of a product. Your bonus credit in the amount of {$oBewertungGuthabenBonus->fGuthabenBonusLocalized} is now available.\r\nYou can use your credit at any time for your next purchase.', '', '');
INSERT INTO `teinstellungenconf` (`kEinstellungenConf`, `kEinstellungenSektion`, `cName`, `cBeschreibung`, `cWertName`, `cInputTyp`, `cModulId`, `nSort`, `nStandardAnzeigen`, `nModul`, `cConf`) VALUES ('1521', '6', 'Vorname abfragen', 'Wenn Vorname eine Pflichtangabe ist aber kein Vorname angegeben ist abbrechen.', 'kundenregistrierung_pflicht_vorname', 'selectbox', '', '106', '1', '0', 'Y');
INSERT INTO `teinstellungenconfwerte` (`kEinstellungenConf`, `cName`, `cWert`, `nSort`) VALUES ('1521', 'Ja, erforderliche Angabe', 'Y', '1'), ('1521', 'Ja, optionale Angabe', 'N', '2');
INSERT INTO `teinstellungen` (`kEinstellungenSektion`, `cName`, `cWert`, `cModulId`) VALUES ('6', 'kundenregistrierung_pflicht_vorname', 'Y', '');
INSERT INTO `tsprachwerte` (`kSprachISO`, `kSprachsektion`, `cName`, `cWert`, `cStandard`, `bSystem`) VALUES (1, 28, 'sliderPrev', 'Zur¸ck', 'Zur¸ck', 1);
INSERT INTO `tsprachwerte` (`kSprachISO`, `kSprachsektion`, `cName`, `cWert`, `cStandard`, `bSystem`) VALUES (1, 28, 'sliderNext', 'Weiter', 'Weiter', 1);
CREATE TABLE `tslider` (   `kSlider` int(10) unsigned NOT NULL AUTO_INCREMENT,   `cName` varchar(45) NOT NULL,   `kSprache` int(10) unsigned NOT NULL,   `kKundengruppe` int(10) unsigned NOT NULL,   `nSeitenTyp` int(10) unsigned NOT NULL,   `cTheme` varchar(45) NOT NULL,   `bAktiv` tinyint(1) NOT NULL,   `nPauseTime` int(10) unsigned NOT NULL,   `nAnimationSpeed` int(10) unsigned NOT NULL,   `bPauseOnHover` tinyint(1) NOT NULL,   `bThumbnail` tinyint(1) NOT NULL,   `cEffects` varchar(255) NOT NULL,   `bControlNav` tinyint(1) NOT NULL,   `bDirectionNav` tinyint(1) NOT NULL,   `bRandomStart` tinyint(1) NOT NULL,   PRIMARY KEY (`kSlider`)) ENGINE=MyISAM CHARACTER SET latin1 COLLATE latin1_swedish_ci;
CREATE TABLE `tslide` (   `kSlide` int(10) unsigned NOT NULL AUTO_INCREMENT,   `kSlider` int(10) unsigned NOT NULL,   `cTitel` varchar(45) NOT NULL,   `cBild` varchar(255) NOT NULL,   `cText` varchar(255) NOT NULL,   `nSort` int(10) unsigned NOT NULL,   `cThumbnail` varchar(255) NOT NULL,   `cLink` varchar(255) NOT NULL,   PRIMARY KEY (`kSlide`) ) ENGINE=MyISAM CHARACTER SET latin1 COLLATE latin1_swedish_ci;
INSERT INTO `tsprachwerte` (`kSprachISO`, `kSprachsektion`, `cName`, `cWert`, `cStandard`, `bSystem`) VALUES ('1', '13', 'unsubscribeAnytime', 'Abmeldung jederzeit mˆglich', 'Abmeldung jederzeit mˆglich', '1'), ('2', '13', 'unsubscribeAnytime', 'Unsubscribe anytime', 'Unsubscribe anytime', '1');
INSERT INTO `tsprachwerte` (`kSprachISO`, `kSprachsektion`, `cName`, `cWert`, `cStandard`, `bSystem`) VALUES ('1', '23', 'statusPartialShipped', 'teilversendet', 'teilversendet', '1'), ('2', '23', 'statusPartialShipped', 'Part delivery', 'Part delivery', '1');
INSERT INTO `tsprachwerte` (`kSprachISO`, `kSprachsektion`, `cName`, `cWert`, `cStandard`, `bSystem`) VALUES ('1', '23', 'shippingOrder', 'Lieferschein', 'Lieferschein', '1'), ('2', '23', 'shippingOrder', 'Shipping order', 'Shipping order', '1');
INSERT INTO `tsprachwerte` (`kSprachISO`, `kSprachsektion`, `cName`, `cWert`, `cStandard`, `bSystem`) VALUES ('1', '23', 'partialShipped', 'Teilauslieferung', 'Teilauslieferung', '1'), ('2', '23', 'partialShipped', 'Partial shipment', 'Partial shipment', '1');
INSERT INTO `tsprachwerte` (`kSprachISO`, `kSprachsektion`, `cName`, `cWert`, `cStandard`, `bSystem`) VALUES ('1', '23', 'openPartialShipped', 'Offene Teilauslieferungen', 'Offene Teilauslieferungen', '1'), ('2', '23', 'openPartialShipped', 'Open partial shipment', 'Open partial shipment', '1');
INSERT INTO `tsprachwerte` (`kSprachISO`, `kSprachsektion`, `cName`, `cWert`, `cStandard`, `bSystem`) VALUES ('1', '23', 'partialShippedPosition', 'Position', 'Position', '1'), ('2', '23', 'partialShippedPosition', 'Position', 'Position', '1');
INSERT INTO `tsprachwerte` (`kSprachISO`, `kSprachsektion`, `cName`, `cWert`, `cStandard`, `bSystem`) VALUES ('1', '23', 'partialShippedCount', 'Anzahl', 'Anzahl', '1'), ('2', '23', 'partialShippedCount', 'Quantity', 'Quantity', '1');
INSERT INTO `tsprachwerte` (`kSprachISO`, `kSprachsektion`, `cName`, `cWert`, `cStandard`, `bSystem`) VALUES ('1', '23', 'partialShippedDate', 'Ausgeliefert am', 'Ausgeliefert am', '1'), ('2', '23', 'partialShippedDate', 'Delivered on', 'Delivered on', '1');
ALTER TABLE `tlieferschein` ADD COLUMN `bEmailVerschickt` BOOLEAN NOT NULL AFTER `dErstellt`;
CREATE TABLE `tmerkmalwertbild` ( `kMerkmalWert` INT( 10 ) UNSIGNED NOT NULL , `cBildpfad` VARCHAR( 255 ) NOT NULL ) ENGINE=MyISAM CHARACTER SET latin1 COLLATE latin1_swedish_ci;
INSERT INTO `tsprachwerte` (`kSprachISO`, `kSprachsektion`, `cName`, `cWert`, `cStandard`, `bSystem`) VALUES ('1', '23', 'shipped', 'Versendet', 'Versendet', '1'), ('2', '23', 'shipped', 'Shipped', 'Shipped', '1');
INSERT INTO `tsprachwerte` (`kSprachISO`, `kSprachsektion`, `cName`, `cWert`, `cStandard`, `bSystem`) VALUES ('1', '23', 'packageTracking', 'Sendungsverfolgung', 'Sendungsverfolgung', '1'), ('2', '23', 'packageTracking', 'Package tracking', 'Package tracking', '1');
CREATE TABLE `tredirectreferer` ( `kRedirectReferer` INT( 10 ) UNSIGNED NOT NULL AUTO_INCREMENT PRIMARY KEY , `kRedirect` INT( 10 ) UNSIGNED NOT NULL , `kBesucherBot` INT( 10 ) UNSIGNED NOT NULL , `cRefererUrl` VARCHAR( 255 ) NOT NULL , `dDate` INT( 10 ) UNSIGNED NOT NULL ) ENGINE=MyISAM CHARACTER SET latin1 COLLATE latin1_swedish_ci;
ALTER TABLE `tredirect` DROP `nCount`, DROP `dFirst`;
ALTER TABLE  `tredirectreferer` ADD  `cIP` VARCHAR( 15 ) NOT NULL AFTER  `cRefererUrl`;
INSERT INTO `temailvorlage` (`kEmailvorlage`, `cName`, `cBeschreibung`, `cMailTyp`, `cModulId`, `cDateiname`, `cAktiv`, `nAKZ`, `nAGB`, `nWRB`, `nFehlerhaft`) VALUES (27, 'Bestellung teilversandt', '', 'text/html', 'core_jtl_bestellung_teilversandt', 'bestellung_teilversandt', 'Y', 0, 0, 0, 0);
INSERT INTO `temailvorlageoriginal` (`kEmailvorlage`, `cName`, `cBeschreibung`, `cMailTyp`, `cModulId`, `cDateiname`, `cAktiv`, `nAKZ`, `nAGB`, `nWRB`, `nFehlerhaft`) VALUES (27, 'Bestellung teilversandt', '', 'text/html', 'core_jtl_bestellung_teilversandt', 'bestellung_teilversandt', 'Y', 0, 0, 0, 0);
INSERT INTO `temailvorlagesprache` (`kEmailvorlage`, `kSprache`, `cBetreff`, `cContentHtml`, `cContentText`, `cPDFS`, `cDateiname`) VALUES (27, 1, 'Ihre Bestellung bei #firma.name#', 'Sehr {if $Kunde->cAnrede=="w"}geehrte{else}geehrter{/if} {$Kunde->cAnredeLocalized} {$Kunde->cNachname},<br><br>\r\n\r\nder Versandstatus Ihrer Bestellung mit der Bestell-Nr. {$Bestellung->cBestellNr} hat sich ge‰ndert.<br><br>\r\n\r\n{foreach name=pos from=$Bestellung->oLieferschein_arr item=oLieferschein}\r\n{if !$oLieferschein->getEmailVerschickt()}\r\n<table width="600" border="0" cellspacing="0" cellpadding="0">\r\n<tr>\r\n<td width="100"><strong>Anzahl</strong></td>\r\n<td align="left"><strong>Position</strong></td>\r\n</tr>\r\n{foreach from=$oLieferschein->oPosition_arr item=Position}\r\n<tr>\r\n<td width="100" valign="top">\r\n{$Position->nAusgeliefert}\r\n</td>\r\n<td align="left" valign="top">\r\n{if $Position->nPosTyp==1}\r\n{$Position->cName} {if $Position->cArtNr}({$Position->cArtNr}){/if}\r\n{foreach name=variationen from=$Position->WarenkorbPosEigenschaftArr item=WKPosEigenschaft}\r\n<br>{$WKPosEigenschaft->cEigenschaftName}: {$WKPosEigenschaft->cEigenschaftWertName}\r\n{/foreach}\r\n{else}\r\n{$Position->cName}\r\n{/if}\r\n</td>\r\n</tr>\r\n{/foreach}\r\n</table>\r\n{foreach from=$oLieferschein->oVersand_arr item=oVersand}\r\n{if $oVersand->getIdentCode()|@count_characters > 0}\r\n<p>Tracking-Url: <a href="{$oVersand->getLogistikVarUrl()}">{$oVersand->getIdentCode()}</a></p>\r\n{/if}\r\n{/foreach}\r\n<hr>\r\n{/if}\r\n{/foreach}\r\n\r\n<br><br>\r\n‹ber den weiteren Verlauf Ihrer Bestellung werden wir Sie jeweils gesondert informieren. <br><br>\r\n\r\nMit freundlichem Gruﬂ,<br><br>\r\n\r\nIhr Team von {$Firma->cName}\r\n', 'Sehr {if $Kunde->cAnrede=="w"}geehrte{else}geehrter{/if} {$Kunde->cAnredeLocalized} {$Kunde->cNachname},\r\n\r\nder Versandstatus Ihrer Bestellung mit der Bestell-Nr. {$Bestellung->cBestellNr} hat sich ge‰ndert.\r\n\r\n{foreach name=pos from=$Bestellung->oLieferschein_arr item=oLieferschein}\r\n{if !$oLieferschein->getEmailVerschickt()}\r\nAnzahl, Position\r\n{foreach from=$oLieferschein->oPosition_arr item=Position}\r\n{$Position->nAusgeliefert}, {strip}\r\n{if $Position->nPosTyp==1}\r\n{$Position->cName} {if $Position->cArtNr}({$Position->cArtNr}){/if}\r\n{foreach name=variationen from=$Position->WarenkorbPosEigenschaftArr item=WKPosEigenschaft}\r\n{$WKPosEigenschaft->cEigenschaftName}: {$WKPosEigenschaft->cEigenschaftWertName}\r\n{/foreach}\r\n{else}\r\n{$Position->cName}\r\n{/if}\r\n{/strip}\r\n{/foreach}\r\n\r\n{foreach from=$oLieferschein->oVersand_arr item=oVersand}\r\n{if $oVersand->getIdentCode()|@count_characters > 0}\r\nTracking-Url: {$oVersand->getLogistikVarUrl()}\r\n{/if}\r\n{/foreach}\r\n{/if}\r\n{/foreach}\r\n\r\n‹ber den weiteren Verlauf Ihrer Bestellung werden wir Sie jeweils gesondert informieren.\r\n\r\nMit freundlichem Gruﬂ,\r\n\r\nIhr Team von {$Firma->cName}', '', '');
INSERT INTO `temailvorlagesprache` (`kEmailvorlage`, `kSprache`, `cBetreff`, `cContentHtml`, `cContentText`, `cPDFS`, `cDateiname`) VALUES (27, 2, 'Your order #bestellung.bestellnr# at #firma.name#', 'Dear {$Kunde->cVorname} {$Kunde->cNachname},<br><br>\r\n\r\nthe tracking information with order nr. {$Bestellung->cBestellNr} has been changed.<br><br>\r\n\r\n{foreach name=pos from=$Bestellung->oLieferschein_arr item=oLieferschein}\r\n{if !$oLieferschein->getEmailVerschickt()}\r\n<table width="600" border="0" cellspacing="0" cellpadding="0">\r\n<tr>\r\n<td width="100"><strong>Quantity</strong></td>\r\n<td align="left"><strong>Position</strong></td>\r\n</tr>\r\n{foreach from=$oLieferschein->oPosition_arr item=Position}\r\n<tr>\r\n<td width="100" valign="top">\r\n{$Position->nAusgeliefert}\r\n</td>\r\n<td align="left" valign="top">\r\n{if $Position->nPosTyp==1}\r\n{$Position->cName} {if $Position->cArtNr}({$Position->cArtNr}){/if}\r\n{foreach name=variationen from=$Position->WarenkorbPosEigenschaftArr item=WKPosEigenschaft}\r\n<br>{$WKPosEigenschaft->cEigenschaftName}: {$WKPosEigenschaft->cEigenschaftWertName}\r\n{/foreach}\r\n{else}\r\n{$Position->cName}\r\n{/if}\r\n</td>\r\n</tr>\r\n{/foreach}\r\n</table>\r\n{foreach from=$oLieferschein->oVersand_arr item=oVersand}\r\n{if $oVersand->getIdentCode()|@count_characters > 0}\r\n<p>Tracking-Url: <a href="{$oVersand->getLogistikVarUrl()}">{$oVersand->getIdentCode()}</a></p>\r\n{/if}\r\n{/foreach}\r\n<hr>\r\n{/if}\r\n{/foreach}\r\n\r\n<br><br>\r\nYou will be notified about the following status of your order separately.<br><br>\r\n\r\nYours sincerely,<br><br>\r\n\r\n{$Firma->cName}\r\n', 'Dear {$Kunde->cVorname} {$Kunde->cNachname},\r\n\r\nthe tracking information with order nr. {$Bestellung->cBestellNr} has been changed.\r\n\r\n{foreach name=pos from=$Bestellung->oLieferschein_arr item=oLieferschein}\r\n{if !$oLieferschein->getEmailVerschickt()}\r\nQuantity, Position\r\n{foreach from=$oLieferschein->oPosition_arr item=Position}\r\n{$Position->nAusgeliefert}, {strip}\r\n{if $Position->nPosTyp==1}\r\n{$Position->cName} {if $Position->cArtNr}({$Position->cArtNr}){/if}\r\n{foreach name=variationen from=$Position->WarenkorbPosEigenschaftArr item=WKPosEigenschaft}\r\n{$WKPosEigenschaft->cEigenschaftName}: {$WKPosEigenschaft->cEigenschaftWertName}\r\n{/foreach}\r\n{else}\r\n{$Position->cName}\r\n{/if}\r\n{/strip}\r\n{/foreach}\r\n\r\n{foreach from=$oLieferschein->oVersand_arr item=oVersand}\r\n{if $oVersand->getIdentCode()|@count_characters > 0}\r\nTracking-Url: {$oVersand->getLogistikVarUrl()}\r\n{/if}\r\n{/foreach}\r\n{/if}\r\n{/foreach}\r\n\r\nYou will be notified about the following status of your order separately. \r\n\r\nYours sincerely, \r\n{$Firma->cName}', '', '');
INSERT INTO `temailvorlagespracheoriginal` (`kEmailvorlage`, `kSprache`, `cBetreff`, `cContentHtml`, `cContentText`, `cPDFS`, `cDateiname`) VALUES (27, 1, 'Ihre Bestellung bei #firma.name#', 'Sehr {if $Kunde->cAnrede=="w"}geehrte{else}geehrter{/if} {$Kunde->cAnredeLocalized} {$Kunde->cNachname},<br><br>\r\n\r\nder Versandstatus Ihrer Bestellung mit der Bestell-Nr. {$Bestellung->cBestellNr} hat sich ge‰ndert.<br><br>\r\n\r\n{foreach name=pos from=$Bestellung->oLieferschein_arr item=oLieferschein}\r\n{if !$oLieferschein->getEmailVerschickt()}\r\n<table width="600" border="0" cellspacing="0" cellpadding="0">\r\n<tr>\r\n<td width="100"><strong>Anzahl</strong></td>\r\n<td align="left"><strong>Position</strong></td>\r\n</tr>\r\n{foreach from=$oLieferschein->oPosition_arr item=Position}\r\n<tr>\r\n<td width="100" valign="top">\r\n{$Position->nAusgeliefert}\r\n</td>\r\n<td align="left" valign="top">\r\n{if $Position->nPosTyp==1}\r\n{$Position->cName} {if $Position->cArtNr}({$Position->cArtNr}){/if}\r\n{foreach name=variationen from=$Position->WarenkorbPosEigenschaftArr item=WKPosEigenschaft}\r\n<br>{$WKPosEigenschaft->cEigenschaftName}: {$WKPosEigenschaft->cEigenschaftWertName}\r\n{/foreach}\r\n{else}\r\n{$Position->cName}\r\n{/if}\r\n</td>\r\n</tr>\r\n{/foreach}\r\n</table>\r\n{foreach from=$oLieferschein->oVersand_arr item=oVersand}\r\n{if $oVersand->getIdentCode()|@count_characters > 0}\r\n<p>Tracking-Url: <a href="{$oVersand->getLogistikVarUrl()}">{$oVersand->getIdentCode()}</a></p>\r\n{/if}\r\n{/foreach}\r\n<hr>\r\n{/if}\r\n{/foreach}\r\n\r\n<br><br>\r\n‹ber den weiteren Verlauf Ihrer Bestellung werden wir Sie jeweils gesondert informieren. <br><br>\r\n\r\nMit freundlichem Gruﬂ,<br><br>\r\n\r\nIhr Team von {$Firma->cName}\r\n', 'Sehr {if $Kunde->cAnrede=="w"}geehrte{else}geehrter{/if} {$Kunde->cAnredeLocalized} {$Kunde->cNachname},\r\n\r\nder Versandstatus Ihrer Bestellung mit der Bestell-Nr. {$Bestellung->cBestellNr} hat sich ge‰ndert.\r\n\r\n{foreach name=pos from=$Bestellung->oLieferschein_arr item=oLieferschein}\r\n{if !$oLieferschein->getEmailVerschickt()}\r\nAnzahl, Position\r\n{foreach from=$oLieferschein->oPosition_arr item=Position}\r\n{$Position->nAusgeliefert}, {strip}\r\n{if $Position->nPosTyp==1}\r\n{$Position->cName} {if $Position->cArtNr}({$Position->cArtNr}){/if}\r\n{foreach name=variationen from=$Position->WarenkorbPosEigenschaftArr item=WKPosEigenschaft}\r\n{$WKPosEigenschaft->cEigenschaftName}: {$WKPosEigenschaft->cEigenschaftWertName}\r\n{/foreach}\r\n{else}\r\n{$Position->cName}\r\n{/if}\r\n{/strip}\r\n{/foreach}\r\n\r\n{foreach from=$oLieferschein->oVersand_arr item=oVersand}\r\n{if $oVersand->getIdentCode()|@count_characters > 0}\r\nTracking-Url: {$oVersand->getLogistikVarUrl()}\r\n{/if}\r\n{/foreach}\r\n{/if}\r\n{/foreach}\r\n\r\n‹ber den weiteren Verlauf Ihrer Bestellung werden wir Sie jeweils gesondert informieren.\r\n\r\nMit freundlichem Gruﬂ,\r\n\r\nIhr Team von {$Firma->cName}', '', '');
INSERT INTO `temailvorlagespracheoriginal` (`kEmailvorlage`, `kSprache`, `cBetreff`, `cContentHtml`, `cContentText`, `cPDFS`, `cDateiname`) VALUES (27, 2, 'Your order #bestellung.bestellnr# at #firma.name#', 'Dear {$Kunde->cVorname} {$Kunde->cNachname},<br><br>\r\n\r\nthe tracking information with order nr. {$Bestellung->cBestellNr} has been changed.<br><br>\r\n\r\n{foreach name=pos from=$Bestellung->oLieferschein_arr item=oLieferschein}\r\n{if !$oLieferschein->getEmailVerschickt()}\r\n<table width="600" border="0" cellspacing="0" cellpadding="0">\r\n<tr>\r\n<td width="100"><strong>Quantity</strong></td>\r\n<td align="left"><strong>Position</strong></td>\r\n</tr>\r\n{foreach from=$oLieferschein->oPosition_arr item=Position}\r\n<tr>\r\n<td width="100" valign="top">\r\n{$Position->nAusgeliefert}\r\n</td>\r\n<td align="left" valign="top">\r\n{if $Position->nPosTyp==1}\r\n{$Position->cName} {if $Position->cArtNr}({$Position->cArtNr}){/if}\r\n{foreach name=variationen from=$Position->WarenkorbPosEigenschaftArr item=WKPosEigenschaft}\r\n<br>{$WKPosEigenschaft->cEigenschaftName}: {$WKPosEigenschaft->cEigenschaftWertName}\r\n{/foreach}\r\n{else}\r\n{$Position->cName}\r\n{/if}\r\n</td>\r\n</tr>\r\n{/foreach}\r\n</table>\r\n{foreach from=$oLieferschein->oVersand_arr item=oVersand}\r\n{if $oVersand->getIdentCode()|@count_characters > 0}\r\n<p>Tracking-Url: <a href="{$oVersand->getLogistikVarUrl()}">{$oVersand->getIdentCode()}</a></p>\r\n{/if}\r\n{/foreach}\r\n<hr>\r\n{/if}\r\n{/foreach}\r\n\r\n<br><br>\r\nYou will be notified about the following status of your order separately.<br><br>\r\n\r\nYours sincerely,<br><br>\r\n\r\n{$Firma->cName}\r\n', 'Dear {$Kunde->cVorname} {$Kunde->cNachname},\r\n\r\nthe tracking information with order nr. {$Bestellung->cBestellNr} has been changed.\r\n\r\n{foreach name=pos from=$Bestellung->oLieferschein_arr item=oLieferschein}\r\n{if !$oLieferschein->getEmailVerschickt()}\r\nQuantity, Position\r\n{foreach from=$oLieferschein->oPosition_arr item=Position}\r\n{$Position->nAusgeliefert}, {strip}\r\n{if $Position->nPosTyp==1}\r\n{$Position->cName} {if $Position->cArtNr}({$Position->cArtNr}){/if}\r\n{foreach name=variationen from=$Position->WarenkorbPosEigenschaftArr item=WKPosEigenschaft}\r\n{$WKPosEigenschaft->cEigenschaftName}: {$WKPosEigenschaft->cEigenschaftWertName}\r\n{/foreach}\r\n{else}\r\n{$Position->cName}\r\n{/if}\r\n{/strip}\r\n{/foreach}\r\n\r\n{foreach from=$oLieferschein->oVersand_arr item=oVersand}\r\n{if $oVersand->getIdentCode()|@count_characters > 0}\r\nTracking-Url: {$oVersand->getLogistikVarUrl()}\r\n{/if}\r\n{/foreach}\r\n{/if}\r\n{/foreach}\r\n\r\nYou will be notified about the following status of your order separately. \r\n\r\nYours sincerely, \r\n{$Firma->cName}', '', '');
ALTER TABLE tredirect COLLATE latin1_swedish_ci;
ALTER TABLE tlieferschein COLLATE latin1_swedish_ci;
ALTER TABLE tlieferscheinpos COLLATE latin1_swedish_ci;
CREATE TABLE `tlieferscheinposinfo` ( `kLieferscheinPosInfo` INT( 10 ) UNSIGNED NOT NULL AUTO_INCREMENT PRIMARY KEY , `kLieferscheinPos` INT( 10 ) UNSIGNED NOT NULL , `cSeriennummer` VARCHAR( 255 ) NOT NULL , `cChargeNr` VARCHAR( 255 ) NOT NULL , `dMHD` DATETIME NOT NULL ) ENGINE = MYISAM ;
INSERT INTO `tsprachwerte` (`kSprachISO`, `kSprachsektion`, `cName`, `cWert`, `cStandard`, `bSystem`) VALUES ('1', '1', 'mdh', 'Mindesthaltbarkeitsdatum', 'Mindesthaltbarkeitsdatum', '1'), ('2', '1', 'mdh', 'Best before date', 'Best before date', '1');
INSERT INTO `tsprachwerte` (`kSprachISO`, `kSprachsektion`, `cName`, `cWert`, `cStandard`, `bSystem`) VALUES ('1', '1', 'charge', 'Charge', 'Charge', '1'), ('2', '1', 'charge', 'Charge', 'Charge', '1');
INSERT INTO `tsprachwerte` (`kSprachISO`, `kSprachsektion`, `cName`, `cWert`, `cStandard`, `bSystem`) VALUES ('1', '1', 'serialnumber', 'Seriennummer', 'Seriennummer', '1'), ('2', '1', 'serialnumber', 'Serial number', 'Serial number', '1');
UPDATE `temailvorlagesprache` SET cContentHTML='Sehr {if $Kunde->cAnrede=="w"}geehrte{else}geehrter{/if} {$Kunde->cAnredeLocalized} {$Kunde->cNachname},<br><br>\r\n\r\nder Versandstatus Ihrer Bestellung mit der Bestell-Nr. {$Bestellung->cBestellNr} hat sich ge‰ndert.<br><br>\r\n\r\n{foreach name=pos from=$Bestellung->oLieferschein_arr item=oLieferschein}\r\n{if !$oLieferschein->getEmailVerschickt()}\r\n<table width="600" border="0" cellspacing="0" cellpadding="0">\r\n<tr>\r\n<td width="100"><strong>Anzahl</strong></td>\r\n<td align="left"><strong>Position</strong></td>\r\n</tr>\r\n{foreach from=$oLieferschein->oPosition_arr item=Position}\r\n<tr>\r\n<td width="100" valign="top">\r\n{$Position->nAusgeliefert}\r\n</td>\r\n<td align="left" valign="top">\r\n{if $Position->nPosTyp==1}\r\n{$Position->cName} {if $Position->cArtNr}({$Position->cArtNr}){/if}\r\n{foreach name=variationen from=$Position->WarenkorbPosEigenschaftArr item=WKPosEigenschaft}\r\n<br>{$WKPosEigenschaft->cEigenschaftName}: {$WKPosEigenschaft->cEigenschaftWertName}\r\n{/foreach}\r\n\r\n{* Seriennummer *}\r\n{if $Position->cSeriennummer|@count_characters > 0}\r\n<br>Seriennummer: {$Position->cSeriennummer}\r\n{/if}\r\n\r\n{* MHD *}\r\n{if $Position->dMHD|@count_characters > 0}\r\n<br>Mindesthaltbarkeitsdatum: {$Position->dMHD_de}\r\n{/if}\r\n\r\n{* Charge *}\r\n{if $Position->cChargeNr|@count_characters > 0}\r\n<br>Charge: {$Position->cChargeNr}\r\n{/if}\r\n\r\n{else}\r\n{$Position->cName}\r\n{/if}\r\n</td>\r\n</tr>\r\n{/foreach}\r\n</table>\r\n{foreach from=$oLieferschein->oVersand_arr item=oVersand}\r\n{if $oVersand->getIdentCode()|@count_characters > 0}\r\n<p>Tracking-Url: <a href="{$oVersand->getLogistikVarUrl()}">{$oVersand->getIdentCode()}</a></p>\r\n{/if}\r\n{/foreach}\r\n<hr>\r\n{/if}\r\n{/foreach}\r\n\r\n<br><br>\r\n‹ber den weiteren Verlauf Ihrer Bestellung werden wir Sie jeweils gesondert informieren. <br><br>\r\n\r\nMit freundlichem Gruﬂ,<br><br>\r\n\r\nIhr Team von {$Firma->cName}', cContentText='Sehr {if $Kunde->cAnrede=="w"}geehrte{else}geehrter{/if} {$Kunde->cAnredeLocalized} {$Kunde->cNachname},\r\n\r\nder Versandstatus Ihrer Bestellung mit der Bestell-Nr. {$Bestellung->cBestellNr} hat sich ge‰ndert.\r\n\r\n{foreach name=pos from=$Bestellung->oLieferschein_arr item=oLieferschein}\r\n{if !$oLieferschein->getEmailVerschickt()}\r\nAnzahl, Position\r\n{foreach from=$oLieferschein->oPosition_arr item=Position}\r\n{$Position->nAusgeliefert}, {strip}\r\n{if $Position->nPosTyp==1}\r\n{$Position->cName} {if $Position->cArtNr}({$Position->cArtNr}){/if}\r\n{foreach name=variationen from=$Position->WarenkorbPosEigenschaftArr item=WKPosEigenschaft}\r\n{$WKPosEigenschaft->cEigenschaftName}: {$WKPosEigenschaft->cEigenschaftWertName}\r\n{/foreach}\r\n{if $Position->cSeriennummer|@count_characters > 0}\r\nSeriennummer: {$Position->cSeriennummer}\r\n{/if}\r\n{if $Position->dMHD|@count_characters > 0}\r\nMindesthaltbarkeitsdatum: {$Position->dMHD_de}\r\n{/if}\r\n{if $Position->cChargeNr|@count_characters > 0}\r\nCharge: {$Position->cChargeNr}\r\n{/if}\r\n{else}\r\n{$Position->cName}\r\n{/if}\r\n{/strip}\r\n{/foreach}\r\n\r\n{foreach from=$oLieferschein->oVersand_arr item=oVersand}\r\n{if $oVersand->getIdentCode()|@count_characters > 0}\r\nTracking-Url: {$oVersand->getLogistikVarUrl()}\r\n{/if}\r\n{/foreach}\r\n{/if}\r\n{/foreach}\r\n\r\n‹ber den weiteren Verlauf Ihrer Bestellung werden wir Sie jeweils gesondert informieren.\r\n\r\nMit freundlichem Gruﬂ,\r\n\r\nIhr Team von {$Firma->cName}' WHERE kEmailvorlage=27 AND kSprache=1;
UPDATE `temailvorlagesprache` SET cContentHTML='Dear {$Kunde->cVorname} {$Kunde->cNachname},<br><br>\r\n\r\nthe tracking information with order nr. {$Bestellung->cBestellNr} has been changed.<br><br>\r\n\r\n{foreach name=pos from=$Bestellung->oLieferschein_arr item=oLieferschein}\r\n{if !$oLieferschein->getEmailVerschickt()}\r\n<table width="600" border="0" cellspacing="0" cellpadding="0">\r\n<tr>\r\n<td width="100"><strong>Quantity</strong></td>\r\n<td align="left"><strong>Position</strong></td>\r\n</tr>\r\n{foreach from=$oLieferschein->oPosition_arr item=Position}\r\n<tr>\r\n<td width="100" valign="top">\r\n{$Position->nAusgeliefert}\r\n</td>\r\n<td align="left" valign="top">\r\n{if $Position->nPosTyp==1}\r\n{$Position->cName} {if $Position->cArtNr}({$Position->cArtNr}){/if}\r\n{foreach name=variationen from=$Position->WarenkorbPosEigenschaftArr item=WKPosEigenschaft}\r\n<br>{$WKPosEigenschaft->cEigenschaftName}: {$WKPosEigenschaft->cEigenschaftWertName}\r\n{/foreach}\r\n\r\n{* Seriennummer *}\r\n{if $Position->cSeriennummer|@count_characters > 0}\r\n<br>Serialnumber: {$Position->cSeriennummer}\r\n{/if}\r\n\r\n{* MHD *}\r\n{if $Position->dMHD|@count_characters > 0}\r\n<br>Best before: {$Position->dMHD}\r\n{/if}\r\n\r\n{* Charge *}\r\n{if $Position->cChargeNr|@count_characters > 0}\r\n<br>Charge: {$Position->cChargeNr}\r\n{/if}\r\n\r\n{else}\r\n{$Position->cName}\r\n{/if}\r\n</td>\r\n</tr>\r\n{/foreach}\r\n</table>\r\n{foreach from=$oLieferschein->oVersand_arr item=oVersand}\r\n{if $oVersand->getIdentCode()|@count_characters > 0}\r\n<p>Tracking-Url: <a href="{$oVersand->getLogistikVarUrl()}">{$oVersand->getIdentCode()}</a></p>\r\n{/if}\r\n{/foreach}\r\n<hr>\r\n{/if}\r\n{/foreach}\r\n\r\n<br><br>\r\nYou will be notified about the following status of your order separately.<br><br>\r\n\r\nYours sincerely,<br><br>\r\n\r\n{$Firma->cName}\r\n', cContentText='Dear {$Kunde->cVorname} {$Kunde->cNachname},\r\n\r\nthe tracking information with order nr. {$Bestellung->cBestellNr} has been changed.\r\n\r\n{foreach name=pos from=$Bestellung->oLieferschein_arr item=oLieferschein}\r\n{if !$oLieferschein->getEmailVerschickt()}\r\nQuantity, Position\r\n{foreach from=$oLieferschein->oPosition_arr item=Position}\r\n{$Position->nAusgeliefert}, {strip}\r\n{if $Position->nPosTyp==1}\r\n{$Position->cName} {if $Position->cArtNr}({$Position->cArtNr}){/if}\r\n{foreach name=variationen from=$Position->WarenkorbPosEigenschaftArr item=WKPosEigenschaft}\r\n{$WKPosEigenschaft->cEigenschaftName}: {$WKPosEigenschaft->cEigenschaftWertName}\r\n{/foreach}\r\n{if $Position->cSeriennummer|@count_characters > 0}\r\nSerialnumber: {$Position->cSeriennummer}\r\n{/if}\r\n{if $Position->dMHD|@count_characters > 0}\r\nBest before: {$Position->dMHD}\r\n{/if}\r\n{if $Position->cChargeNr|@count_characters > 0}\r\nCharge: {$Position->cChargeNr}\r\n{/if}\r\n{else}\r\n{$Position->cName}\r\n{/if}\r\n{/strip}\r\n{/foreach}\r\n\r\n{foreach from=$oLieferschein->oVersand_arr item=oVersand}\r\n{if $oVersand->getIdentCode()|@count_characters > 0}\r\nTracking-Url: {$oVersand->getLogistikVarUrl()}\r\n{/if}\r\n{/foreach}\r\n{/if}\r\n{/foreach}\r\n\r\nYou will be notified about the following status of your order separately. \r\n\r\nYours sincerely, \r\n{$Firma->cName}' WHERE kEmailvorlage=27 AND kSprache=2;
DELETE FROM `temailvorlagespracheoriginal` WHERE kEmailvorlage=27 OR kEMailvorlage=21;
INSERT INTO `temailvorlagespracheoriginal` (`kEmailvorlage`, `kSprache`, `cBetreff`, `cContentHtml`, `cContentText`, `cPDFS`, `cDateiname`) VALUES (27, 2, 'Your order #bestellung.bestellnr# at #firma.name#', 'Dear {$Kunde->cVorname} {$Kunde->cNachname},<br><br>\r\n\r\nthe tracking information with order nr. {$Bestellung->cBestellNr} has been changed.<br><br>\r\n\r\n{foreach name=pos from=$Bestellung->oLieferschein_arr item=oLieferschein}\r\n{if !$oLieferschein->getEmailVerschickt()}\r\n<table width="600" border="0" cellspacing="0" cellpadding="0">\r\n<tr>\r\n<td width="100"><strong>Quantity</strong></td>\r\n<td align="left"><strong>Position</strong></td>\r\n</tr>\r\n{foreach from=$oLieferschein->oPosition_arr item=Position}\r\n<tr>\r\n<td width="100" valign="top">\r\n{$Position->nAusgeliefert}\r\n</td>\r\n<td align="left" valign="top">\r\n{if $Position->nPosTyp==1}\r\n{$Position->cName} {if $Position->cArtNr}({$Position->cArtNr}){/if}\r\n{foreach name=variationen from=$Position->WarenkorbPosEigenschaftArr item=WKPosEigenschaft}\r\n<br>{$WKPosEigenschaft->cEigenschaftName}: {$WKPosEigenschaft->cEigenschaftWertName}\r\n{/foreach}\r\n\r\n{* Seriennummer *}\r\n{if $Position->cSeriennummer|@count_characters > 0}\r\n<br>Serialnumber: {$Position->cSeriennummer}\r\n{/if}\r\n\r\n{* MHD *}\r\n{if $Position->dMHD|@count_characters > 0}\r\n<br>Best before: {$Position->dMHD}\r\n{/if}\r\n\r\n{* Charge *}\r\n{if $Position->cChargeNr|@count_characters > 0}\r\n<br>Charge: {$Position->cChargeNr}\r\n{/if}\r\n\r\n{else}\r\n{$Position->cName}\r\n{/if}\r\n</td>\r\n</tr>\r\n{/foreach}\r\n</table>\r\n{foreach from=$oLieferschein->oVersand_arr item=oVersand}\r\n{if $oVersand->getIdentCode()|@count_characters > 0}\r\n<p>Tracking-Url: <a href="{$oVersand->getLogistikVarUrl()}">{$oVersand->getIdentCode()}</a></p>\r\n{/if}\r\n{/foreach}\r\n<hr>\r\n{/if}\r\n{/foreach}\r\n\r\n<br><br>\r\nYou will be notified about the following status of your order separately.<br><br>\r\n\r\nYours sincerely,<br><br>\r\n\r\n{$Firma->cName}\r\n', 'Dear {$Kunde->cVorname} {$Kunde->cNachname},\r\n\r\nthe tracking information with order nr. {$Bestellung->cBestellNr} has been changed.\r\n\r\n{foreach name=pos from=$Bestellung->oLieferschein_arr item=oLieferschein}\r\n{if !$oLieferschein->getEmailVerschickt()}\r\nQuantity, Position\r\n{foreach from=$oLieferschein->oPosition_arr item=Position}\r\n{$Position->nAusgeliefert}, {strip}\r\n{if $Position->nPosTyp==1}\r\n{$Position->cName} {if $Position->cArtNr}({$Position->cArtNr}){/if}\r\n{foreach name=variationen from=$Position->WarenkorbPosEigenschaftArr item=WKPosEigenschaft}\r\n{$WKPosEigenschaft->cEigenschaftName}: {$WKPosEigenschaft->cEigenschaftWertName}\r\n{/foreach}\r\n{if $Position->cSeriennummer|@count_characters > 0}\r\nSerialnumber: {$Position->cSeriennummer}\r\n{/if}\r\n{if $Position->dMHD|@count_characters > 0}\r\nBest before: {$Position->dMHD}\r\n{/if}\r\n{if $Position->cChargeNr|@count_characters > 0}\r\nCharge: {$Position->cChargeNr}\r\n{/if}\r\n{else}\r\n{$Position->cName}\r\n{/if}\r\n{/strip}\r\n{/foreach}\r\n\r\n{foreach from=$oLieferschein->oVersand_arr item=oVersand}\r\n{if $oVersand->getIdentCode()|@count_characters > 0}\r\nTracking-Url: {$oVersand->getLogistikVarUrl()}\r\n{/if}\r\n{/foreach}\r\n{/if}\r\n{/foreach}\r\n\r\nYou will be notified about the following status of your order separately. \r\n\r\nYours sincerely, \r\n{$Firma->cName}', '', '');  
INSERT INTO `temailvorlagespracheoriginal` (`kEmailvorlage`, `kSprache`, `cBetreff`, `cContentHtml`, `cContentText`, `cPDFS`, `cDateiname`) VALUES (27, 1, 'Ihre Bestellung bei #firma.name#', 'Sehr {if $Kunde->cAnrede=="w"}geehrte{else}geehrter{/if} {$Kunde->cAnredeLocalized} {$Kunde->cNachname},<br><br>\r\n\r\nder Versandstatus Ihrer Bestellung mit der Bestell-Nr. {$Bestellung->cBestellNr} hat sich ge‰ndert.<br><br>\r\n\r\n{foreach name=pos from=$Bestellung->oLieferschein_arr item=oLieferschein}\r\n{if !$oLieferschein->getEmailVerschickt()}\r\n<table width="600" border="0" cellspacing="0" cellpadding="0">\r\n<tr>\r\n<td width="100"><strong>Anzahl</strong></td>\r\n<td align="left"><strong>Position</strong></td>\r\n</tr>\r\n{foreach from=$oLieferschein->oPosition_arr item=Position}\r\n<tr>\r\n<td width="100" valign="top">\r\n{$Position->nAusgeliefert}\r\n</td>\r\n<td align="left" valign="top">\r\n{if $Position->nPosTyp==1}\r\n{$Position->cName} {if $Position->cArtNr}({$Position->cArtNr}){/if}\r\n{foreach name=variationen from=$Position->WarenkorbPosEigenschaftArr item=WKPosEigenschaft}\r\n<br>{$WKPosEigenschaft->cEigenschaftName}: {$WKPosEigenschaft->cEigenschaftWertName}\r\n{/foreach}\r\n\r\n{* Seriennummer *}\r\n{if $Position->cSeriennummer|@count_characters > 0}\r\n<br>Seriennummer: {$Position->cSeriennummer}\r\n{/if}\r\n\r\n{* MHD *}\r\n{if $Position->dMHD|@count_characters > 0}\r\n<br>Mindesthaltbarkeitsdatum: {$Position->dMHD_de}\r\n{/if}\r\n\r\n{* Charge *}\r\n{if $Position->cChargeNr|@count_characters > 0}\r\n<br>Charge: {$Position->cChargeNr}\r\n{/if}\r\n\r\n{else}\r\n{$Position->cName}\r\n{/if}\r\n</td>\r\n</tr>\r\n{/foreach}\r\n</table>\r\n{foreach from=$oLieferschein->oVersand_arr item=oVersand}\r\n{if $oVersand->getIdentCode()|@count_characters > 0}\r\n<p>Tracking-Url: <a href="{$oVersand->getLogistikVarUrl()}">{$oVersand->getIdentCode()}</a></p>\r\n{/if}\r\n{/foreach}\r\n<hr>\r\n{/if}\r\n{/foreach}\r\n\r\n<br><br>\r\n‹ber den weiteren Verlauf Ihrer Bestellung werden wir Sie jeweils gesondert informieren. <br><br>\r\n\r\nMit freundlichem Gruﬂ,<br><br>\r\n\r\nIhr Team von {$Firma->cName}', 'Sehr {if $Kunde->cAnrede=="w"}geehrte{else}geehrter{/if} {$Kunde->cAnredeLocalized} {$Kunde->cNachname},\r\n\r\nder Versandstatus Ihrer Bestellung mit der Bestell-Nr. {$Bestellung->cBestellNr} hat sich ge‰ndert.\r\n\r\n{foreach name=pos from=$Bestellung->oLieferschein_arr item=oLieferschein}\r\n{if !$oLieferschein->getEmailVerschickt()}\r\nAnzahl, Position\r\n{foreach from=$oLieferschein->oPosition_arr item=Position}\r\n{$Position->nAusgeliefert}, {strip}\r\n{if $Position->nPosTyp==1}\r\n{$Position->cName} {if $Position->cArtNr}({$Position->cArtNr}){/if}\r\n{foreach name=variationen from=$Position->WarenkorbPosEigenschaftArr item=WKPosEigenschaft}\r\n{$WKPosEigenschaft->cEigenschaftName}: {$WKPosEigenschaft->cEigenschaftWertName}\r\n{/foreach}\r\n{if $Position->cSeriennummer|@count_characters > 0}\r\nSeriennummer: {$Position->cSeriennummer}\r\n{/if}\r\n{if $Position->dMHD|@count_characters > 0}\r\nMindesthaltbarkeitsdatum: {$Position->dMHD_de}\r\n{/if}\r\n{if $Position->cChargeNr|@count_characters > 0}\r\nCharge: {$Position->cChargeNr}\r\n{/if}\r\n{else}\r\n{$Position->cName}\r\n{/if}\r\n{/strip}\r\n{/foreach}\r\n\r\n{foreach from=$oLieferschein->oVersand_arr item=oVersand}\r\n{if $oVersand->getIdentCode()|@count_characters > 0}\r\nTracking-Url: {$oVersand->getLogistikVarUrl()}\r\n{/if}\r\n{/foreach}\r\n{/if}\r\n{/foreach}\r\n\r\n‹ber den weiteren Verlauf Ihrer Bestellung werden wir Sie jeweils gesondert informieren.\r\n\r\nMit freundlichem Gruﬂ,\r\n\r\nIhr Team von {$Firma->cName}', '', '');
INSERT INTO `temailvorlagespracheoriginal` (`kEmailvorlage`, `kSprache`, `cBetreff`, `cContentHtml`, `cContentText`, `cPDFS`, `cDateiname`) VALUES (21, 2, 'Your order at #firma.name# was updated', 'Dear {$Kunde->cVorname} {$Kunde->cNachname}, <br><br>\r\n\r\nYour order at{$Einstellungen.global.global_shopname} was updated. <br><br>\r\n\r\nYour order with the order number {$Bestellung->cBestellNr} consists of the following items: <br><br>\r\n\r\n{foreach name=pos from=$Bestellung->Positionen item=Position}\r\n                                <table width="600" border="0" cellspacing="0" cellpadding="0" style="padding-top:11px;border-color:#929292;border-width:1px; border-style:dotted;border-top-width:0px;border-right-width:0px;border-left-width:0px;">\r\n                                <tr>\r\n                                        <td valign="top" style="padding-bottom:5px;">\r\n        {if $Position->nPosTyp==1}\r\n                                                <b>{$Position->cName}</b>        {if $Einstellungen.kaufabwicklung.bestellvorgang_lieferstatus_anzeigen=="Y" && $Position->cLieferstatus}\r\n                            <br><span class="small">Shipping time: {$Position->cLieferstatus}</span>\r\n        {/if}<br>\r\n                {foreach name=variationen from=$Position->WarenkorbPosEigenschaftArr item=WKPosEigenschaft}\r\n                                                <br><span class="standard"><b>{$WKPosEigenschaft->cEigenschaftName}</b>: {$WKPosEigenschaft->cEigenschaftWertName}\r\n                                                </span>\r\n                {/foreach}\r\n                \r\n                {* Seriennummer *}\r\n                {if $Position->cSeriennummer|@count_characters > 0}\r\n                <br>Serialnumber: {$Position->cSeriennummer}\r\n                {/if}\r\n \r\n                {* MHD *}\r\n                {if $Position->dMHD|@count_characters > 0}\r\n                <br>Best before: {$Position->dMHD_de}\r\n                {/if}\r\n\r\n                {* Charge *}\r\n                {if $Position->cChargeNr|@count_characters > 0}\r\n                <br>Charge: {$Position->cChargeNr}\r\n                {/if}\r\n                \r\n        {else}\r\n                                                <span class="bluenormal">{$Position->cName}</span>\r\n        {/if}\r\n                                        </td>\r\n                                        <td width="50" style="padding-left:2px;" valign="top">\r\n                                                <span class="standard">{$Position->nAnzahl}</span>\r\n                                        </td>\r\n        {if $Einstellungen.kaufabwicklung.bestellvorgang_einzelpreise_anzeigen=="Y"}\r\n                                       <td width="90" style="padding-left:2px;" align="right" valign="top">\r\n                                          <span class="standard">{$Position->cEinzelpreisLocalized[$NettoPreise]}</span>\r\n                                       </td>\r\n        {/if}\r\n                                        <td width="90" style="padding-left:2px;" align="right" valign="top">\r\n                                                <span class="standard">{$Position->cGesamtpreisLocalized[$NettoPreise]}</span>\r\n                                        </td>\r\n                                </tr>\r\n                                </table>\r\n{/foreach}\r\n                                <table width="600" border="0" cellspacing="0" cellpadding="0" style="padding-top:11px;border-color:#929292;border-width:1px; border-style:dotted;border-top-width:0px;border-right-width:0px;border-left-width:0px;">\r\n{if $Einstellungen.global.global_steuerpos_anzeigen!="N"}\r\n{foreach name=steuerpositionen from=$Bestellung->Steuerpositionen item=Steuerposition}\r\n                                <tr>\r\n                                        <td valign="top" align="right" style="padding-bottom:5px;padding-top:4px;padding-right:8px;">\r\n                                                <span class="standard">{$Steuerposition->cName}:</span></a>\r\n                                        </td>\r\n                                        <td width="90"  style="padding-bottom:5px;padding-top:4px;padding-right:8px;" align="right" valign="top">\r\n                                                <span class="standard">{$Steuerposition->cPreisLocalized}</span>\r\n                                        </td>\r\n                                </tr>\r\n{/foreach}\r\n{/if}\r\n{if $Bestellung->GuthabenNutzen==1}\r\n                                <tr>\r\n                                        <td valign="top" align="right" style="padding-bottom:5px;padding-top:11px;">\r\n                                                <span class="standard"><b>Gutschein:</b></span></a>\r\n                                        </td>\r\n                                        <td width="90" style="padding-bottom:5px;padding-top:11px;" align="right" valign="top">\r\n                                                <span class="standard"><b>-{$Bestellung->GutscheinLocalized}</b></span>\r\n                                        </td>\r\n                                </tr>\r\n{/if}\r\n                                <tr>\r\n                                        <td valign="top" align="right"  style="padding-bottom:5px;padding-top:4px;padding-right:8px;font-size: 18px;">\r\n                                                <span class="standard"><b>Gesamtsumme:</b></span></a>\r\n                                        </td>\r\n                                        <td width="90" style="padding-bottom:5px;padding-top:4px;padding-right:8px; font-size: 18px;" align="right" valign="top">\r\n                                                <span class="standard"><b>{$Bestellung->WarensummeLocalized[0]}</b></span>\r\n                                        </td>\r\n                                </tr>\r\n                                </table><br><br>\r\nYour billing adress:<br>\r\n{$Kunde->cAnredeLocalized} {$Kunde->cVorname} {$Kunde->cNachname}<br>\r\n{$Kunde->cStrasse} {$Kunde->cHausnummer}<br>\r\n{if $Kunde->cAdressZusatz}{$Kunde->cAdressZusatz}<br>\r\n{/if}{$Kunde->cPLZ} {$Kunde->cOrt}<br>\r\n{if $Kunde->cBundesland}{$Kunde->cBundesland}<br>\r\n{/if}{$Kunde->cLand}<br>\r\n{if $Kunde->cTel}Tel: {$Kunde->cTel}<br>\r\n{/if}{if $Kunde->cMobil}Mobil: {$Kunde->cMobil}<br>\r\n{/if}{if $Kunde->cFax}Fax: {$Kunde->cFax}<br>\r\n{/if}<br>\r\nEmail: {$Kunde->cMail}<br>\r\n{if $Kunde->cUSTID}UstID: {$Kunde->cUSTID}<br>\r\n{/if}\r\n<br><br>\r\n\r\n{if $Bestellung->Lieferadresse->kLieferadresse>0} \r\nYour shipping adress: <br><br>\r\n{$Bestellung->Lieferadresse->cAnrede} {$Bestellung->Lieferadresse->cVorname} {$Bestellung->Lieferadresse->cNachname}<br>\r\n{$Bestellung->Lieferadresse->cStrasse} {$Bestellung->Lieferadresse->cHausnummer}<br>\r\n{if $Bestellung->Lieferadresse->cAdressZusatz}{$Bestellung->Lieferadresse->cAdressZusatz}<br>\r\n{/if}{$Bestellung->Lieferadresse->cPLZ} {$Bestellung->Lieferadresse->cOrt}<br>\r\n{if $Bestellung->Lieferadresse->cBundesland}{$Bestellung->Lieferadresse->cBundesland}<br>\r\n{/if}{$Bestellung->Lieferadresse->cLand}<br>\r\n{if $Bestellung->Lieferadresse->cTel}Tel: {$Bestellung->Lieferadresse->cTel}<br>\r\n{/if}{if $Bestellung->Lieferadresse->cMobil}Mobil: {$Bestellung->Lieferadresse->cMobil}<br>\r\n{/if}{if $Bestellung->Lieferadresse->cFax}Fax: {$Bestellung->Lieferadresse->cFax}<br>\r\n{/if}{if $Bestellung->Lieferadresse->cMail}Email: {$Bestellung->Lieferadresse->cMail}<br>\r\n{/if}<br>\r\n{/if}\r\n\r\n<br><br>\r\nYou have chosen the following shipping option: {$Bestellung->cZahlungsartName}<br><br>\r\n\r\n{if isset($Zahlungsart->cHinweisText) && $Zahlungsart->cHinweisText|count_characters > 0}\r\n  {$Zahlungsart->cHinweisText}<br><br>\r\n{/if}\r\n\r\n{if $Bestellung->Zahlungsart->cModulId=="za_rechnung_jtl"}\r\n{elseif $Bestellung->Zahlungsart->cModulId=="za_lastschrift_jtl"}\r\n{elseif $Bestellung->Zahlungsart->cModulId=="za_barzahlung_jtl"}\r\n{elseif $Bestellung->Zahlungsart->cModulId=="za_paypal_jtl"}\r\n{elseif $Bestellung->Zahlungsart->cModulId=="za_moneybookers_jtl"}\r\n{/if}\r\n\r\nYour order will be shipped on receipt of payment. If you have chosen cash on delivery, you will of course only pay on receipt of your goods. <br><br>\r\n\r\nYou will be notified about the following status of your order separately. <br><br>\r\n\r\n{if $oTrustedShopsBewertenButton->cURL|count_characters > 0}\r\n<a href="{$oTrustedShopsBewertenButton->cURL}"><img src="{$oTrustedShopsBewertenButton->cPicURL}" alt="Bewerten Sie uns!"></a><br><br>\r\n{/if}\r\n\r\nYours sincerely, <br><br>\r\n\r\n{$Firma->cName}', 'Dear {$Kunde->cVorname} {$Kunde->cNachname}, \r\n\r\nYour order at{$Einstellungen.global.global_shopname} was updated. \r\n\r\nYour order with the order number {$Bestellung->cBestellNr} consists of the following items: \r\n\r\n{foreach name=pos from=$Bestellung->Positionen item=Position}\r\n\r\n{if $Position->nPosTyp==1}\r\n{$Position->nAnzahl}x {$Position->cName} - {$Position->cGesamtpreisLocalized[$NettoPreise]}{if $Einstellungen.kaufabwicklung.bestellvorgang_lieferstatus_anzeigen=="Y" && $Position->cLieferstatus}\r\n\r\nShipping time: {$Position->cLieferstatus}{/if}\r\n{foreach name=variationen from=$Position->WarenkorbPosEigenschaftArr item=WKPosEigenschaft}\r\n\r\n{$WKPosEigenschaft->cEigenschaftName}: {$WKPosEigenschaft->cEigenschaftWertName}{/foreach}\r\n{if $Position->cSeriennummer|@count_characters > 0}\r\nSerialnumber: {$Position->cSeriennummer}\r\n{/if}\r\n{if $Position->dMHD|@count_characters > 0}\r\nBest before: {$Position->dMHD}\r\n{/if}\r\n{if $Position->cChargeNr|@count_characters > 0}\r\nCharge: {$Position->cChargeNr}\r\n{/if}\r\n{else}\r\n{$Position->nAnzahl}x {$Position->cName} - {$Position->cGesamtpreisLocalized[$NettoPreise]}{/if}\r\n{/foreach}\r\n\r\n{if $Einstellungen.global.global_steuerpos_anzeigen!="N"}{foreach name=steuerpositionen from=$Bestellung->Steuerpositionen item=Steuerposition}\r\n{$Steuerposition->cName}: {$Steuerposition->cPreisLocalized}\r\n{/foreach}{/if}\r\n{if $Bestellung->GuthabenNutzen==1}\r\nVoucher: -{$Bestellung->GutscheinLocalized}\r\n{/if}\r\n\r\nTotal: {$Bestellung->WarensummeLocalized[0]}\r\n\r\nYour billing adress:\r\n\r\n{$Kunde->cAnredeLocalized} {$Kunde->cVorname} {$Kunde->cNachname}\r\n{$Kunde->cStrasse} {$Kunde->cHausnummer}\r\n{if $Kunde->cAdressZusatz}{$Kunde->cAdressZusatz}\r\n{/if}{$Kunde->cPLZ} {$Kunde->cOrt}\r\n{if $Kunde->cBundesland}{$Kunde->cBundesland}\r\n{/if}{$Kunde->cLand}\r\n{if $Kunde->cTel}Tel: {$Kunde->cTel}\r\n{/if}{if $Kunde->cMobil}Mobil: {$Kunde->cMobil}\r\n{/if}{if $Kunde->cFax}Fax: {$Kunde->cFax}\r\n{/if}\r\nEmail: {$Kunde->cMail}\r\n{if $Kunde->cUSTID}UstID: {$Kunde->cUSTID}\r\n{/if}\r\n\r\n{if $Bestellung->Lieferadresse->kLieferadresse>0} \r\nYour shipping adress: \r\n\r\n{$Bestellung->Lieferadresse->cAnrede} {$Bestellung->Lieferadresse->cVorname} {$Bestellung->Lieferadresse->cNachname}\r\n{$Bestellung->Lieferadresse->cStrasse} {$Bestellung->Lieferadresse->cHausnummer}\r\n{if $Bestellung->Lieferadresse->cAdressZusatz}{$Bestellung->Lieferadresse->cAdressZusatz}\r\n{/if}{$Bestellung->Lieferadresse->cPLZ} {$Bestellung->Lieferadresse->cOrt}\r\n{if $Bestellung->Lieferadresse->cBundesland}{$Bestellung->Lieferadresse->cBundesland}\r\n{/if}{$Bestellung->Lieferadresse->cLand}\r\n{if $Bestellung->Lieferadresse->cTel}Tel: {$Bestellung->Lieferadresse->cTel}\r\n{/if}{if $Bestellung->Lieferadresse->cMobil}Mobil: {$Bestellung->Lieferadresse->cMobil}\r\n{/if}{if $Bestellung->Lieferadresse->cFax}Fax: {$Bestellung->Lieferadresse->cFax}\r\n{/if}{if $Bestellung->Lieferadresse->cMail}Email: {$Bestellung->Lieferadresse->cMail}\r\n{/if}\r\n{/if}\r\n\r\nYou have chosen the following shipping option: {$Bestellung->cZahlungsartName}\r\n\r\n{if isset($Zahlungsart->cHinweisText) && $Zahlungsart->cHinweisText|count_characters > 0}  {$Zahlungsart->cHinweisText}\r\n\r\n\r\n{/if}\r\n\r\n{if $Bestellung->Zahlungsart->cModulId=="za_rechnung_jtl"}\r\n{elseif $Bestellung->Zahlungsart->cModulId=="za_lastschrift_jtl"}\r\n{elseif $Bestellung->Zahlungsart->cModulId=="za_barzahlung_jtl"}\r\n{elseif $Bestellung->Zahlungsart->cModulId=="za_paypal_jtl"}\r\n{elseif $Bestellung->Zahlungsart->cModulId=="za_moneybookers_jtl"}\r\n{/if}\r\n\r\nYour order will be shipped on receipt of payment. If you have chosen cash on delivery, you will of course only pay on receipt of your goods. \r\n\r\nYou will be notified about the following status of your order separately. \r\n\r\n{if $oTrustedShopsBewertenButton->cURL|count_characters > 0}\r\nPlease rate our Shop: {$oTrustedShopsBewertenButton->cURL}\r\n{/if}\r\n\r\nYours sincerely, \r\n\r\n{$Firma->cName}', '', '');
INSERT INTO `temailvorlagespracheoriginal` (`kEmailvorlage`, `kSprache`, `cBetreff`, `cContentHtml`, `cContentText`, `cPDFS`, `cDateiname`) VALUES (21, 1, 'Ihre Bestellung bei #firma.name# wurde aktualisiert', 'Sehr {if $Kunde->cAnrede=="w"}geehrte{else}geehrter{/if} {$Kunde->cAnredeLocalized} {$Kunde->cNachname},<br><br>\r\n\r\nIhre Bestellung bei {$Einstellungen.global.global_shopname} wurde aktualisiert.<br><br>\r\n\r\nIhre Bestellung mit Bestellnummer {$Bestellung->cBestellNr} umfasst folgende Positionen: <br><br>\r\n\r\n{foreach name=pos from=$Bestellung->Positionen item=Position}\r\n                                <table width="600" border="0" cellspacing="0" cellpadding="0" style="padding-top:11px;border-color:#929292;border-width:1px; border-style:dotted;border-top-width:0px;border-right-width:0px;border-left-width:0px;">\r\n                                <tr>\r\n                                        <td valign="top" style="padding-bottom:5px;">\r\n        {if $Position->nPosTyp==1}\r\n                                                <b>{$Position->cName} ({$Position->cArtNr})</b>\r\n        {if $Einstellungen.kaufabwicklung.bestellvorgang_lieferstatus_anzeigen=="Y" && $Position->cLieferstatus}\r\n                            <br><span class="small">Lieferzeit: {$Position->cLieferstatus}</span>\r\n        {/if}<br>\r\n                {foreach name=variationen from=$Position->WarenkorbPosEigenschaftArr item=WKPosEigenschaft}\r\n                                                <br><span class="standard"><b>{$WKPosEigenschaft->cEigenschaftName}</b>: {$WKPosEigenschaft->cEigenschaftWertName}\r\n                                                </span>\r\n                {/foreach}\r\n                \r\n                {* Seriennummer *}\r\n               {if $Position->cSeriennummer|@count_characters > 0}\r\n               <br>Seriennummer: {$Position->cSeriennummer}\r\n               {/if}\r\n\r\n               {* MHD *}\r\n               {if $Position->dMHD|@count_characters > 0}\r\n               <br>Mindesthaltbarkeitsdatum: {$Position->dMHD_de}\r\n               {/if}\r\n\r\n               {* Charge *}\r\n               {if $Position->cChargeNr|@count_characters > 0}\r\n               <br>Charge: {$Position->cChargeNr}\r\n               {/if}\r\n                \r\n        {else}\r\n                                                <span class="bluenormal">{$Position->cName}</span>\r\n        {/if}\r\n                                        </td>\r\n                                        <td width="50" style="padding-left:2px;" valign="top">\r\n                                                <span class="standard">{$Position->nAnzahl}</span>\r\n                                        </td>\r\n        {if $Einstellungen.kaufabwicklung.bestellvorgang_einzelpreise_anzeigen=="Y"}\r\n                                       <td width="90" style="padding-left:2px;" align="right" valign="top">\r\n                                          <span class="standard">{$Position->cEinzelpreisLocalized[$NettoPreise]}</span>\r\n                                       </td>\r\n        {/if}\r\n                                        <td width="90" style="padding-left:2px;" align="right" valign="top">\r\n                                                <span class="standard">{$Position->cGesamtpreisLocalized[$NettoPreise]}</span>\r\n                                        </td>\r\n                                </tr>\r\n                                </table>\r\n{/foreach}\r\n                                <table width="600" border="0" cellspacing="0" cellpadding="0" style="padding-top:11px;border-color:#929292;border-width:1px; border-style:dotted;border-top-width:0px;border-right-width:0px;border-left-width:0px;">\r\n{if $Einstellungen.global.global_steuerpos_anzeigen!="N"}\r\n{foreach name=steuerpositionen from=$Bestellung->Steuerpositionen item=Steuerposition}\r\n                                <tr>\r\n                                        <td valign="top" align="right" style="padding-bottom:5px;padding-top:4px;padding-right:8px;">\r\n                                                <span class="standard">{$Steuerposition->cName}:</span></a>\r\n                                        </td>\r\n                                        <td width="90"  style="padding-bottom:5px;padding-top:4px;padding-right:8px;" align="right" valign="top">\r\n                                                <span class="standard">{$Steuerposition->cPreisLocalized}</span>\r\n                                        </td>\r\n                                </tr>\r\n{/foreach}\r\n{/if}\r\n{if $Bestellung->GuthabenNutzen==1}\r\n                                <tr>\r\n                                        <td valign="top" align="right" style="padding-bottom:5px;padding-top:11px;">\r\n                                                <span class="standard"><b>Gutschein:</b></span></a>\r\n                                        </td>\r\n                                        <td width="90" style="padding-bottom:5px;padding-top:11px;" align="right" valign="top">\r\n                                                <span class="standard"><b>-{$Bestellung->GutscheinLocalized}</b></span>\r\n                                        </td>\r\n                                </tr>\r\n{/if}\r\n                                <tr>\r\n                                        <td valign="top" align="right"  style="padding-bottom:5px;padding-top:4px;padding-right:8px;font-size: 18px;">\r\n                                                <span class="standard"><b>Gesamtsumme:</b></span></a>\r\n                                        </td>\r\n                                        <td width="90" style="padding-bottom:5px;padding-top:4px;padding-right:8px; font-size: 18px;" align="right" valign="top">\r\n                                                <span class="standard"><b>{$Bestellung->WarensummeLocalized[0]}</b></span>\r\n                                        </td>\r\n                                </tr>\r\n                                </table><br><br>\r\n\r\nIhre Rechnungsadresse:<br>\r\n{$Kunde->cAnredeLocalized} {$Kunde->cVorname} {$Kunde->cNachname}<br>\r\n{$Kunde->cStrasse} {$Kunde->cHausnummer}<br>\r\n{if $Kunde->cAdressZusatz}{$Kunde->cAdressZusatz}<br>\r\n{/if}{$Kunde->cPLZ} {$Kunde->cOrt}<br>\r\n{if $Kunde->cBundesland}{$Kunde->cBundesland}<br>\r\n{/if}{$Kunde->cLand}<br>\r\n{if $Kunde->cTel}Tel: {$Kunde->cTel}<br>\r\n{/if}{if $Kunde->cMobil}Mobil: {$Kunde->cMobil}<br>\r\n{/if}{if $Kunde->cFax}Fax: {$Kunde->cFax}<br>\r\n{/if}<br>\r\nEmail: {$Kunde->cMail}<br>\r\n{if $Kunde->cUSTID}UstID: {$Kunde->cUSTID}<br>\r\n{/if}\r\n<br><br>\r\n\r\n{if $Bestellung->Lieferadresse->kLieferadresse>0} \r\nIhre Lieferadresse: <br><br>\r\n{$Bestellung->Lieferadresse->cAnrede} {$Bestellung->Lieferadresse->cVorname} {$Bestellung->Lieferadresse->cNachname}<br>\r\n{$Bestellung->Lieferadresse->cStrasse} {$Bestellung->Lieferadresse->cHausnummer}<br>\r\n{if $Bestellung->Lieferadresse->cAdressZusatz}{$Bestellung->Lieferadresse->cAdressZusatz}<br>\r\n{/if}{$Bestellung->Lieferadresse->cPLZ} {$Bestellung->Lieferadresse->cOrt}<br>\r\n{if $Bestellung->Lieferadresse->cBundesland}{$Bestellung->Lieferadresse->cBundesland}<br>\r\n{/if}{$Bestellung->Lieferadresse->cLand}<br>\r\n{if $Bestellung->Lieferadresse->cTel}Tel: {$Bestellung->Lieferadresse->cTel}<br>\r\n{/if}{if $Bestellung->Lieferadresse->cMobil}Mobil: {$Bestellung->Lieferadresse->cMobil}<br>\r\n{/if}{if $Bestellung->Lieferadresse->cFax}Fax: {$Bestellung->Lieferadresse->cFax}<br>\r\n{/if}{if $Bestellung->Lieferadresse->cMail}Email: {$Bestellung->Lieferadresse->cMail}<br>\r\n{/if}<br>\r\n{else} \r\nLieferadresse ist gleich Rechnungsadresse. \r\n{/if}\r\n\r\n<br><br>\r\nSie haben folgende Zahlungsart gew‰hlt: {$Bestellung->cZahlungsartName}<br><br>\r\n\r\n{if isset($Zahlungsart->cHinweisText) && $Zahlungsart->cHinweisText|count_characters > 0}\r\n  {$Zahlungsart->cHinweisText}<br><br>\r\n{/if}\r\n\r\n{if $Bestellung->Zahlungsart->cModulId=="za_rechnung_jtl"}\r\n{elseif $Bestellung->Zahlungsart->cModulId=="za_lastschrift_jtl"}\r\nWir belasten in K¸rze folgendes Bankkonto um die f‰llige Summe:<br><br>\r\n\r\nKontoinhaber: {$Bestellung->Zahlungsinfo->cInhaber}<br>\r\nKontoNr: {$Bestellung->Zahlungsinfo->cKontoNr}<br>\r\nBLZ: {$Bestellung->Zahlungsinfo->cBLZ}<br>\r\nBank: {$Bestellung->Zahlungsinfo->cBankName}<br><br>\r\n\r\n{elseif $Bestellung->Zahlungsart->cModulId=="za_barzahlung_jtl"}\r\n{elseif $Bestellung->Zahlungsart->cModulId=="za_paypal_jtl"}\r\nFalls Sie Ihre Zahlung per PayPal noch nicht durchgef¸hrt haben, nutzen Sie folgende Emailadresse als Empf‰nger: {$Einstellungen.zahlungsarten.zahlungsart_paypal_empfaengermail}\r\n{elseif $Bestellung->Zahlungsart->cModulId=="za_moneybookers_jtl"}\r\n{/if}\r\n{if $Bestellung->Zahlungsart->cModulId!="za_nachnahme_jtl" && $Bestellung->Zahlungsart->cModulId!="za_barzahlung_jtl"}\r\nDie Bestellung wird direkt nach Zahlungseingang versandt. <br>\r\n{/if}\r\n\r\n‹ber den weiteren Verlauf Ihrer Bestellung werden wir Sie jeweils gesondert informieren. <br><br>\r\n\r\n{if $oTrustedShopsBewertenButton->cURL|count_characters > 0}\r\nWaren Sie mit Ihrer Bestellung zufrieden? Dann w¸rden wir uns ¸ber eine Empfehlung freuen ... es dauert auch nur eine Minute.<br>\r\n<a href="{$oTrustedShopsBewertenButton->cURL}"><img src="{$oTrustedShopsBewertenButton->cPicURL}" alt="Bewerten Sie uns!"></a><br><br>\r\n{/if}\r\n\r\nMit freundlichem Gruﬂ <br><br>\r\n\r\nIhr Team von {$Firma->cName}', 'Sehr {if $Kunde->cAnrede=="w"}geehrte{else}geehrter{/if} {$Kunde->cAnredeLocalized} {$Kunde->cNachname},\r\n\r\nIhre Bestellung bei {$Einstellungen.global.global_shopname} wurde aktualisiert.\r\n\r\nIhre Bestellung mit Bestellnummer {$Bestellung->cBestellNr} umfasst folgende Positionen: \r\n\r\n{foreach name=pos from=$Bestellung->Positionen item=Position}\r\n\r\n{if $Position->nPosTyp==1}\r\n{$Position->nAnzahl}x {$Position->cName} - {$Position->cGesamtpreisLocalized[$NettoPreise]}{if $Einstellungen.kaufabwicklung.bestellvorgang_lieferstatus_anzeigen=="Y" && $Position->cLieferstatus}\r\n\r\nLieferzeit: {$Position->cLieferstatus}{/if}\r\n{foreach name=variationen from=$Position->WarenkorbPosEigenschaftArr item=WKPosEigenschaft}\r\n\r\n{$WKPosEigenschaft->cEigenschaftName}: {$WKPosEigenschaft->cEigenschaftWertName}{/foreach}\r\n{if $Position->cSeriennummer|@count_characters > 0}\r\nSeriennummer: {$Position->cSeriennummer}\r\n{/if}\r\n{if $Position->dMHD|@count_characters > 0}\r\nMindesthaltbarkeitsdatum: {$Position->dMHD_de}\r\n{/if}\r\n{if $Position->cChargeNr|@count_characters > 0}\r\nCharge: {$Position->cChargeNr}\r\n{/if}\r\n{else}\r\n{$Position->nAnzahl}x {$Position->cName} - {$Position->cGesamtpreisLocalized[$NettoPreise]}{/if}\r\n{/foreach}\r\n\r\n{if $Einstellungen.global.global_steuerpos_anzeigen!="N"}{foreach name=steuerpositionen from=$Bestellung->Steuerpositionen item=Steuerposition}\r\n{$Steuerposition->cName}: {$Steuerposition->cPreisLocalized}\r\n{/foreach}{/if}\r\n{if $Bestellung->GuthabenNutzen==1}\r\nGutschein: -{$Bestellung->GutscheinLocalized}\r\n{/if}\r\n\r\nGesamtsumme: {$Bestellung->WarensummeLocalized[0]}\r\n\r\n\r\nIhre Rechnungsadresse:\r\n\r\n{$Kunde->cAnredeLocalized} {$Kunde->cVorname} {$Kunde->cNachname}\r\n{$Kunde->cStrasse} {$Kunde->cHausnummer}\r\n{if $Kunde->cAdressZusatz}{$Kunde->cAdressZusatz}\r\n{/if}{$Kunde->cPLZ} {$Kunde->cOrt}\r\n{if $Kunde->cBundesland}{$Kunde->cBundesland}\r\n{/if}{$Kunde->cLand}\r\n{if $Kunde->cTel}Tel: {$Kunde->cTel}\r\n{/if}{if $Kunde->cMobil}Mobil: {$Kunde->cMobil}\r\n{/if}{if $Kunde->cFax}Fax: {$Kunde->cFax}\r\n{/if}\r\nEmail: {$Kunde->cMail}\r\n{if $Kunde->cUSTID}UstID: {$Kunde->cUSTID}\r\n{/if}\r\n\r\n{if $Bestellung->Lieferadresse->kLieferadresse>0} \r\nIhre Lieferadresse: \r\n\r\n{$Bestellung->Lieferadresse->cAnrede} {$Bestellung->Lieferadresse->cVorname} {$Bestellung->Lieferadresse->cNachname}\r\n{$Bestellung->Lieferadresse->cStrasse} {$Bestellung->Lieferadresse->cHausnummer}\r\n{if $Bestellung->Lieferadresse->cAdressZusatz}{$Bestellung->Lieferadresse->cAdressZusatz}\r\n{/if}{$Bestellung->Lieferadresse->cPLZ} {$Bestellung->Lieferadresse->cOrt}\r\n{if $Bestellung->Lieferadresse->cBundesland}{$Bestellung->Lieferadresse->cBundesland}\r\n{/if}{$Bestellung->Lieferadresse->cLand}\r\n{if $Bestellung->Lieferadresse->cTel}Tel: {$Bestellung->Lieferadresse->cTel}\r\n{/if}{if $Bestellung->Lieferadresse->cMobil}Mobil: {$Bestellung->Lieferadresse->cMobil}\r\n{/if}{if $Bestellung->Lieferadresse->cFax}Fax: {$Bestellung->Lieferadresse->cFax}\r\n{/if}{if $Bestellung->Lieferadresse->cMail}Email: {$Bestellung->Lieferadresse->cMail}\r\n{/if}\r\n{else} \r\nLieferadresse ist gleich Rechnungsadresse. \r\n{/if}\r\n\r\nSie haben folgende Zahlungsart gew‰hlt: {$Bestellung->cZahlungsartName}\r\n\r\n{if isset($Zahlungsart->cHinweisText) && $Zahlungsart->cHinweisText|count_characters > 0}  {$Zahlungsart->cHinweisText}\r\n\r\n\r\n{/if}\r\n\r\n{if $Bestellung->Zahlungsart->cModulId=="za_rechnung_jtl"}\r\n{elseif $Bestellung->Zahlungsart->cModulId=="za_lastschrift_jtl"}\r\nWir belasten in K¸rze folgendes Bankkonto um die f‰llige Summe:\r\n\r\nKontoinhaber: {$Bestellung->Zahlungsinfo->cInhaber}\r\nKontoNr: {$Bestellung->Zahlungsinfo->cKontoNr}\r\nBLZ: {$Bestellung->Zahlungsinfo->cBLZ}\r\nBank: {$Bestellung->Zahlungsinfo->cBankName}\r\n\r\n{elseif $Bestellung->Zahlungsart->cModulId=="za_barzahlung_jtl"}\r\n{elseif $Bestellung->Zahlungsart->cModulId=="za_paypal_jtl"}\r\nFalls Sie Ihre Zahlung per PayPal noch nicht durchgef¸hrt haben, nutzen Sie folgende Emailadresse als Empf‰nger: {$Einstellungen.zahlungsarten.zahlungsart_paypal_empfaengermail}\r\n{elseif $Bestellung->Zahlungsart->cModulId=="za_moneybookers_jtl"}\r\n{/if}\r\n{if $Bestellung->Zahlungsart->cModulId!="za_nachnahme_jtl" && $Bestellung->Zahlungsart->cModulId!="za_barzahlung_jtl"}\r\nDie Bestellung wird direkt nach Zahlungseingang versandt. {/if}\r\n\r\n‹ber den weiteren Verlauf Ihrer Bestellung werden wir Sie jeweils gesondert informieren.\r\n\r\n{if $oTrustedShopsBewertenButton->cURL|count_characters > 0}\r\nWaren Sie mit Ihrer Bestellung zufrieden? Dann w¸rden wir uns ¸ber eine Empfehlung freuen ... es dauert auch nur eine Minute.\r\n{$oTrustedShopsBewertenButton->cURL}\r\n{/if} \r\n\r\nMit freundlichem Gruﬂ \r\n\r\nIhr Team von {$Firma->cName}', '', '');