ALTER TABLE `temailvorlage` CHANGE COLUMN `cBeschreibung` `cBeschreibung` TEXT NULL DEFAULT '';
INSERT INTO `tsprachwerte` (`kSprachISO`, `kSprachsektion`, `cName`, `cWert`, `cStandard`, `bSystem`) VALUES ('1', '1', 'footnoteInclusiveVat', 'Alle Preise inkl. gesetzlicher USt., zzgl. <a href="#SHIPPING_LINK#">Versand</a>', 'Alle Preise inkl. gesetzlicher USt., zzgl. <a href="#SHIPPING_LINK#">Versand</a>', '1'), ('2', '1', 'footnoteInclusiveVat', 'All prices inclusive legal <abbr title="value added tax">VAT</abbr> plus <a href="#SHIPPING_LINK#">shipping costs</a>', 'All prices inclusive legal <abbr title="value added tax">VAT</abbr> plus <a href="#SHIPPING_LINK#">shipping costs</a>', '1');
INSERT INTO `tsprachwerte` (`kSprachISO`, `kSprachsektion`, `cName`, `cWert`, `cStandard`, `bSystem`) VALUES ('1', '1', 'footnoteExclusiveVat', 'Alle Preise zzgl. gesetzlicher USt., zzgl. <a href="#SHIPPING_LINK#">Versand</a>', 'Alle Preise zzgl. gesetzlicher USt., zzgl. <a href="#SHIPPING_LINK#">Versand</a>', '1'), ('2', '1', 'footnoteExclusiveVat', 'All prices exclusive legal <abbr title="value added tax">VAT</abbr> plus <a href="#SHIPPING_LINK#">shipping costs</a>', 'All prices exclusive legal <abbr title="value added tax">VAT</abbr> plus <a href="#SHIPPING_LINK#">shipping costs</a>', '1');
INSERT INTO `teinstellungenconf` (`kEinstellungenConf`,`kEinstellungenSektion`,`cName`,`cBeschreibung`,`cWertName`,`cInputTyp`,`cModulId`,`nSort`,`nStandardAnzeigen`,`nModul`,`cConf`) VALUES (1550,124,'Objekt-Cache aktivieren?','Soll der Cache genutzt werden?','caching_activated','selectbox',NULL,1,1,0,'Y');
INSERT INTO `teinstellungenconf` (`kEinstellungenConf`,`kEinstellungenSektion`,`cName`,`cBeschreibung`,`cWertName`,`cInputTyp`,`cModulId`,`nSort`,`nStandardAnzeigen`,`nModul`,`cConf`) VALUES (1551,124,'Methode','Welche Cache-Methode soll genutzt werden?','caching_method','selectbox',NULL,10,1,0,'Y');
INSERT INTO `teinstellungenconf` (`kEinstellungenConf`,`kEinstellungenSektion`,`cName`,`cBeschreibung`,`cWertName`,`cInputTyp`,`cModulId`,`nSort`,`nStandardAnzeigen`,`nModul`,`cConf`) VALUES (1552,124,'Redis-Host','Host/Socket für Methode Redis','caching_redis_host','text',NULL,20,0,0,'Y');
INSERT INTO `teinstellungenconf` (`kEinstellungenConf`,`kEinstellungenSektion`,`cName`,`cBeschreibung`,`cWertName`,`cInputTyp`,`cModulId`,`nSort`,`nStandardAnzeigen`,`nModul`,`cConf`) VALUES (1553,124,'Redis-Port','Port für Methode Redis (bei Verwendung von Socket freilassen)','caching_redis_port','text',NULL,30,0,0,'Y');
INSERT INTO `teinstellungenconf` (`kEinstellungenConf`,`kEinstellungenSektion`,`cName`,`cBeschreibung`,`cWertName`,`cInputTyp`,`cModulId`,`nSort`,`nStandardAnzeigen`,`nModul`,`cConf`) VALUES (1554,124,'Redis-DB','Datenbank-Nummer für Methode Redis (leer lassen für Standard)','caching_redis_db','text',NULL,40,0,0,'Y');
INSERT INTO `teinstellungenconf` (`kEinstellungenConf`,`kEinstellungenSektion`,`cName`,`cBeschreibung`,`cWertName`,`cInputTyp`,`cModulId`,`nSort`,`nStandardAnzeigen`,`nModul`,`cConf`) VALUES (1555,124,'Redis-Passwort','optionales Passwort für Methode Redis','caching_redis_pass','text',NULL,50,0,0,'Y');
INSERT INTO `teinstellungenconf` (`kEinstellungenConf`,`kEinstellungenSektion`,`cName`,`cBeschreibung`,`cWertName`,`cInputTyp`,`cModulId`,`nSort`,`nStandardAnzeigen`,`nModul`,`cConf`) VALUES (1556,124,'Redis-Persistenz','persistente Verbindung bevorzugen?','caching_redis_persistent','selectbox',NULL,55,0,0,'Y');
INSERT INTO `teinstellungenconf` (`kEinstellungenConf`,`kEinstellungenSektion`,`cName`,`cBeschreibung`,`cWertName`,`cInputTyp`,`cModulId`,`nSort`,`nStandardAnzeigen`,`nModul`,`cConf`) VALUES (1557,124,'Memcache(d)-Port','Port für Methode Memcache(d)','caching_memcache_port','text',NULL,60,0,0,'Y');
INSERT INTO `teinstellungenconf` (`kEinstellungenConf`,`kEinstellungenSektion`,`cName`,`cBeschreibung`,`cWertName`,`cInputTyp`,`cModulId`,`nSort`,`nStandardAnzeigen`,`nModul`,`cConf`) VALUES (1558,124,'Memcache(d)-Host','Host für Methode Memcache(d)','caching_memcache_host','text',NULL,70,0,0,'Y');
INSERT INTO `teinstellungenconf` (`kEinstellungenConf`,`kEinstellungenSektion`,`cName`,`cBeschreibung`,`cWertName`,`cInputTyp`,`cModulId`,`nSort`,`nStandardAnzeigen`,`nModul`,`cConf`) VALUES (1559,124,'Lifetime','Zeit, die der Cache gültig ist in Sekunden','caching_lifetime','text',NULL,80,1,0,'Y');
INSERT INTO `teinstellungenconf` (`kEinstellungenConf`,`kEinstellungenSektion`,`cName`,`cBeschreibung`,`cWertName`,`cInputTyp`,`cModulId`,`nSort`,`nStandardAnzeigen`,`nModul`,`cConf`) VALUES (1560,124,'Debugging','Debugging aktivieren?','caching_debug','selectbox',NULL,90,0,0,'Y');
INSERT INTO `teinstellungenconf` (`kEinstellungenConf`,`kEinstellungenSektion`,`cName`,`cBeschreibung`,`cWertName`,`cInputTyp`,`cModulId`,`nSort`,`nStandardAnzeigen`,`nModul`,`cConf`) VALUES (1561,124,'Debug-Methode','Debugging-Methode','caching_debug_method','selectbox',NULL,100,0,0,'Y');
INSERT INTO `teinstellungenconf` (`kEinstellungenConf`,`kEinstellungenSektion`,`cName`,`cBeschreibung`,`cWertName`,`cInputTyp`,`cModulId`,`nSort`,`nStandardAnzeigen`,`nModul`,`cConf`) VALUES (1562,124,'Seiten-Cache aktivieren?','Cachet ganze Seiten','caching_page_cache','selectbox',NULL,110,2,0,'Y');
INSERT INTO `teinstellungenconf` (`kEinstellungenConf`,`kEinstellungenSektion`,`cName`,`cBeschreibung`,`cWertName`,`cInputTyp`,`cModulId`,`nSort`,`nStandardAnzeigen`,`nModul`,`cConf`) VALUES (1563,124,'Seiten-Cache-Debugging aktivieren?','Zeigt via Header \"JTL-Cached\" an, ob Seiten im Cache sind oder nicht','page_cache_debugging','selectbox',NULL,120,2,0,'Y');
INSERT INTO `teinstellungenconf` (`kEinstellungenConf`,`kEinstellungenSektion`,`cName`,`cBeschreibung`,`cWertName`,`cInputTyp`,`cModulId`,`nSort`,`nStandardAnzeigen`,`nModul`,`cConf`) VALUES (1564,124,'Objekt-Cache-Methode auch für Seiten-Cache verwenden?','Nutzt den Objekt-Cache auch zum Speichern von HTML-Inhalten des Seiten-Caches','advanced_page_cache','selectbox',NULL,130,2,0,'Y');
INSERT INTO `teinstellungenconf` (`kEinstellungenConf`,`kEinstellungenSektion`,`cName`,`cBeschreibung`,`cWertName`,`cInputTyp`,`cModulId`,`nSort`,`nStandardAnzeigen`,`nModul`,`cConf`) VALUES (1565,124,'Compile-Check aktivieren?','Achtung, Änderungen an Templates werden nicht sichbar, wenn deaktiviert','compile_check','selectbox',NULL,140,2,0,'Y');
INSERT INTO `teinstellungen` (`kEinstellungenSektion`,`cName`,`cWert`) VALUES (124,'caching_lifetime','86400');
INSERT INTO `teinstellungen` (`kEinstellungenSektion`,`cName`,`cWert`) VALUES (124,'caching_redis_host','localhost');
INSERT INTO `teinstellungen` (`kEinstellungenSektion`,`cName`,`cWert`) VALUES (124,'caching_redis_port','6379');
INSERT INTO `teinstellungen` (`kEinstellungenSektion`,`cName`,`cWert`) VALUES (124,'caching_memcache_port','11211');
INSERT INTO `teinstellungen` (`kEinstellungenSektion`,`cName`,`cWert`) VALUES (124,'caching_memcache_host','localhost');
INSERT INTO `teinstellungen` (`kEinstellungenSektion`,`cName`,`cWert`) VALUES (124,'caching_types_disabled','');
INSERT INTO `teinstellungen` (`kEinstellungenSektion`,`cName`,`cWert`) VALUES (124,'page_cache_debugging','N');
INSERT INTO `teinstellungenconfwerte` (`kEinstellungenConf`,`cName`,`cWert`,`nSort`) VALUES (1550,'Nein','N',1);
INSERT INTO `teinstellungenconfwerte` (`kEinstellungenConf`,`cName`,`cWert`,`nSort`) VALUES (1550,'Ja','Y',2);
INSERT INTO `teinstellungenconfwerte` (`kEinstellungenConf`,`cName`,`cWert`,`nSort`) VALUES (1551,'beste','auto',1);
INSERT INTO `teinstellungenconfwerte` (`kEinstellungenConf`,`cName`,`cWert`,`nSort`) VALUES (1551,'Keine','null',2);
INSERT INTO `teinstellungenconfwerte` (`kEinstellungenConf`,`cName`,`cWert`,`nSort`) VALUES (1551,'APC','apc',3);
INSERT INTO `teinstellungenconfwerte` (`kEinstellungenConf`,`cName`,`cWert`,`nSort`) VALUES (1551,'Redis','redis',4);
INSERT INTO `teinstellungenconfwerte` (`kEinstellungenConf`,`cName`,`cWert`,`nSort`) VALUES (1551,'Memcached','memcached',5);
INSERT INTO `teinstellungenconfwerte` (`kEinstellungenConf`,`cName`,`cWert`,`nSort`) VALUES (1551,'Memcache','memcache',6);
INSERT INTO `teinstellungenconfwerte` (`kEinstellungenConf`,`cName`,`cWert`,`nSort`) VALUES (1551,'XCache','xcache',7);
INSERT INTO `teinstellungenconfwerte` (`kEinstellungenConf`,`cName`,`cWert`,`nSort`) VALUES (1551,'Dateien','file',8);
INSERT INTO `teinstellungenconfwerte` (`kEinstellungenConf`,`cName`,`cWert`,`nSort`) VALUES (1556,'Nein','N',1);
INSERT INTO `teinstellungenconfwerte` (`kEinstellungenConf`,`cName`,`cWert`,`nSort`) VALUES (1556,'Ja','Y',2);
INSERT INTO `teinstellungenconfwerte` (`kEinstellungenConf`,`cName`,`cWert`,`nSort`) VALUES (1560,'Nein','N',1);
INSERT INTO `teinstellungenconfwerte` (`kEinstellungenConf`,`cName`,`cWert`,`nSort`) VALUES (1560,'Ja','Y',2);
INSERT INTO `teinstellungenconfwerte` (`kEinstellungenConf`,`cName`,`cWert`,`nSort`) VALUES (1561,'Echo','echo',1);
INSERT INTO `teinstellungenconfwerte` (`kEinstellungenConf`,`cName`,`cWert`,`nSort`) VALUES (1561,'JTLDebug','ssd',2);
INSERT INTO `teinstellungenconfwerte` (`kEinstellungenConf`,`cName`,`cWert`,`nSort`) VALUES (1562,'Nein','0',1);
INSERT INTO `teinstellungenconfwerte` (`kEinstellungenConf`,`cName`,`cWert`,`nSort`) VALUES (1562,'Ja, immer','1',2);
INSERT INTO `teinstellungenconfwerte` (`kEinstellungenConf`,`cName`,`cWert`,`nSort`) VALUES (1562,'Ja, nur bei Gästen','2',3);
INSERT INTO `teinstellungenconfwerte` (`kEinstellungenConf`,`cName`,`cWert`,`nSort`) VALUES (1562,'Ja, nur bei leerem Warenkorb','3',4);
INSERT INTO `teinstellungenconfwerte` (`kEinstellungenConf`,`cName`,`cWert`,`nSort`) VALUES (1565,'Ja','Y',1);
INSERT INTO `teinstellungenconfwerte` (`kEinstellungenConf`,`cName`,`cWert`,`nSort`) VALUES (1565,'Nein','N',2);
INSERT INTO `teinstellungenconfwerte` (`kEinstellungenConf`,`cName`,`cWert`,`nSort`) VALUES (1563,'Nein','N',1);
INSERT INTO `teinstellungenconfwerte` (`kEinstellungenConf`,`cName`,`cWert`,`nSort`) VALUES (1563,'Ja','Y',2);
INSERT INTO `teinstellungenconfwerte` (`kEinstellungenConf`,`cName`,`cWert`,`nSort`) VALUES (1564,'Nein','N',1);
INSERT INTO `teinstellungenconfwerte` (`kEinstellungenConf`,`cName`,`cWert`,`nSort`) VALUES (1564,'Ja','Y',2);
UPDATE `tadminmenu` SET `cURL`='cache.php', `cLinkname`='Cache' WHERE `cURL`='objectcache.php';
ALTER TABLE `tbestellung` CHANGE `cLogistiker` `cLogistiker` VARCHAR(255) NOT NULL DEFAULT '';
ALTER TABLE `twarenkorbpos` CHANGE `cArtNr` `cArtNr` VARCHAR(255) NOT NULL DEFAULT '';
INSERT INTO `teinstellungen` (`kEinstellungenSektion`,`cName`,`cWert`) VALUES (125,'shop_logo','transparent.png');
CREATE TABLE IF NOT EXISTS `tplugin_resources` (`id` INT(11) NOT NULL AUTO_INCREMENT, `path` varchar(255) DEFAULT NULL, `priority` INT(11) DEFAULT NULL, `position` VARCHAR(45) DEFAULT NULL, `kPlugin` INT(11) DEFAULT NULL, `type` VARCHAR(45) DEFAULT NULL, PRIMARY KEY (`id`));
ALTER TABLE `ttemplate` CHANGE COLUMN `eTyp` `eTyp` ENUM('standard','mobil', 'admin') NOT NULL;
ALTER TABLE tlink MODIFY kLink INT(10) auto_increment;
ALTER TABLE tlinksprache MODIFY kLink INT(10);
UPDATE `ttemplate` SET `cTemplate` = 'Evo' WHERE `cTemplate` = 'JTL-Shop3-Tiny' AND `eTyp` = 'standard';
DELETE FROM `ttemplate` WHERE `eTyp` = 'admin';
INSERT INTO `ttemplate` (`cTemplate`,`eTyp`) VALUES ('bootstrap','admin');
UPDATE `temailvorlagespracheoriginal` SET `cContentHtml` = 'Sehr {if $Kunde->cAnrede=="w"}geehrte{else}geehrter{/if} {$Kunde->cAnredeLocalized} {$Kunde->cNachname},<br><br>\r\nvielen Dank für Ihre Bestellung bei {$Einstellungen.global.global_shopname}. <br><br>\r\n\r\n{if $Verfuegbarkeit_arr.cArtikelName_arr|@count > 0}\r\n{$Verfuegbarkeit_arr.cHinweis}\r\n<ul>\r\n{foreach from=$Verfuegbarkeit_arr.cArtikelName_arr item=cArtikelname}\r\n<li>{$cArtikelname}</li>\r\n{/foreach}\r\n</ul>\r\n<br /><br />\r\n{/if}\r\n\r\nIhre Bestellung mit Bestellnummer {$Bestellung->cBestellNr} umfasst folgende Positionen: <br><br>\r\n\r\n{foreach name=pos from=$Bestellung->Positionen item=Position}\r\n                                <table width=\"600\" border=\"0\" cellspacing=\"0\" cellpadding=\"0\" style=\"padding-top:11px;border-color:#929292;border-width:1px; border-style:dotted;border-top-width:0px;border-right-width:0px;border-left-width:0px;\">\r\n                                <tr>\r\n                                        <td valign=\"top\" style=\"padding-bottom:5px;\">\r\n        {if $Position->nPosTyp==1}\r\n                                                {if $Position->kKonfigitem > 0}&bull; {/if}<b>{$Position->cName}</b> {if $Position->cArtNr}({$Position->cArtNr}){/if}\r\n        {if $Position->Artikel->nErscheinendesProdukt}\r\n          <br>Verfügbar ab: <strong>{$Position->Artikel->Erscheinungsdatum_de}</strong>\r\n        {/if}\r\n        {if $Einstellungen.kaufabwicklung.bestellvorgang_lieferstatus_anzeigen==\"Y\" && $Position->cLieferstatus}\r\n                            <br><span class=\"small\">Lieferzeit: {$Position->cLieferstatus}</span>\r\n        {/if}<br>\r\n                {foreach name=variationen from=$Position->WarenkorbPosEigenschaftArr item=WKPosEigenschaft}\r\n                                                <br><span class=\"standard\"><b>{$WKPosEigenschaft->cEigenschaftName}</b>: {$WKPosEigenschaft->cEigenschaftWertName}\r\n                                                </span>\r\n                {/foreach}\r\n        {else}\r\n                                                <span class=\"bluenormal\">{$Position->cName}</span>\r\n        {/if}\r\n                                        </td>\r\n                                        <td width=\"50\" style=\"padding-left:2px;\" valign=\"top\">\r\n                                                <span class=\"standard\">{$Position->nAnzahl}</span>\r\n                                        </td>\r\n        {if $Einstellungen.kaufabwicklung.bestellvorgang_einzelpreise_anzeigen==\"Y\"}\r\n                                       <td width=\"90\" style=\"padding-left:2px;\" align=\"right\" valign=\"top\">\r\n                                          <span class=\"standard\">{$Position->cEinzelpreisLocalized[$NettoPreise]}</span>\r\n                                       </td>\r\n        {/if}\r\n                                        <td width=\"90\" style=\"padding-left:2px;\" align=\"right\" valign=\"top\">\r\n                                                <span class=\"standard\">{$Position->cGesamtpreisLocalized[$NettoPreise]}</span>\r\n                                        </td>\r\n                                </tr>\r\n                                </table>\r\n{/foreach}\r\n                                <table width=\"600\" border=\"0\" cellspacing=\"0\" cellpadding=\"0\" style=\"padding-top:11px;border-color:#929292;border-width:1px; border-style:dotted;border-top-width:0px;border-right-width:0px;border-left-width:0px;\">\r\n{if $Einstellungen.global.global_steuerpos_anzeigen!=\"N\"}\r\n{foreach name=steuerpositionen from=$Bestellung->Steuerpositionen item=Steuerposition}\r\n                                <tr>\r\n                                        <td valign=\"top\" align=\"right\" style=\"padding-bottom:5px;padding-top:4px;padding-right:8px;\">\r\n                                                <span class=\"standard\">{$Steuerposition->cName}:</span></a>\r\n                                        </td>\r\n                                        <td width=\"90\"  style=\"padding-bottom:5px;padding-top:4px;padding-right:8px;\" align=\"right\" valign=\"top\">\r\n                                                <span class=\"standard\">{$Steuerposition->cPreisLocalized}</span>\r\n                                        </td>\r\n                                </tr>\r\n{/foreach}\r\n{/if}\r\n{if $Bestellung->GuthabenNutzen==1}\r\n                                <tr>\r\n                                        <td valign=\"top\" align=\"right\" style=\"padding-bottom:5px;padding-top:11px;\">\r\n                                                <span class=\"standard\"><b>Gutschein:</b></span></a>\r\n                                        </td>\r\n                                        <td width=\"90\" style=\"padding-bottom:5px;padding-top:11px;\" align=\"right\" valign=\"top\">\r\n                                                <span class=\"standard\"><b>-{$Bestellung->GutscheinLocalized}</b></span>\r\n                                        </td>\r\n                                </tr>\r\n{/if}\r\n                                <tr>\r\n                                        <td valign=\"top\" align=\"right\"  style=\"padding-bottom:5px;padding-top:4px;padding-right:8px;font-size: 18px;\">\r\n                                                <span class=\"standard\"><b>Gesamtsumme:</b></span></a>\r\n                                        </td>\r\n                                        <td width=\"90\" style=\"padding-bottom:5px;padding-top:4px;padding-right:8px; font-size: 18px;\" align=\"right\" valign=\"top\">\r\n                                                <span class=\"standard\"><b>{$Bestellung->WarensummeLocalized[0]}</b></span>\r\n                                        </td>\r\n                                </tr>\r\n                                </table><br><br>\r\n\r\nIhre Rechnungsadresse:<br>\r\n{if $Kunde->cFirma}{$Kunde->cFirma}<br />{/if}\r\n{$Kunde->cAnredeLocalized} {$Kunde->cVorname} {$Kunde->cNachname}<br>\r\n{$Kunde->cStrasse} {$Kunde->cHausnummer}<br>\r\n{if $Kunde->cAdressZusatz}{$Kunde->cAdressZusatz}<br>\r\n{/if}{$Kunde->cPLZ} {$Kunde->cOrt}<br>\r\n{if $Kunde->cBundesland}{$Kunde->cBundesland}<br>\r\n{/if}{$Kunde->cLand}<br>\r\n{if $Kunde->cTel}Tel: {$Kunde->cTel}<br>\r\n{/if}{if $Kunde->cMobil}Mobil: {$Kunde->cMobil}<br>\r\n{/if}{if $Kunde->cFax}Fax: {$Kunde->cFax}<br>\r\n{/if}<br>\r\nEmail: {$Kunde->cMail}<br>\r\n{if $Kunde->cUSTID}UstID: {$Kunde->cUSTID}<br>\r\n{/if}\r\n<br><br>\r\n\r\n{if $Bestellung->Lieferadresse->kLieferadresse>0} \r\nIhre Lieferadresse: <br><br>\r\n{if $Bestellung->Lieferadresse->cFirma}\r\n{$Bestellung->Lieferadresse->cFirma}<br />\r\n{/if}\r\n{$Bestellung->Lieferadresse->cAnredeLocalized} {$Bestellung->Lieferadresse->cVorname} {$Bestellung->Lieferadresse->cNachname}<br>\r\n{$Bestellung->Lieferadresse->cStrasse} {$Bestellung->Lieferadresse->cHausnummer}<br>\r\n{if $Bestellung->Lieferadresse->cAdressZusatz}{$Bestellung->Lieferadresse->cAdressZusatz}<br>\r\n{/if}{$Bestellung->Lieferadresse->cPLZ} {$Bestellung->Lieferadresse->cOrt}<br>\r\n{if $Bestellung->Lieferadresse->cBundesland}{$Bestellung->Lieferadresse->cBundesland}<br>\r\n{/if}{$Bestellung->Lieferadresse->cLand}<br>\r\n{if $Bestellung->Lieferadresse->cTel}Tel: {$Bestellung->Lieferadresse->cTel}<br>\r\n{/if}{if $Bestellung->Lieferadresse->cMobil}Mobil: {$Bestellung->Lieferadresse->cMobil}<br>\r\n{/if}{if $Bestellung->Lieferadresse->cFax}Fax: {$Bestellung->Lieferadresse->cFax}<br>\r\n{/if}{if $Bestellung->Lieferadresse->cMail}Email: {$Bestellung->Lieferadresse->cMail}<br>\r\n{/if}<br>\r\n{else} \r\nLieferadresse ist gleich Rechnungsadresse. \r\n{/if}\r\n\r\n<br><br>\r\nSie haben folgende Zahlungsart gewählt: {$Bestellung->cZahlungsartName}<br><br>\r\n\r\n{if $Bestellung->Zahlungsart->cModulId==\"za_ueberweisung_jtl\"}\r\nBitte führen Sie die folgende Überweisung durch:<br>\r\n    <table width=\"400\" cellpadding=\"0\" cellspacing=\"0\">\r\n        <tr><td>Kontoinhaber:</td><td>{$Firma->cKontoinhaber}</td></tr>\r\n        <tr><td>Bankinstitut:</td><td>{$Firma->cBank}</td></tr>\r\n        <tr><td>IBAN:</td><td>{$Firma->cIBAN}</td></tr>\r\n        <tr><td>BIC:</td><td>{$Firma->cBIC}</td></tr>\r\n        <tr><td> </td><td></td></tr>\r\n        <tr><td><strong>Verwendungszweck</strong>:</td><td><strong>{$Bestellung->cBestellNr}</strong></td></tr>\r\n        <tr><td><strong>Gesamtsumme</strong>:</td><td><strong>{$Bestellung->WarensummeLocalized[0]}</strong></td></tr>\r\n    </table><br>\r\n{elseif $Bestellung->Zahlungsart->cModulId==\"za_nachnahme_jtl\"}\r\n{elseif $Bestellung->Zahlungsart->cModulId==\"za_kreditkarte_jtl\"}\r\n{elseif $Bestellung->Zahlungsart->cModulId==\"za_rechnung_jtl\"}\r\n{elseif $Bestellung->Zahlungsart->cModulId==\"za_lastschrift_jtl\"}\r\n{elseif $Bestellung->Zahlungsart->cModulId==\"za_barzahlung_jtl\"}\r\n{elseif $Bestellung->Zahlungsart->cModulId==\"za_paypal_jtl\"}\r\n{elseif $Bestellung->Zahlungsart->cModulId==\"za_moneybookers_jtl\"}\r\n{/if}\r\n\r\n{if isset($Zahlungsart->cHinweisText) && $Zahlungsart->cHinweisText|count_characters > 0}\r\n  {$Zahlungsart->cHinweisText}<br><br>\r\n{/if}\r\n\r\n{if $Bestellung->Zahlungsart->cModulId==\"za_rechnung_jtl\"}\r\n{elseif $Bestellung->Zahlungsart->cModulId==\"za_lastschrift_jtl\"}\r\nWir belasten in Kürze folgendes Bankkonto um die fällige Summe:<br><br>\r\n\r\nKontoinhaber: {$Bestellung->Zahlungsinfo->cInhaber}<br>\r\nIBAN: {$Bestellung->Zahlungsinfo->cIBAN}<br>\r\nBIC: {$Bestellung->Zahlungsinfo->cBIC}<br>\r\nBank: {$Bestellung->Zahlungsinfo->cBankName}<br><br>\r\n\r\n{elseif $Bestellung->Zahlungsart->cModulId==\"za_barzahlung_jtl\"}\r\n{elseif $Bestellung->Zahlungsart->cModulId==\"za_paypal_jtl\"}\r\nFalls Sie Ihre Zahlung per PayPal noch nicht durchgeführt haben, nutzen Sie folgende Emailadresse als Empfänger: {$Einstellungen.zahlungsarten.zahlungsart_paypal_empfaengermail}\r\n{elseif $Bestellung->Zahlungsart->cModulId==\"za_moneybookers_jtl\"}\r\n{elseif $Bestellung->Zahlungsart->cModulId==\"za_billpay_jtl\"}\r\n{if $Bestellung->nZahlungsTyp == 1}\r\n<b>Bitte überweisen Sie den Gesamtbetrag auf folgendes Konto:</b><br><br>\r\nKontoinhaber: {$Bestellung->Zahlungsinfo->cInhaber}<br>\r\nBankinstitut: {$Bestellung->Zahlungsinfo->cBankName}<br>\r\nIBAN: {$Bestellung->Zahlungsinfo->cIBAN}<br>\r\nBIC: {$Bestellung->Zahlungsinfo->cBIC}<br>\r\nVerwendungszweck: {$Bestellung->cBestellNr}<br>\r\n<br>\r\n{/if}\r\n{/if}\r\n\r\nÜber den weiteren Verlauf Ihrer Bestellung werden wir Sie jeweils gesondert informieren. <br><br>\r\n\r\n{if $oTrustedShopsBewertenButton->cURL|count_characters > 0}\r\nWaren Sie mit Ihrer Bestellung zufrieden? Dann würden wir uns über eine Empfehlung freuen ... es dauert auch nur eine Minute.<br>\r\n<a href=\"{$oTrustedShopsBewertenButton->cURL}\"><img src=\"{$oTrustedShopsBewertenButton->cPicURL}\" alt=\"Bewerten Sie uns!\"></a><br><br>\r\n{/if}\r\n\r\nMit freundlichem Gruß <br><br>\r\n\r\nIhr Team von {$Firma->cName}',  `cContentText` = 'Sehr {if $Kunde->cAnrede==\"w\"}geehrte{else}geehrter{/if} {$Kunde->cAnredeLocalized} {$Kunde->cNachname},\r\n\r\nvielen Dank für Ihre Bestellung bei {$Einstellungen.global.global_shopname}.\r\n\r\n{if $Verfuegbarkeit_arr.cArtikelName_arr|@count > 0}\r\n{$Verfuegbarkeit_arr.cHinweis}\r\n{foreach from=$Verfuegbarkeit_arr.cArtikelName_arr item=cArtikelname}\r\n{$cArtikelname}\r\n{/foreach}\r\n{/if}\r\n\r\nIhre Bestellung mit Bestellnummer {$Bestellung->cBestellNr} umfasst folgende Positionen: \r\n\r\n{foreach name=pos from=$Bestellung->Positionen item=Position}\r\n\r\n{if $Position->nPosTyp==1}\r\n{if $Position->kKonfigitem > 0} * {/if}{$Position->nAnzahl}x {$Position->cName} - {$Position->cGesamtpreisLocalized[$NettoPreise]}{if $Position->Artikel->nErscheinendesProdukt}\r\nVerfügbar ab: {$Position->Artikel->Erscheinungsdatum_de}{/if}{if $Einstellungen.kaufabwicklung.bestellvorgang_lieferstatus_anzeigen==\"Y\" && $Position->cLieferstatus}\r\n\r\nLieferzeit: {$Position->cLieferstatus}{/if}\r\n{foreach name=variationen from=$Position->WarenkorbPosEigenschaftArr item=WKPosEigenschaft}\r\n\r\n{$WKPosEigenschaft->cEigenschaftName}: {$WKPosEigenschaft->cEigenschaftWertName}{/foreach}\r\n{else}\r\n{$Position->nAnzahl}x {$Position->cName} - {$Position->cGesamtpreisLocalized[$NettoPreise]}{/if}\r\n{/foreach}\r\n\r\n{if $Einstellungen.global.global_steuerpos_anzeigen!=\"N\"}{foreach name=steuerpositionen from=$Bestellung->Steuerpositionen item=Steuerposition}\r\n{$Steuerposition->cName}: {$Steuerposition->cPreisLocalized}\r\n{/foreach}{/if}\r\n{if $Bestellung->GuthabenNutzen==1}\r\nGutschein: -{$Bestellung->GutscheinLocalized}\r\n{/if}\r\n\r\nGesamtsumme: {$Bestellung->WarensummeLocalized[0]}\r\n\r\n\r\nIhre Rechnungsadresse:\r\n\r\n{if $Kunde->cFirma}{$Kunde->cFirma}{/if}\r\n{$Kunde->cAnredeLocalized} {$Kunde->cVorname} {$Kunde->cNachname}\r\n{$Kunde->cStrasse} {$Kunde->cHausnummer}\r\n{if $Kunde->cAdressZusatz}{$Kunde->cAdressZusatz}\r\n{/if}{$Kunde->cPLZ} {$Kunde->cOrt}\r\n{if $Kunde->cBundesland}{$Kunde->cBundesland}\r\n{/if}{$Kunde->cLand}\r\n{if $Kunde->cTel}Tel: {$Kunde->cTel}\r\n{/if}{if $Kunde->cMobil}Mobil: {$Kunde->cMobil}\r\n{/if}{if $Kunde->cFax}Fax: {$Kunde->cFax}\r\n{/if}\r\nEmail: {$Kunde->cMail}\r\n{if $Kunde->cUSTID}UstID: {$Kunde->cUSTID}\r\n{/if}\r\n\r\n{if $Bestellung->Lieferadresse->kLieferadresse>0} \r\nIhre Lieferadresse: \r\n\r\n{if $Bestellung->Lieferadresse->cFirma}{$Bestellung->Lieferadresse->cFirma}{/if}\r\n{$Bestellung->Lieferadresse->cAnredeLocalized} {$Bestellung->Lieferadresse->cVorname} {$Bestellung->Lieferadresse->cNachname}\r\n{$Bestellung->Lieferadresse->cStrasse} {$Bestellung->Lieferadresse->cHausnummer}\r\n{if $Bestellung->Lieferadresse->cAdressZusatz}{$Bestellung->Lieferadresse->cAdressZusatz}\r\n{/if}{$Bestellung->Lieferadresse->cPLZ} {$Bestellung->Lieferadresse->cOrt}\r\n{if $Bestellung->Lieferadresse->cBundesland}{$Bestellung->Lieferadresse->cBundesland}\r\n{/if}{$Bestellung->Lieferadresse->cLand}\r\n{if $Bestellung->Lieferadresse->cTel}Tel: {$Bestellung->Lieferadresse->cTel}\r\n{/if}{if $Bestellung->Lieferadresse->cMobil}Mobil: {$Bestellung->Lieferadresse->cMobil}\r\n{/if}{if $Bestellung->Lieferadresse->cFax}Fax: {$Bestellung->Lieferadresse->cFax}\r\n{/if}{if $Bestellung->Lieferadresse->cMail}Email: {$Bestellung->Lieferadresse->cMail}\r\n{/if}\r\n{else} \r\nLieferadresse ist gleich Rechnungsadresse. \r\n{/if}\r\n\r\nSie haben folgende Zahlungsart gewählt: {$Bestellung->cZahlungsartName}\r\n\r\n{if $Bestellung->Zahlungsart->cModulId==\"za_ueberweisung_jtl\"}\r\nBitte führen Sie die folgende Überweisung durch:\r\nKontoinhaber:{$Firma->cKontoinhaber}\r\nBankinstitut:{$Firma->cBank}\r\nIBAN.:{$Firma->cIBAN}\r\nBIC.:{$Firma->cBIC}\r\n\r\nVerwendungszweck:{$Bestellung->cBestellNr}\r\nGesamtsumme:{$Bestellung->WarensummeLocalized[0]}\r\n\r\n{elseif $Bestellung->Zahlungsart->cModulId==\"za_nachnahme_jtl\"}\r\n{elseif $Bestellung->Zahlungsart->cModulId==\"za_kreditkarte_jtl\"}\r\n{elseif $Bestellung->Zahlungsart->cModulId==\"za_rechnung_jtl\"}\r\n{elseif $Bestellung->Zahlungsart->cModulId==\"za_lastschrift_jtl\"}\r\n{elseif $Bestellung->Zahlungsart->cModulId==\"za_barzahlung_jtl\"}\r\n{elseif $Bestellung->Zahlungsart->cModulId==\"za_paypal_jtl\"}\r\n{elseif $Bestellung->Zahlungsart->cModulId==\"za_moneybookers_jtl\"}\r\n{/if}\r\n\r\n{if isset($Zahlungsart->cHinweisText) && $Zahlungsart->cHinweisText|count_characters > 0}  {$Zahlungsart->cHinweisText}\r\n\r\n\r\n{/if}\r\n\r\n{if $Bestellung->Zahlungsart->cModulId==\"za_rechnung_jtl\"}\r\n{elseif $Bestellung->Zahlungsart->cModulId==\"za_lastschrift_jtl\"}\r\nWir belasten in Kürze folgendes Bankkonto um die fällige Summe:\r\n\r\nKontoinhaber: {$Bestellung->Zahlungsinfo->cInhaber}\r\nIBAN: {$Bestellung->Zahlungsinfo->cIBAN}\r\nBIC: {$Bestellung->Zahlungsinfo->cBIC}\r\nBank: {$Bestellung->Zahlungsinfo->cBankName}\r\n\r\n{elseif $Bestellung->Zahlungsart->cModulId==\"za_barzahlung_jtl\"}\r\n{elseif $Bestellung->Zahlungsart->cModulId==\"za_paypal_jtl\"}\r\nFalls Sie Ihre Zahlung per PayPal noch nicht durchgeführt haben, nutzen Sie folgende Emailadresse als Empfänger: {$Einstellungen.zahlungsarten.zahlungsart_paypal_empfaengermail}\r\n{elseif $Bestellung->Zahlungsart->cModulId==\"za_moneybookers_jtl\"}\r\n{elseif $Bestellung->Zahlungsart->cModulId==\"za_billpay_jtl\"}\r\n{if $Bestellung->nZahlungsTyp == 1}\r\nBitte überweisen Sie den Gesamtbetrag auf folgendes Konto:\r\nKontoinhaber: {$Bestellung->Zahlungsinfo->cInhaber}\r\nBankinstitut: {$Bestellung->Zahlungsinfo->cBankName}\r\nIBAN: {$Bestellung->Zahlungsinfo->cIBAN}\r\nBIC: {$Bestellung->Zahlungsinfo->cBIC}\r\nVerwendungszweck: {$Bestellung->cBestellNr}\r\n{/if}\r\n{/if}\r\n\r\nÜber den weiteren Verlauf Ihrer Bestellung werden wir Sie jeweils gesondert informieren.\r\n\r\n{if $oTrustedShopsBewertenButton->cURL|count_characters > 0}\r\nWaren Sie mit Ihrer Bestellung zufrieden? Dann würden wir uns über eine Empfehlung freuen ... es dauert auch nur eine Minute.\r\n{$oTrustedShopsBewertenButton->cURL}\r\n{/if} \r\n\r\nMit freundlichem Gruß \r\n\r\nIhr Team von {$Firma->cName}' WHERE `kEmailvorlage` = 3 AND `kSprache` = 1;
UPDATE `temailvorlagespracheoriginal` SET `cContentHtml` = 'Dear {$Kunde->cVorname} {$Kunde->cNachname}, <br><br>\r\n\r\nThank you for order at {$Einstellungen.global.global_shopname}. <br><br>\r\n\r\n{if $Verfuegbarkeit_arr.cArtikelName_arr|@count > 0}\r\n{$Verfuegbarkeit_arr.cHinweis}\r\n<ul>\r\n{foreach from=$Verfuegbarkeit_arr.cArtikelName_arr item=cArtikelname}\r\n<li>{$cArtikelname}</li>\r\n{/foreach}\r\n</ul>\r\n{/if}\r\n\r\nYour order with the order number {$Bestellung->cBestellNr} consists of the following items: <br><br>\r\n\r\n{foreach name=pos from=$Bestellung->Positionen item=Position}\r\n                                <table width=\"600\" border=\"0\" cellspacing=\"0\" cellpadding=\"0\" style=\"padding-top:11px;border-color:#929292;border-width:1px; border-style:dotted;border-top-width:0px;border-right-width:0px;border-left-width:0px;\">\r\n                                <tr>\r\n                                        <td valign=\"top\" style=\"padding-bottom:5px;\">\r\n        {if $Position->nPosTyp==1}\r\n                                                {if $Position->kKonfigitem > 0}&bull; {/if}<b>{$Position->cName}</b> {if $Position->cArtNr}({$Position->cArtNr}){/if}        {if $Einstellungen.kaufabwicklung.bestellvorgang_lieferstatus_anzeigen==\"Y\" && $Position->cLieferstatus}\r\n                            <br><span class=\"small\">Shipping time: {$Position->cLieferstatus}</span>\r\n        {/if}<br>\r\n                {foreach name=variationen from=$Position->WarenkorbPosEigenschaftArr item=WKPosEigenschaft}\r\n                                                <br><span class=\"standard\"><b>{$WKPosEigenschaft->cEigenschaftName}</b>: {$WKPosEigenschaft->cEigenschaftWertName}\r\n                                                </span>\r\n                {/foreach}\r\n        {else}\r\n                                                <span class=\"bluenormal\">{$Position->cName}</span>\r\n        {/if}\r\n                                        </td>\r\n                                        <td width=\"50\" style=\"padding-left:2px;\" valign=\"top\">\r\n                                                <span class=\"standard\">{$Position->nAnzahl}</span>\r\n                                        </td>\r\n        {if $Einstellungen.kaufabwicklung.bestellvorgang_einzelpreise_anzeigen==\"Y\"}\r\n                                       <td width=\"90\" style=\"padding-left:2px;\" align=\"right\" valign=\"top\">\r\n                                          <span class=\"standard\">{$Position->cEinzelpreisLocalized[$NettoPreise]}</span>\r\n                                       </td>\r\n        {/if}\r\n                                        <td width=\"90\" style=\"padding-left:2px;\" align=\"right\" valign=\"top\">\r\n                                                <span class=\"standard\">{$Position->cGesamtpreisLocalized[$NettoPreise]}</span>\r\n                                        </td>\r\n                                </tr>\r\n                                </table>\r\n{/foreach}\r\n                                <table width=\"600\" border=\"0\" cellspacing=\"0\" cellpadding=\"0\" style=\"padding-top:11px;border-color:#929292;border-width:1px; border-style:dotted;border-top-width:0px;border-right-width:0px;border-left-width:0px;\">\r\n{if $Einstellungen.global.global_steuerpos_anzeigen!=\"N\"}\r\n{foreach name=steuerpositionen from=$Bestellung->Steuerpositionen item=Steuerposition}\r\n                                <tr>\r\n                                        <td valign=\"top\" align=\"right\" style=\"padding-bottom:5px;padding-top:4px;padding-right:8px;\">\r\n                                                <span class=\"standard\">{$Steuerposition->cName}:</span></a>\r\n                                        </td>\r\n                                        <td width=\"90\"  style=\"padding-bottom:5px;padding-top:4px;padding-right:8px;\" align=\"right\" valign=\"top\">\r\n                                                <span class=\"standard\">{$Steuerposition->cPreisLocalized}</span>\r\n                                        </td>\r\n                                </tr>\r\n{/foreach}\r\n{/if}\r\n{if $Bestellung->GuthabenNutzen==1}\r\n                                <tr>\r\n                                        <td valign=\"top\" align=\"right\" style=\"padding-bottom:5px;padding-top:11px;\">\r\n                                                <span class=\"standard\"><b>Gutschein:</b></span></a>\r\n                                        </td>\r\n                                        <td width=\"90\" style=\"padding-bottom:5px;padding-top:11px;\" align=\"right\" valign=\"top\">\r\n                                                <span class=\"standard\"><b>-{$Bestellung->GutscheinLocalized}</b></span>\r\n                                        </td>\r\n                                </tr>\r\n{/if}\r\n                                <tr>\r\n                                        <td valign=\"top\" align=\"right\"  style=\"padding-bottom:5px;padding-top:4px;padding-right:8px;font-size: 18px;\">\r\n                                                <span class=\"standard\"><b>Gesamtsumme:</b></span></a>\r\n                                        </td>\r\n                                        <td width=\"90\" style=\"padding-bottom:5px;padding-top:4px;padding-right:8px; font-size: 18px;\" align=\"right\" valign=\"top\">\r\n                                                <span class=\"standard\"><b>{$Bestellung->WarensummeLocalized[0]}</b></span>\r\n                                        </td>\r\n                                </tr>\r\n                                </table><br><br>\r\nYour billing adress:<br>\r\n{if $Kunde->cFirma}{$Kunde->cFirma}<br />{/if}\r\n{$Kunde->cAnredeLocalized} {$Kunde->cVorname} {$Kunde->cNachname}<br>\r\n{$Kunde->cStrasse} {$Kunde->cHausnummer}<br>\r\n{if $Kunde->cAdressZusatz}{$Kunde->cAdressZusatz}<br>\r\n{/if}{$Kunde->cPLZ} {$Kunde->cOrt}<br>\r\n{if $Kunde->cBundesland}{$Kunde->cBundesland}<br>\r\n{/if}{$Kunde->cLand}<br>\r\n{if $Kunde->cTel}Tel: {$Kunde->cTel}<br>\r\n{/if}{if $Kunde->cMobil}Mobil: {$Kunde->cMobil}<br>\r\n{/if}{if $Kunde->cFax}Fax: {$Kunde->cFax}<br>\r\n{/if}<br>\r\nEmail: {$Kunde->cMail}<br>\r\n{if $Kunde->cUSTID}UstID: {$Kunde->cUSTID}<br>\r\n{/if}\r\n<br><br>\r\n\r\n{if $Bestellung->Lieferadresse->kLieferadresse>0} \r\nYour shipping adress: <br><br>\r\n{if $Bestellung->Lieferadresse->cFirma}{$Bestellung->Lieferadresse->cFirma}<br />{/if}\r\n{$Bestellung->Lieferadresse->cAnredeLocalized} {$Bestellung->Lieferadresse->cVorname} {$Bestellung->Lieferadresse->cNachname}<br>\r\n{$Bestellung->Lieferadresse->cStrasse} {$Bestellung->Lieferadresse->cHausnummer}<br>\r\n{if $Bestellung->Lieferadresse->cAdressZusatz}{$Bestellung->Lieferadresse->cAdressZusatz}<br>\r\n{/if}{$Bestellung->Lieferadresse->cPLZ} {$Bestellung->Lieferadresse->cOrt}<br>\r\n{if $Bestellung->Lieferadresse->cBundesland}{$Bestellung->Lieferadresse->cBundesland}<br>\r\n{/if}{$Bestellung->Lieferadresse->cLand}<br>\r\n{if $Bestellung->Lieferadresse->cTel}Tel: {$Bestellung->Lieferadresse->cTel}<br>\r\n{/if}{if $Bestellung->Lieferadresse->cMobil}Mobil: {$Bestellung->Lieferadresse->cMobil}<br>\r\n{/if}{if $Bestellung->Lieferadresse->cFax}Fax: {$Bestellung->Lieferadresse->cFax}<br>\r\n{/if}{if $Bestellung->Lieferadresse->cMail}Email: {$Bestellung->Lieferadresse->cMail}<br>\r\n{/if}<br>\r\n{/if}\r\n\r\n<br><br>\r\nYou have chosen the following payment option: {$Bestellung->cZahlungsartName}<br><br>\r\n\r\n{if $Bestellung->Zahlungsart->cModulId==\"za_ueberweisung_jtl\"}\r\nPlease make the following banktransfer:<br>\r\n    <table width=\"400\" cellpadding=\"0\" cellspacing=\"0\">\r\n        <tr><td>Account owner:</td><td>{$Firma->cKontoinhaber}</td></tr>\r\n        <tr><td>bank:</td><td>{$Firma->cBank}</td></tr>\r\n        <tr><td>IBAN:</td><td>{$Firma->cIBAN}</td></tr>\r\n        <tr><td>BIC:</td><td>{$Firma->cBIC}</td></tr>\r\n        <tr><td> </td><td></td></tr>\r\n        <tr><td><strong>Purpose</strong>:</td><td><strong>{$Bestellung->cBestellNr}</strong></td></tr>\r\n        <tr><td><strong>Total sum</strong>:</td><td><strong>{$Bestellung->WarensummeLocalized[0]}</strong></td></tr>\r\n    </table><br>\r\n{elseif $Bestellung->Zahlungsart->cModulId==\"za_nachnahme_jtl\"}\r\n{elseif $Bestellung->Zahlungsart->cModulId==\"za_kreditkarte_jtl\"}\r\n{elseif $Bestellung->Zahlungsart->cModulId==\"za_rechnung_jtl\"}\r\n{elseif $Bestellung->Zahlungsart->cModulId==\"za_lastschrift_jtl\"}\r\n{elseif $Bestellung->Zahlungsart->cModulId==\"za_barzahlung_jtl\"}\r\n{elseif $Bestellung->Zahlungsart->cModulId==\"za_paypal_jtl\"}\r\n{elseif $Bestellung->Zahlungsart->cModulId==\"za_moneybookers_jtl\"}\r\n{elseif $Bestellung->Zahlungsart->cModulId==\"za_billpay_jtl\"}\r\n{if $Bestellung->nZahlungsTyp == 1}\r\n<b>Please transfer the total amount to following account:</b><br /><br />\r\nAccount Holder: {$Bestellung->Zahlungsinfo->cInhaber}<br />\r\nBank name: {$Bestellung->Zahlungsinfo->cBankName}<br />\r\nIBAN: {$Bestellung->Zahlungsinfo->cIBAN}<br>\r\nBIC: {$Bestellung->Zahlungsinfo->cBIC}<br>\r\nPurpose: {$Bestellung->cBestellNr}<br /><br />\r\n{/if}\r\n{/if}<br><br>\r\n\r\nYou will be notified about the following status of your order separately. <br><br>\r\n\r\nYours sincerely, <br><br>\r\n\r\n{$Firma->cName}', `cContentText` = 'Dear {$Kunde->cVorname} {$Kunde->cNachname}, \r\n\r\nThank you for order at {$Einstellungen.global.global_shopname}. \r\n\r\n{if $Verfuegbarkeit_arr.cArtikelName_arr|@count > 0}\r\n{$Verfuegbarkeit_arr.cHinweis}\r\n{foreach from=$Verfuegbarkeit_arr.cArtikelName_arr item=cArtikelname}\r\n{$cArtikelname}\r\n{/foreach}\r\n{/if}\r\n\r\nYour order with the order number {$Bestellung->cBestellNr} consists of the following items: \r\n\r\n{foreach name=pos from=$Bestellung->Positionen item=Position}\r\n\r\n{if $Position->nPosTyp==1}\r\n{if $Position->kKonfigitem > 0} * {/if}{$Position->nAnzahl}x {$Position->cName} {if $Position->cArtNr}({$Position->cArtNr}){/if} - {$Position->cGesamtpreisLocalized[$NettoPreise]}{if $Einstellungen.kaufabwicklung.bestellvorgang_lieferstatus_anzeigen==\"Y\" && $Position->cLieferstatus}\r\n\r\nShipping time: {$Position->cLieferstatus}{/if}\r\n{foreach name=variationen from=$Position->WarenkorbPosEigenschaftArr item=WKPosEigenschaft}\r\n\r\n{$WKPosEigenschaft->cEigenschaftName}: {$WKPosEigenschaft->cEigenschaftWertName}{/foreach}\r\n{else}\r\n{$Position->nAnzahl}x {$Position->cName} - {$Position->cGesamtpreisLocalized[$NettoPreise]}{/if}\r\n{/foreach}\r\n\r\n{if $Einstellungen.global.global_steuerpos_anzeigen!=\"N\"}{foreach name=steuerpositionen from=$Bestellung->Steuerpositionen item=Steuerposition}\r\n{$Steuerposition->cName}: {$Steuerposition->cPreisLocalized}\r\n{/foreach}{/if}\r\n{if $Bestellung->GuthabenNutzen==1}\r\nVoucher: -{$Bestellung->GutscheinLocalized}\r\n{/if}\r\n\r\nTotal: {$Bestellung->WarensummeLocalized[0]}\r\n\r\nYour billing adress:\r\n\r\n{if $Kunde->cFirma}{$Kunde->cFirma}{/if}\r\n{$Kunde->cAnredeLocalized} {$Kunde->cVorname} {$Kunde->cNachname}\r\n{$Kunde->cStrasse} {$Kunde->cHausnummer}\r\n{if $Kunde->cAdressZusatz}{$Kunde->cAdressZusatz}\r\n{/if}{$Kunde->cPLZ} {$Kunde->cOrt}\r\n{if $Kunde->cBundesland}{$Kunde->cBundesland}\r\n{/if}{$Kunde->cLand}\r\n{if $Kunde->cTel}Tel: {$Kunde->cTel}\r\n{/if}{if $Kunde->cMobil}Mobil: {$Kunde->cMobil}\r\n{/if}{if $Kunde->cFax}Fax: {$Kunde->cFax}\r\n{/if}\r\nEmail: {$Kunde->cMail}\r\n{if $Kunde->cUSTID}UstID: {$Kunde->cUSTID}\r\n{/if}\r\n\r\n{if $Bestellung->Lieferadresse->kLieferadresse>0} \r\nYour shipping adress: \r\n\r\n{if $Bestellung->Lieferadresse->cFirma}{$Bestellung->Lieferadresse->cFirma}{/if}\r\n{$Bestellung->Lieferadresse->cAnredeLocalized} {$Bestellung->Lieferadresse->cVorname} {$Bestellung->Lieferadresse->cNachname}\r\n{$Bestellung->Lieferadresse->cStrasse} {$Bestellung->Lieferadresse->cHausnummer}\r\n{if $Bestellung->Lieferadresse->cAdressZusatz}{$Bestellung->Lieferadresse->cAdressZusatz}\r\n{/if}{$Bestellung->Lieferadresse->cPLZ} {$Bestellung->Lieferadresse->cOrt}\r\n{if $Bestellung->Lieferadresse->cBundesland}{$Bestellung->Lieferadresse->cBundesland}\r\n{/if}{$Bestellung->Lieferadresse->cLand}\r\n{if $Bestellung->Lieferadresse->cTel}Tel: {$Bestellung->Lieferadresse->cTel}\r\n{/if}{if $Bestellung->Lieferadresse->cMobil}Mobil: {$Bestellung->Lieferadresse->cMobil}\r\n{/if}{if $Bestellung->Lieferadresse->cFax}Fax: {$Bestellung->Lieferadresse->cFax}\r\n{/if}{if $Bestellung->Lieferadresse->cMail}Email: {$Bestellung->Lieferadresse->cMail}\r\n{/if}\r\n{/if}\r\n\r\nYou have chosen the following payment option: {$Bestellung->cZahlungsartName}\r\n\r\n{if $Bestellung->Zahlungsart->cModulId==\"za_ueberweisung_jtl\"}\r\nPlease make the following banktransfer:\r\nAccount owner:{$Firma->cKontoinhaber}\r\nbank:{$Firma->cBank}\r\nIBAN.:{$Firma->cIBAN}\r\nBIC.:{$Firma->cBIC}\r\n\r\nPurpose:{$Bestellung->cBestellNr}\r\nTotal sum:{$Bestellung->WarensummeLocalized[0]}\r\n\r\nFor international banktransfers:\r\nBIC:{$Firma->cBIC}\r\nIBAN:{$Firma->cIBAN}\r\n{elseif $Bestellung->Zahlungsart->cModulId==\"za_nachnahme_jtl\"}\r\n{elseif $Bestellung->Zahlungsart->cModulId==\"za_kreditkarte_jtl\"}\r\n{elseif $Bestellung->Zahlungsart->cModulId==\"za_rechnung_jtl\"}\r\n{elseif $Bestellung->Zahlungsart->cModulId==\"za_lastschrift_jtl\"}\r\n{elseif $Bestellung->Zahlungsart->cModulId==\"za_barzahlung_jtl\"}\r\n{elseif $Bestellung->Zahlungsart->cModulId==\"za_paypal_jtl\"}\r\n{elseif $Bestellung->Zahlungsart->cModulId==\"za_moneybookers_jtl\"}\r\n{elseif $Bestellung->Zahlungsart->cModulId==\"za_billpay_jtl\"}\r\n{if $Bestellung->nZahlungsTyp == 1}\r\nPlease transfer the total amount to following account:\r\nAccount Holder: {$Bestellung->Zahlungsinfo->cInhaber}\r\nBank name: {$Bestellung->Zahlungsinfo->cBankName}\r\nIBAN: {$Bestellung->Zahlungsinfo->cIBAN}\r\nBIC: {$Bestellung->Zahlungsinfo->cBIC}\r\nPurpose: {$Bestellung->cBestellNr}\r\n{/if}\r\n{/if}\r\n\r\nYou will be notified about the following status of your order separately. \r\n\r\nYours sincerely, \r\n\r\n{$Firma->cName}'  WHERE `kEmailvorlage` = 3 AND `kSprache` = 2;
CREATE TABLE `tpreis` (`kPreis` int(11) NOT NULL AUTO_INCREMENT,`kArtikel` int(11) NOT NULL,`kKundengruppe` int(11) NOT NULL,`kKunde` int(11) DEFAULT NULL, PRIMARY KEY (`kPreis`)) ENGINE=MyISAM DEFAULT CHARSET=utf8;
CREATE TABLE `tpreisdetail` (`kPreisDetail` int(11) NOT NULL AUTO_INCREMENT,`kPreis` int(11) NOT NULL,`nAnzahlAb` int(11) NOT NULL,`fVKNetto` double NOT NULL, PRIMARY KEY (`kPreisDetail`)) ENGINE=MyISAM AUTO_INCREMENT=1 DEFAULT CHARSET=utf8;
ALTER TABLE `tpreis` ADD INDEX( `kArtikel`, `kKundengruppe`, `kKunde`);
ALTER TABLE `tpreisdetail` ADD INDEX(`kPreis`);
ALTER TABLE `tpreisdetail` ADD INDEX( `kPreis`, `nAnzahlAb`, `fVKNetto`);
INSERT INTO tpreis SELECT null, kArtikel, kKundengruppe, null FROM tpreise;
INSERT INTO tpreisdetail SELECT null, p.kPreis, 0, o.fVKNetto FROM tpreis AS p JOIN tpreise AS o ON o.kArtikel = p.kArtikel AND o.kKundengruppe = p.kKundengruppe;
INSERT INTO tpreisdetail SELECT null, p.kPreis, o.nAnzahl1, o.fPreis1 FROM tpreis AS p JOIN tpreise AS o ON o.kArtikel = p.kArtikel AND o.kKundengruppe = p.kKundengruppe AND o.nAnzahl1 > 0 AND o.fPreis1 > 0;
INSERT INTO tpreisdetail SELECT null, p.kPreis, o.nAnzahl2, o.fPreis2 FROM tpreis AS p JOIN tpreise AS o ON o.kArtikel = p.kArtikel AND o.kKundengruppe = p.kKundengruppe AND o.nAnzahl2 > 0 AND o.fPreis2 > 0;
INSERT INTO tpreisdetail SELECT null, p.kPreis, o.nAnzahl3, o.fPreis3 FROM tpreis AS p JOIN tpreise AS o ON o.kArtikel = p.kArtikel AND o.kKundengruppe = p.kKundengruppe AND o.nAnzahl3 > 0 AND o.fPreis3 > 0;
INSERT INTO tpreisdetail SELECT null, p.kPreis, o.nAnzahl4, o.fPreis4 FROM tpreis AS p JOIN tpreise AS o ON o.kArtikel = p.kArtikel AND o.kKundengruppe = p.kKundengruppe AND o.nAnzahl4 > 0 AND o.fPreis4 > 0;
INSERT INTO tpreisdetail SELECT null, p.kPreis, o.nAnzahl5, o.fPreis5 FROM tpreis AS p JOIN tpreise AS o ON o.kArtikel = p.kArtikel AND o.kKundengruppe = p.kKundengruppe AND o.nAnzahl5 > 0 AND o.fPreis5 > 0;
UPDATE `tadminmenu` SET `kAdminmenueGruppe`='7' WHERE `kAdminmenueGruppe`='8';
DELETE FROM `tadminmenugruppe` WHERE `kAdminmenueGruppe`='8';
ALTER TABLE `tadminlogin` CHANGE COLUMN `cPass` `cPass` VARCHAR(255) NULL DEFAULT NULL;
ALTER TABLE `tkunde` CHANGE COLUMN `cPasswort` `cPasswort` VARCHAR(254) NULL DEFAULT NULL;
UPDATE `tadminmenu` SET `cLinkname`='Gratisgeschenk' WHERE `cLinkname`='Gratis Geschenk';
UPDATE `tadminmenugruppe` SET `cName`='Import/Export' WHERE `cName`='Import / Export';
INSERT INTO `tadminrecht` (`cRecht` ,`cBeschreibung` ,`kAdminrechtemodul`) VALUES ('PROFILER_VIEW',  'Profiler',  '1');
INSERT INTO `tadminmenu` (`kAdminmenueGruppe`, `cModulId`, `cLinkname`, `cURL`, `cRecht`, `nSort`) VALUES ('1', 'core_jtl', 'Profiler', 'profiler.php', 'PROFILER_VIEW', '350');
CREATE TABLE `tprofiler` (`runID` int(11) NOT NULL AUTO_INCREMENT, `url` text, `timestamp` timestamp NULL DEFAULT CURRENT_TIMESTAMP, `ptype` enum('plugin','sql') DEFAULT NULL, `total_count` int(11) DEFAULT NULL, `total_time` float DEFAULT NULL, PRIMARY KEY (`runID`) ) ENGINE=InnoDB DEFAULT CHARSET=latin1;
CREATE TABLE `tprofiler_runs` (`execID` int(11) NOT NULL AUTO_INCREMENT, `runID` int(11) DEFAULT NULL, `filename` varchar(255) DEFAULT '', `runtime` float DEFAULT '0', `hookID` int(11) DEFAULT NULL, `runcount` int(11) DEFAULT '1', `data` text, `statement` text, `tablename` varchar(255) DEFAULT NULL, PRIMARY KEY (`execID`), KEY `runID_idx` (`runID`), CONSTRAINT `fk_run_id` FOREIGN KEY (`runID`) REFERENCES `tprofiler` (`runID`) ON DELETE CASCADE ON UPDATE CASCADE) ENGINE=InnoDB DEFAULT CHARSET=utf8;
DELETE tzahlungsart, tzahlungsartsprache, tversandartzahlungsart, teinstellungenconf, teinstellungen, teinstellungenconfwerte FROM tzahlungsart LEFT JOIN tzahlungsartsprache ON tzahlungsartsprache.kZahlungsart = tzahlungsart.kZahlungsart LEFT JOIN tversandartzahlungsart ON tversandartzahlungsart.kZahlungsart = tzahlungsart.kZahlungsart LEFT JOIN teinstellungenconf ON teinstellungenconf.cModulId = tzahlungsart.cModulId LEFT JOIN teinstellungen ON teinstellungen.cModulId = tzahlungsart.cModulId LEFT JOIN teinstellungenconfwerte ON teinstellungenconfwerte.kEinstellungenConf = teinstellungenconf.kEinstellungenConf WHERE tzahlungsart.cModulId = 'za_iclear_jtl';
INSERT INTO `tsprachwerte` (`kSprachISO`, `kSprachsektion`, `cName`, `cWert`, `cStandard`, `bSystem`) VALUES ('1', '1', 'deliveryCountry', 'Lieferland', 'Lieferland', '1');
INSERT INTO `tsprachwerte` (`kSprachISO`, `kSprachsektion`, `cName`, `cWert`, `cStandard`, `bSystem`) VALUES ('2', '1', 'deliveryCountry', 'delivery country', 'delivery country', '1');
INSERT INTO `tadminrecht` (`cRecht` ,`cBeschreibung` ,`kAdminrechtemodul`) VALUES ('WAWI_SYNC_VIEW',  'WAWI-Sync',  '1');
INSERT INTO `tadminmenu` (`kAdminmenueGruppe`, `cModulId`, `cLinkname`, `cURL`, `cRecht`, `nSort`) VALUES ('1', 'core_jtl', 'WAWI-Syncdaten', 'wawisync.php', 'WAWI_SYNC_VIEW', '351');
ALTER TABLE `tplugin_resources` ADD COLUMN `conditional` VARCHAR(255) NULL DEFAULT NULL;
INSERT INTO `teinstellungenconf` (`kEinstellungenConf`, `kEinstellungenSektion`, `cName`, `cBeschreibung`, `cWertName`, `cInputTyp`, `nSort`, `nStandardAnzeigen`, `nModul`, `cConf`) VALUES (1566, '1', '404-Hits automatisch in den Weiterleitungen erfassen?', 'Sollen nicht gefundene URLs automatisch in der Weiterleitungstabelle gespeichert werden?', 'redirect_save_404', 'selectbox', '698', '1', '0', 'Y');
INSERT INTO `teinstellungenconfwerte` (`kEinstellungenConf`,`cName`,`cWert`,`nSort`) VALUES (1566,'Ja','Y',1);
INSERT INTO `teinstellungenconfwerte` (`kEinstellungenConf`,`cName`,`cWert`,`nSort`) VALUES (1566,'Nein','N',2);
INSERT INTO `teinstellungen` (`kEinstellungenSektion`,`cName`,`cWert`,`cModulId`) VALUES (1,'redirect_save_404','Y',NULL);
ALTER TABLE `tversandart` ADD COLUMN `cSendConfirmationMail` CHAR(1) NOT NULL DEFAULT 'Y';
ALTER TABLE `tadminlogin` ADD COLUMN `cResetPasswordHash` VARCHAR(255) NULL DEFAULT NULL;
INSERT INTO `temailvorlage` (`kEmailvorlage` ,`cName`, `cMailTyp`, `cModulId`, `cAktiv`, `nAKZ`, `nAGB`, `nWRB`, `nFehlerhaft`) VALUES (29, 'Passwort vergessen (Admin)', 'text/html', 'core_jtl_admin_passwort_vergessen', 'Y', '0', '0', '0', '0');
INSERT INTO `temailvorlageoriginal` (`kEmailvorlage` ,`cName`, `cMailTyp`, `cModulId`, `cAktiv`, `nAKZ`, `nAGB`, `nWRB`, `nFehlerhaft`) VALUES (29, 'Passwort vergessen (Admin)', 'text/html', 'core_jtl_admin_passwort_vergessen', 'Y', '0', '0', '0', '0');
INSERT INTO `teinstellungenconf` (`kEinstellungenConf`, `kEinstellungenSektion`, `cName`, `cBeschreibung`, `cWertName`, `cInputTyp`, `cModulId`, `nSort`, `nStandardAnzeigen`, `nModul`, `cConf`) VALUES (1573, 100, 'Öffentlicher API Schlüssel', '', 'zahlungsart_billpay_publicapicode', 'text', 'za_billpay_jtl', 800, 1, 0, 'Y');
UPDATE teinstellungenconfwerte SET cName = 'SSL-Verschlüsselung deaktivieren' WHERE kEinstellungenConf = 192 AND cWert = 'N';
UPDATE teinstellungenconfwerte SET cName = 'Teilverschlüsselung und automatischer Wechsel zwischen http und https' WHERE kEinstellungenConf = 192 AND cWert = 'Z';
INSERT INTO teinstellungenconfwerte (`kEinstellungenConf`, `cName`, `cWert`, `nSort`) VALUES (192, 'Permanentes SSL mit eigenem Zertifikat', 'P', 2);
INSERT INTO `teinstellungenconf` (`kEinstellungenConf`, `kEinstellungenSektion`, `cName`, `nSort`, `nStandardAnzeigen`, `nModul`, `cConf`) VALUES ('1567', '1', 'Cookie-Einstellungen', '1510', '1', '0', 'N');
INSERT INTO `teinstellungenconf` (`kEinstellungenConf`, `kEinstellungenSektion`, `cName`, `cBeschreibung`, `cWertName`, `cInputTyp`, `nSort`, `nStandardAnzeigen`, `nModul`, `cConf`) VALUES ('1568', '1', 'Cookie-Lifetime', 'Die Zeit in Sekunden, die Cookies g&uuml;ltig sein sollen. Leer lassen oder 0 f&uuml;r Standard.', 'global_cookie_lifetime', 'text', '1511', '1', '0', 'Y');
INSERT INTO `teinstellungenconf` (`kEinstellungenConf`, `kEinstellungenSektion`, `cName`, `cBeschreibung`, `cWertName`, `cInputTyp`, `nSort`, `nStandardAnzeigen`, `nModul`, `cConf`) VALUES ('1569', '1', 'Cookie-Pfad', 'Der Pfad der Domain, in dem das Cookie zu Verf&uuml;gung steht. Mit einem einfachen Schr&auml;gstrich gilt es f&uuml;r alle Pfade der Domain. Leer lassen f&uuml;r Standard.', 'global_cookie_path', 'text', '1512', '1', '0', 'Y');
INSERT INTO `teinstellungenconf` (`kEinstellungenConf`, `kEinstellungenSektion`, `cName`, `cBeschreibung`, `cWertName`, `cInputTyp`, `nSort`, `nStandardAnzeigen`, `nModul`, `cConf`) VALUES ('1570', '1', 'Cookie-Domain', 'Die Cookie-Domain, z.B. \"www.example.com\". Damit die Cookies auf allen Subdomains zur Verf&uuml;gung stehen, muss der Domain ein Punkt vorangestellt werden. Leer lassen f&uuml;r Standard.', 'global_cookie_domain', 'text', '1513', '1', '0', 'Y');
INSERT INTO `teinstellungenconf` (`kEinstellungenConf`, `kEinstellungenSektion`, `cName`, `cBeschreibung`, `cWertName`, `cInputTyp`, `nSort`, `nStandardAnzeigen`, `nModul`, `cConf`) VALUES ('1571', '1', 'Secure', 'Falls auf \"Ja\" gesetzt, wird das Cookie nur über sichere Verbindungen gesendet.', 'global_cookie_secure', 'selectbox', '1514', '1', '0', 'Y');
INSERT INTO `teinstellungenconf` (`kEinstellungenConf`, `kEinstellungenSektion`, `cName`, `cBeschreibung`, `cWertName`, `cInputTyp`, `nSort`, `nStandardAnzeigen`, `nModul`, `cConf`) VALUES ('1572', '1', 'HTTPONLY', 'Falls auf \"Ja\" gesetzt, versucht PHP das httponly-Flag zu senden.', 'global_cookie_httponly', 'selectbox', '1515', '1', '0', 'Y');
INSERT INTO `teinstellungenconfwerte` (`kEinstellungenConf`,`cName`,`cWert`,`nSort`) VALUES (1571,'Standard','S',1);
INSERT INTO `teinstellungenconfwerte` (`kEinstellungenConf`,`cName`,`cWert`,`nSort`) VALUES (1571,'Nein','N',2);
INSERT INTO `teinstellungenconfwerte` (`kEinstellungenConf`,`cName`,`cWert`,`nSort`) VALUES (1571,'Ja','Y',3);
INSERT INTO `teinstellungenconfwerte` (`kEinstellungenConf`,`cName`,`cWert`,`nSort`) VALUES (1572,'Standard','S',1);
INSERT INTO `teinstellungenconfwerte` (`kEinstellungenConf`,`cName`,`cWert`,`nSort`) VALUES (1572,'Nein','N',2);
INSERT INTO `teinstellungenconfwerte` (`kEinstellungenConf`,`cName`,`cWert`,`nSort`) VALUES (1572,'Ja','Y',2);
UPDATE `tadminmenu` SET `kAdminmenueGruppe`='5' WHERE `kAdminmenu`='71';
UPDATE `tadminmenu` SET `kAdminmenueGruppe`='5' WHERE `kAdminmenu`='73';
UPDATE `tadminmenu` SET `cLinkname`='News-/Blogsystem' WHERE `kAdminmenu`='36';
UPDATE `tadminmenu` SET `kAdminmenueGruppe`='5' WHERE `kAdminmenu`='61';
UPDATE `tadminmenu` SET `kAdminmenueGruppe`='5' WHERE `kAdminmenu`='54';
ALTER TABLE `tlink` ADD COLUMN `bSSL` TINYINT(1) NULL DEFAULT 0;
ALTER TABLE `tkunde` ADD COLUMN `nLoginversuche` INT(10) NOT NULL DEFAULT 0;
UPDATE `tadminmenu` SET `cLinkname`='AGB/WRB' WHERE `cLinkname`='AGB / WRB';
UPDATE `tadminmenu` SET `cLinkname`='Wasserzeichen/Branding' WHERE `cLinkname`='Wasserzeichen / Branding';
UPDATE`teinstellungensektion` SET `cName`='Warenkorb/Kaufabwicklung' WHERE `cName`='Warenkorb / Kaufabwicklung';
INSERT INTO `teinstellungenconf` (`kEinstellungenConf`, `kEinstellungenSektion`, `cName`, `cBeschreibung`, `cWertName`, `cInputTyp`, `nSort`, `nStandardAnzeigen`, `nModul`, `cConf`) VALUES ('1574', '6', 'Captcha nach X erfolglosen Anmeldeversuchen anzeigen', 'Zeigt ein Captcha an, falls eine konfigurierte Anzahl an erfolglosen Loginversuchen für ein Kundenkonto erfolgt. Achtung: Muss vom Template unterstützt werden!', 'kundenlogin_max_loginversuche', 'text', '230', '1', '0', 'Y');
INSERT INTO `teinstellungenconf` (`kEinstellungenConf`, `kEinstellungenSektion`, `cName`, `cBeschreibung`, `cWertName`, `cInputTyp`, `cModulId`, `nSort`, `nStandardAnzeigen`, `nModul`, `cConf`) VALUES ('1575', '1', 'Google reCAPTCHA Websiteschlüssel', 'Sie müssen Ihre Domain auf https://www.google.com/recaptcha registrieren. Anschließend erhalten Sie von Google Ihren Website- und Geheimen Schlüssel.', 'global_google_recaptcha_public', 'text', '', '522', '1', '0', 'Y'), ('1576', '1', 'Google reCAPTCHA Geheimer Schlüssel', 'Sie müssen Ihre Domain auf https://www.google.com/recaptcha registrieren. Anschließend erhalten Sie von Google Ihren Website- und Geheimen Schlüssel.', 'global_google_recaptcha_private', 'text', '', '523', '1', '0', 'Y');
INSERT INTO `tsprachwerte` (`kSprachISO`, `kSprachsektion`, `cName`, `cWert`, `cStandard`, `bSystem`) VALUES ('1', '1', 'clickImgToZoom', 'Klicken Sie auf das Bild für eine Galerieansicht', 'Klicken Sie auf das Bild für eine Galerieansicht', '1');
INSERT INTO `tsprachwerte` (`kSprachISO`, `kSprachsektion`, `cName`, `cWert`, `cStandard`, `bSystem`) VALUES ('2', '1', 'clickImgToZoom', 'Click Image for Gallery', 'Click Image for Gallery', '1');
ALTER TABLE `twarenkorbpos` CHANGE COLUMN `cLieferstatus` `cLieferstatus` VARCHAR(255) NOT NULL DEFAULT '';
ALTER TABLE `twarenkorbpos` CHANGE COLUMN `cEinheit` `cEinheit` VARCHAR(255) NOT NULL DEFAULT '';
ALTER TABLE `tartikelwarenlager` CHANGE COLUMN `dZulaufDatum` `dZulaufDatum` DATETIME NOT NULL DEFAULT '0000-00-00 00:00:00';
ALTER TABLE `tkategoriesprache` ADD COLUMN `cMetaDescription` VARCHAR(255) NULL DEFAULT NULL, ADD COLUMN `cMetaKeywords` VARCHAR(255) NULL DEFAULT NULL, ADD COLUMN `cTitleTag` VARCHAR(255) NULL DEFAULT NULL;
INSERT INTO `tzahlungsart` (`cName`, `cModulId`, `cKundengruppen`, `cZusatzschrittTemplate`, `cPluginTemplate`, `cBild`, `nSort`, `nMailSenden`, `nActive`, `cAnbieter`, `cTSCode`, `nWaehrendBestellung`, `nCURL`, `nSOAP`, `nSOCKETS`, `nNutzbar`) VALUES ('Billpay Rechnung', 'za_billpay_invoice_jtl', '', 'tpl_inc/modules/billpay/zusatzschritt.tpl', NULL, '', 0, 1, 1, 'Billpay GmbH', 'OTHER', 1, 1, 0, 0, 1);
INSERT INTO `tzahlungsart` (`cName`, `cModulId`, `cKundengruppen`, `cZusatzschrittTemplate`, `cPluginTemplate`, `cBild`, `nSort`, `nMailSenden`, `nActive`, `cAnbieter`, `cTSCode`, `nWaehrendBestellung`, `nCURL`, `nSOAP`, `nSOCKETS`, `nNutzbar`) VALUES ('Billpay Lastschrift', 'za_billpay_direct_debit_jtl', '', 'tpl_inc/modules/billpay/zusatzschritt.tpl', NULL, '', 0, 1, 1, 'Billpay GmbH', 'OTHER', 1, 1, 0, 0, 1);
INSERT INTO `tzahlungsart` (`cName`, `cModulId`, `cKundengruppen`, `cZusatzschrittTemplate`, `cPluginTemplate`, `cBild`, `nSort`, `nMailSenden`, `nActive`, `cAnbieter`, `cTSCode`, `nWaehrendBestellung`, `nCURL`, `nSOAP`, `nSOCKETS`, `nNutzbar`) VALUES ('Billpay Ratenkauf', 'za_billpay_rate_payment_jtl', '', 'tpl_inc/modules/billpay/zusatzschritt.tpl', NULL, '', 0, 1, 1, 'Billpay GmbH', 'OTHER', 1, 1, 0, 0, 1);
INSERT INTO `tzahlungsart` (`cName`, `cModulId`, `cKundengruppen`, `cZusatzschrittTemplate`, `cPluginTemplate`, `cBild`, `nSort`, `nMailSenden`, `nActive`, `cAnbieter`, `cTSCode`, `nWaehrendBestellung`, `nCURL`, `nSOAP`, `nSOCKETS`, `nNutzbar`) VALUES ('Billpay Paylater', 'za_billpay_paylater_jtl', '', 'tpl_inc/modules/billpay/zusatzschritt.tpl', NULL, '', 0, 1, 1, 'Billpay GmbH', 'OTHER', 1, 1, 0, 0, 1);
INSERT INTO `tzahlungsartsprache` (`kZahlungsart` ,`cISOSprache` ,`cName` ,`cGebuehrname` ,`cHinweisText`) SELECT kZahlungsart, 'ger',  'Billpay Rechnung',  '',  '' FROM tzahlungsart WHERE cModulId = 'za_billpay_invoice_jtl'; 
INSERT INTO `tzahlungsartsprache` (`kZahlungsart` ,`cISOSprache` ,`cName` ,`cGebuehrname` ,`cHinweisText`) SELECT kZahlungsart, 'eng',  'Billpay Invoice',  '',  '' FROM tzahlungsart WHERE cModulId = 'za_billpay_invoice_jtl'; 
INSERT INTO `tzahlungsartsprache` (`kZahlungsart` ,`cISOSprache` ,`cName` ,`cGebuehrname` ,`cHinweisText`) SELECT kZahlungsart, 'ger',  'Billpay Lastschrift',  '',  '' FROM tzahlungsart WHERE cModulId = 'za_billpay_direct_debit_jtl'; 
INSERT INTO `tzahlungsartsprache` (`kZahlungsart` ,`cISOSprache` ,`cName` ,`cGebuehrname` ,`cHinweisText`) SELECT kZahlungsart, 'eng',  'Billpay Direct Debit',  '',  '' FROM tzahlungsart WHERE cModulId = 'za_billpay_direct_debit_jtl'; 
INSERT INTO `tzahlungsartsprache` (`kZahlungsart` ,`cISOSprache` ,`cName` ,`cGebuehrname` ,`cHinweisText`) SELECT kZahlungsart, 'ger',  'Billpay Ratenkauf',  '',  '' FROM tzahlungsart WHERE cModulId = 'za_billpay_rate_payment_jtl'; 
INSERT INTO `tzahlungsartsprache` (`kZahlungsart` ,`cISOSprache` ,`cName` ,`cGebuehrname` ,`cHinweisText`) SELECT kZahlungsart, 'eng',  'Billpay Rate Payment',  '',  '' FROM tzahlungsart WHERE cModulId = 'za_billpay_rate_payment_jtl'; 
INSERT INTO `tzahlungsartsprache` (`kZahlungsart` ,`cISOSprache` ,`cName` ,`cGebuehrname` ,`cHinweisText`) SELECT kZahlungsart, 'ger',  'Billpay Paylater',  '',  '' FROM tzahlungsart WHERE cModulId = 'za_billpay_paylater_jtl'; 
INSERT INTO `tzahlungsartsprache` (`kZahlungsart` ,`cISOSprache` ,`cName` ,`cGebuehrname` ,`cHinweisText`) SELECT kZahlungsart, 'eng',  'Billpay Paylater',  '',  '' FROM tzahlungsart WHERE cModulId = 'za_billpay_paylater_jtl'; 
INSERT INTO `tsprachwerte` (`kSprachISO`, `kSprachsektion`, `cName`, `cWert`, `cStandard`, `bSystem`) VALUES ('1', '4', 'contents', 'Inhalt', 'Inhalt', '1');
INSERT INTO `tsprachwerte` (`kSprachISO`, `kSprachsektion`, `cName`, `cWert`, `cStandard`, `bSystem`) VALUES ('2', '4', 'contents', 'Contents', 'Contents', '1');
INSERT INTO `tsprachwerte` (`kSprachISO`, `kSprachsektion`, `cName`, `cWert`, `cStandard`, `bSystem`) VALUES ('1', '4', 'dimensions', 'Abmessungen', 'Abmessungen', '1');
INSERT INTO `tsprachwerte` (`kSprachISO`, `kSprachsektion`, `cName`, `cWert`, `cStandard`, `bSystem`) VALUES ('2', '4', 'dimensions', 'Dimensions', 'Dimensions', '1');
ALTER TABLE `temailblacklistblock` DROP PRIMARY KEY;
ALTER TABLE `temailblacklistblock` ADD COLUMN `id` INT NOT NULL AUTO_INCREMENT, ADD PRIMARY KEY (`id`);
INSERT INTO `tsprachwerte` (`kSprachISO`, `kSprachsektion`, `cName`, `cWert`, `cStandard`, `bSystem`) VALUES ('1', '1', 'firstReview', 'Geben Sie die erste Bewertung für diesen Artikel ab und helfen Sie Anderen bei der Kaufenscheidung', 'Geben Sie die erste Bewertung für diesen Artikel ab und helfen Sie Anderen bei der Kaufenscheidung','1'), ('2', '1', 'firstReview', 'Write your first review and help others with their purchase decision', 'Write your first review and help others with their purchase decision', '1');
CREATE TABLE `tuploadschemasprache` (`kArtikelUpload` int(11) NOT NULL, `kSprache` int(11) NOT NULL, `cName` varchar(255) NOT NULL, `cBeschreibung` varchar(45) NOT NULL);
ALTER TABLE `tkunde` ADD COLUMN `cResetPasswordHash` VARCHAR(255) NULL DEFAULT NULL;
ALTER TABLE `tplugin` ADD COLUMN `cIcon` VARCHAR(255) NULL DEFAULT NULL;
INSERT INTO `tsprachwerte` (`kSprachISO`, `kSprachsektion`, `cName`, `cWert`, `cStandard`, `bSystem`) VALUES ('1', '5', 'missingFilesUpload', 'Bitte laden Sie alle notwendigen Dateien hoch', 'Bitte laden Sie alle notwendigen Dateien hoch', '1');
INSERT INTO `tsprachwerte` (`kSprachISO`, `kSprachsektion`, `cName`, `cWert`, `cStandard`, `bSystem`) VALUES ('2', '5', 'missingFilesUpload', 'Please upload all the necessary Files', 'Please upload all the necessary Files', '1');
ALTER TABLE `temailvorlagesprache`  CHANGE COLUMN `cPDFS` `cPDFS` VARCHAR(255) NULL DEFAULT NULL, CHANGE COLUMN `cDateiname` `cDateiname` VARCHAR(255) NULL DEFAULT NULL ;
ALTER TABLE `temailvorlagespracheoriginal` CHANGE COLUMN `cPDFS` `cPDFS` VARCHAR(255) NULL DEFAULT NULL, CHANGE COLUMN `cDateiname` `cDateiname` VARCHAR(255) NULL DEFAULT NULL ;
INSERT INTO `temailvorlage` (`kEmailvorlage`, `cName`, `cBeschreibung`, `cMailTyp`, `cModulId`, `cDateiname`, `cAktiv`, `nAKZ`, `nAGB`, `nWRB`, `nFehlerhaft`) VALUES ('30', 'Footer', 'Footer für Emailvorlagen', 'text/html', 'core_jtl_footer', 'footer', 'Y', '0', '0', '0', '0');
INSERT INTO `temailvorlageoriginal` (`kEmailvorlage`, `cName`, `cBeschreibung`, `cMailTyp`, `cModulId`, `cDateiname`, `cAktiv`, `nAKZ`, `nAGB`, `nWRB`, `nFehlerhaft`) VALUES ('30', 'Footer', 'Footer', 'text/html', 'core_jtl_footer', 'footer', 'Y', '0', '0', '0', '0');
INSERT INTO `temailvorlagesprache` (`kEmailvorlage`, `kSprache`, `cBetreff`, `cContentHtml`, `cContentText`) VALUES ('30', '1', '', '\r\n\r\nMit freundlichem Gruß,<br><br>\r\n\r\nIhr Team von {$Firma->cName}', '\r\n\r\nMit freundlichem Gruß,\r\n\r\nIhr Team von {$Firma->cName}');
INSERT INTO `temailvorlagesprache` (`kEmailvorlage`, `kSprache`, `cBetreff`, `cContentHtml`, `cContentText`) VALUES ('30', '2', '', '\r\n\r\nYours sincerely,<br><br>\r\n\r\n{$Firma->cName}', '\r\n\r\nYours sincerely,\r\n\r\n{$Firma->cName}');
INSERT INTO `temailvorlagespracheoriginal` (`kEmailvorlage`, `kSprache`, `cBetreff`, `cContentHtml`, `cContentText`) VALUES ('30', '1', '', '\r\n\r\nMit freundlichem Gruß,<br><br>\r\n\r\nIhr Team von {$Firma->cName}', '\r\n\r\nMit freundlichem Gruß,\r\n\r\nIhr Team von {$Firma->cName}');
INSERT INTO `temailvorlagespracheoriginal` (`kEmailvorlage`, `kSprache`, `cBetreff`, `cContentHtml`, `cContentText`) VALUES ('30', '2', '', '\r\n\r\nYours sincerely,<br><br>\r\n\r\n{$Firma->cName}', '\r\n\r\nYours sincerely,\r\n\r\n{$Firma->cName}');
INSERT INTO `temailvorlage` (`kEmailvorlage`, `cName`, `cBeschreibung`, `cMailTyp`, `cModulId`, `cDateiname`, `cAktiv`, `nAKZ`, `nAGB`, `nWRB`, `nFehlerhaft`) VALUES ('31', 'Header', 'Header für Emailvorlagen', 'text/html', 'core_jtl_header', 'header', 'Y', '0', '0', '0', '0');
INSERT INTO `temailvorlageoriginal` (`kEmailvorlage`, `cName`, `cBeschreibung`, `cMailTyp`, `cModulId`, `cDateiname`, `cAktiv`, `nAKZ`, `nAGB`, `nWRB`, `nFehlerhaft`) VALUES ('31', 'Header', 'Header', 'text/html', 'core_jtl_header', 'header', 'Y', '0', '0', '0', '0');
INSERT INTO `temailvorlagesprache` (`kEmailvorlage`, `kSprache`, `cBetreff`, `cContentHtml`, `cContentText`) VALUES ('31', '1', '', '', '');
INSERT INTO `temailvorlagesprache` (`kEmailvorlage`, `kSprache`, `cBetreff`, `cContentHtml`, `cContentText`) VALUES ('31', '2', '', '', '');
INSERT INTO `temailvorlagespracheoriginal` (`kEmailvorlage`, `kSprache`, `cBetreff`, `cContentHtml`, `cContentText`) VALUES ('31', '1', '', '', '');
INSERT INTO `temailvorlagespracheoriginal` (`kEmailvorlage`, `kSprache`, `cBetreff`, `cContentHtml`, `cContentText`) VALUES ('31', '2', '', '', '');
CREATE TABLE `tartikelabnahme` (`kArtikel` INT(10) UNSIGNED NOT NULL, `kKundengruppe` TINYINT(3) NOT NULL DEFAULT 0, `fMindestabnahme` FLOAT NULL DEFAULT 0, `fIntervall` FLOAT NULL DEFAULT 0, PRIMARY KEY (`kArtikel`, `kKundengruppe`));
ALTER TABLE `tpluginsprachvariablecustomsprache` ADD COLUMN `kPluginSprachvariable` INT(10) NOT NULL, DROP PRIMARY KEY, ADD PRIMARY KEY (`kPlugin`, `cSprachvariable`, `cISO`, `kPluginSprachvariable`);
INSERT INTO `tsprachwerte` (`kSprachISO`, `kSprachsektion`, `cName`, `cWert`, `cStandard`, `bSystem`) VALUES ('1', '1', 'incorrectEmail', 'Es existiert kein Kunde mit der angegebenen E-Mail-Adresse. Bitte versuchen Sie es nocheinmal.', 's existiert kein Kunde mit der angegebenen E-Mail-Adresse. Bitte versuchen Sie es nocheinmal.', '1');
INSERT INTO `tsprachwerte` (`kSprachISO`, `kSprachsektion`, `cName`, `cWert`, `cStandard`, `bSystem`) VALUES ('2', '1', 'incorrectEmail', 'There is no such customer with the given E-Mail address. Please try again.', 'There is no such customer with the given E-Mail address. Please try again.', '1');
ALTER TABLE `tbestellung` ADD COLUMN `fWaehrungsFaktor` FLOAT NOT NULL DEFAULT 1;
INSERT INTO `tsprachwerte` (`kSprachISO`, `kSprachsektion`, `cName`, `cWert`, `cStandard`, `bSystem`) VALUES ('1', '1', 'compareListNoItems', 'Sie haben noch  keine Artikel auf Ihrer Vergleichsliste.','Sie haben noch  keine Artikel auf Ihrer Vergleichsliste.', '1'), ('2', '1', 'compareListNoItems', 'There are no items on you compare list yet.', 'There are no items on you compare list yet.', '1');
INSERT INTO `tspezialseite` (`kPlugin`, `cName`, `nLinkart`, `nSort`) VALUES ('0', 'Batteriegesetzhinweise', '30', '30');
INSERT INTO `tlink` (`kVaterLink`, `kLinkgruppe`, `kPlugin`, `cName`, `nLinkart`, `cNoFollow`, `cKundengruppen`, `cSichtbarNachLogin`, `cDruckButton`, `nSort`, `bSSL`) VALUES ('0', '5', '0', 'Batteriegesetzhinweise', '30', 'N', 'NULL', 'N', 'N', '30', '0');
UPDATE `teinstellungenconf` SET `cName`='Maximale Zeichenanzahl Meta-Description' WHERE `kEinstellungenConf`='1488';
UPDATE `teinstellungenconf` SET `cName`='Maximale Zeichenanzahl Meta-Title' WHERE `kEinstellungenConf`='1487';
DELETE FROM`teinstellungenconf` WHERE `kEinstellungenConf`='367';
DELETE FROM`teinstellungenconf` WHERE `kEinstellungenConf`='368';
DELETE FROM`teinstellungenconf` WHERE `kEinstellungenConf`='369';
DELETE FROM`teinstellungenconf` WHERE `kEinstellungenConf`='366';
DELETE FROM`teinstellungenconf` WHERE `kEinstellungenConf`='370';
DELETE FROM`teinstellungenconf` WHERE `kEinstellungenConf`='371';
DELETE FROM`teinstellungenconf` WHERE `kEinstellungenConf`='361';
DELETE FROM`teinstellungenconf` WHERE `kEinstellungenConf`='360';
DELETE FROM`teinstellungenconf` WHERE `kEinstellungenConf`='364';
DELETE FROM`teinstellungenconf` WHERE `kEinstellungenConf`='362';
DELETE FROM`teinstellungenconf` WHERE `kEinstellungenConf`='365';
DELETE FROM`teinstellungenconf` WHERE `kEinstellungenConf`='363';
UPDATE tboxvorlage SET cTemplate='box_bestseller.tpl' WHERE cTemplate='box_bestseller.tpl';
UPDATE tboxvorlage SET cTemplate='box_categories.tpl' WHERE cTemplate='box_kategorien.tpl';
UPDATE tboxvorlage SET cTemplate='box_comparelist.tpl' WHERE cTemplate='box_vergleichsliste.tpl';
UPDATE tboxvorlage SET cTemplate='box_wishlist.tpl' WHERE cTemplate='box_wunschliste.tpl';
UPDATE tboxvorlage SET cTemplate='box_login.tpl' WHERE cTemplate='box_login.tpl';
UPDATE tboxvorlage SET cTemplate='box_financing.tpl' WHERE cTemplate='box_finanzierung.tpl';
UPDATE tboxvorlage SET cTemplate='box_last_seen.tpl' WHERE cTemplate='box_zuletzt_angesehen.tpl';
UPDATE tboxvorlage SET cTemplate='box_manufacturers.tpl' WHERE cTemplate='box_hersteller.tpl';
UPDATE tboxvorlage SET cTemplate='box_new_in_stock.tpl' WHERE cTemplate='box_neu_im_sortiment.tpl';
UPDATE tboxvorlage SET cTemplate='box_news_categories.tpl' WHERE cTemplate='box_news_kategorien.tpl';
UPDATE tboxvorlage SET cTemplate='box_news_month.tpl' WHERE cTemplate='box_news_monat.tpl';
UPDATE tboxvorlage SET cTemplate='box_direct_purchase.tpl' WHERE cTemplate='box_schnelleinkauf.tpl';
UPDATE tboxvorlage SET cTemplate='box_search_cloud.tpl' WHERE cTemplate='box_suchwolke.tpl';
UPDATE tboxvorlage SET cTemplate='box_special_offer.tpl' WHERE cTemplate='box_sonderangebote.tpl';
UPDATE tboxvorlage SET cTemplate='box_top_offer.tpl' WHERE cTemplate='box_top_angebot.tpl';
UPDATE tboxvorlage SET cTemplate='box_top_rated.tpl' WHERE cTemplate='box_top_bewertet.tpl';
UPDATE tboxvorlage SET cTemplate='box_trustedshops_reviews.tpl' WHERE cTemplate='box_trustedshops_kundenbewertung.tpl';
UPDATE tboxvorlage SET cTemplate='box_trustedshops_seal.tpl' WHERE cTemplate='box_trustedshops_siegel.tpl';
UPDATE tboxvorlage SET cTemplate='box_coming_soon.tpl' WHERE cTemplate='box_erscheinende_produkte.tpl';
UPDATE tboxvorlage SET cTemplate='box_characteristics_global.tpl' WHERE cTemplate='box_globale_merkmale.tpl';
UPDATE tboxvorlage SET cTemplate='box_basket.tpl' WHERE cTemplate='box_warenkorb.tpl';
UPDATE tboxvorlage SET cTemplate='box_poll.tpl' WHERE cTemplate='box_umfrage.tpl';
UPDATE tboxvorlage SET cTemplate='box_linkgroups.tpl' WHERE cTemplate='box_linkgruppe.tpl';
UPDATE tboxvorlage SET cTemplate='box_filter_tag.tpl' WHERE cTemplate='box_filter_tag.tpl';
UPDATE tboxvorlage SET cTemplate='box_filter_pricerange.tpl' WHERE cTemplate='box_filter_preisspanne.tpl';
UPDATE tboxvorlage SET cTemplate='box_filter_rating.tpl' WHERE cTemplate='box_filter_bewertung.tpl';
UPDATE tboxvorlage SET cTemplate='box_filter_characteristics.tpl' WHERE cTemplate='box_filter_merkmale.tpl';
UPDATE tboxvorlage SET cTemplate='box_filter_search.tpl' WHERE cTemplate='box_filter_suche.tpl';
UPDATE tboxvorlage SET cTemplate='box_filter_search_special.tpl' WHERE cTemplate='box_filter_suchspecial.tpl';
UPDATE tboxvorlage SET cTemplate='box_custom_empty.tpl' WHERE cTemplate='box_eigene_leer.tpl';
UPDATE tboxvorlage SET cTemplate='box_custom.tpl' WHERE cTemplate='box_eigene.tpl';
UPDATE tboxvorlage SET cTemplate='box_tag_cloud.tpl' WHERE cTemplate='box_tagwolke.tpl';
UPDATE tboxvorlage SET cTemplate='box_config.tpl' WHERE cTemplate='box_konfig.tpl';
UPDATE tboxvorlage SET cTemplate='box_priceradar.tpl' WHERE cTemplate='box_preisradar.tpl';
UPDATE `tadminmenugruppe` SET `cName`='System' WHERE `kAdminmenueGruppe`='1';
UPDATE `tadminmenugruppe` SET `cName`='Storefront', `nSort`='200' WHERE `kAdminmenueGruppe`='2';
UPDATE `tadminmenugruppe` SET `cName`='Templates', `nSort`='300' WHERE `kAdminmenueGruppe`='3';
UPDATE `tadminmenugruppe` SET `cName`='Inhalte', `nSort`='400' WHERE `kAdminmenueGruppe`='4';
UPDATE `tadminmenugruppe` SET `cName`='Plugins', `nSort`='500' WHERE `kAdminmenueGruppe`='5';
UPDATE `tadminmenugruppe` SET `kAdminmenueOberGruppe`='1', `cName`='Globale Einstellungen', `nSort`='2' WHERE `kAdminmenueGruppe`='7';
UPDATE `tadminmenugruppe` SET `kAdminmenueOberGruppe`='1', `cName`='E-Mails', `nSort`='4' WHERE `kAdminmenueGruppe`='9';
UPDATE `tadminmenugruppe` SET `kAdminmenueOberGruppe`='1', `cName`='Statistiken', `nSort`='5' WHERE `kAdminmenueGruppe`='10';
UPDATE `tadminmenugruppe` SET `kAdminmenueOberGruppe`='1', `cName`='Wartung', `nSort`='6' WHERE `kAdminmenueGruppe`='11';
INSERT INTO `tadminmenugruppe` (`kAdminmenueGruppe`, `kAdminmenueOberGruppe`, `cModulId`, `cName`, `nSort`) VALUES ('12', '1', 'core_jtl', 'Export', '7');
UPDATE `tadminmenu` SET `kAdminmenueGruppe`='7' WHERE `kAdminmenu`='40';
UPDATE `tadminmenu` SET `kAdminmenueGruppe`='7' WHERE `kAdminmenu`='8';
UPDATE `tadminmenu` SET `kAdminmenueGruppe`='7' WHERE `kAdminmenu`='67';
UPDATE `tadminmenu` SET `kAdminmenueGruppe`='8', `cLinkname`='Backend-Benutzer' WHERE `kAdminmenu`='21';
UPDATE `tadminmenu` SET `kAdminmenueGruppe`='8' WHERE `kAdminmenu`='13';
UPDATE `tadminmenu` SET `kAdminmenueGruppe`='8' WHERE `kAdminmenu`='43';
UPDATE `tadminmenu` SET `kAdminmenueGruppe`='9' WHERE `kAdminmenu`='49';
UPDATE `tadminmenu` SET `kAdminmenueGruppe`='9' WHERE `kAdminmenu`='74';
UPDATE `tadminmenu` SET `kAdminmenueGruppe`='9' WHERE `kAdminmenu`='39';
UPDATE `tadminmenu` SET `kAdminmenueGruppe`='9' WHERE `kAdminmenu`='32';
UPDATE `tadminmenu` SET `kAdminmenueGruppe`='9', `cLinkname`='Newsletterempf&auml;nger-Import' WHERE `kAdminmenu`='59';
UPDATE `tadminmenu` SET `kAdminmenueGruppe`='11', `cLinkname`='Datenbank-Check' WHERE `kAdminmenu`='70';
UPDATE `tadminmenu` SET `kAdminmenueGruppe`='11', `cLinkname`='Shopdateien-Check' WHERE `kAdminmenu`='63';
UPDATE `tadminmenu` SET `kAdminmenueGruppe`='11', `cLinkname`='Verzeichnis-Check' WHERE `kAdminmenu`='77';
UPDATE `tadminmenu` SET `kAdminmenueGruppe`='11' WHERE `kAdminmenu`='78';
UPDATE `tadminmenu` SET `kAdminmenueGruppe`='11' WHERE `kAdminmenu`='66';
UPDATE `tadminmenu` SET `kAdminmenueGruppe`='11' WHERE `kAdminmenu`='79';
UPDATE `tadminmenu` SET `kAdminmenueGruppe`='11', `cLinkname`='Update' WHERE `kAdminmenu`='11';
UPDATE `tadminmenu` SET `kAdminmenueGruppe`='11', `cLinkname`='Zur&uuml;cksetzen' WHERE `kAdminmenu`='14';
UPDATE `tadminmenu` SET `kAdminmenueGruppe`='1', `cLinkname`='WAWI-Synchronisierung' WHERE `kAdminmenu`='80';
UPDATE `tadminmenu` SET `kAdminmenueGruppe`='1' WHERE `kAdminmenu`='72';
UPDATE `tadminmenu` SET `kAdminmenueGruppe`='12', `cLinkname`='Aufgabenplaner' WHERE `kAdminmenu`='47';
UPDATE `tadminmenu` SET `kAdminmenueGruppe`='12' WHERE `kAdminmenu`='9';
UPDATE `tadminmenu` SET `kAdminmenueGruppe`='12' WHERE `kAdminmenu`='12';
UPDATE `tadminmenu` SET `kAdminmenueGruppe`='12' WHERE `kAdminmenu`='25';
UPDATE `tadminmenu` SET `kAdminmenueGruppe`='12', `cLinkname`='Sitemap' WHERE `kAdminmenu`='24';
UPDATE `tadminmenu` SET `kAdminmenueGruppe`='12' WHERE `kAdminmenu`='46';
INSERT INTO `tadminmenugruppe` (`kAdminmenueGruppe`,`kAdminmenueOberGruppe`,`cModulId`,`cName`,`nSort`) VALUES (8,1,'core_jtl','Benutzer- & Kundenverwaltung',3);
INSERT INTO `tadminmenugruppe` (`kAdminmenueGruppe`, `kAdminmenueOberGruppe`, `cModulId`, `cName`, `nSort`) VALUES ('13', '2', 'core_jtl', 'Artikel', '201');
INSERT INTO `tadminmenugruppe` (`kAdminmenueGruppe`, `kAdminmenueOberGruppe`, `cModulId`, `cName`, `nSort`) VALUES ('14', '2', 'core_jtl', 'Bilder', '210');
INSERT INTO `tadminmenugruppe` (`kAdminmenueGruppe`, `kAdminmenueOberGruppe`, `cModulId`, `cName`, `nSort`) VALUES ('15', '2', 'core_jtl', 'Formulare', '220');
INSERT INTO `tadminmenugruppe` (`kAdminmenueGruppe`, `kAdminmenueOberGruppe`, `cModulId`, `cName`, `nSort`) VALUES ('16', '2', 'core_jtl', 'Kaufabwicklung', '230');
INSERT INTO `tadminmenugruppe` (`kAdminmenueGruppe`, `kAdminmenueOberGruppe`, `cModulId`, `cName`, `nSort`) VALUES ('17', '2', 'core_jtl', 'Suche', '240');
INSERT INTO `tadminmenugruppe` (`kAdminmenueGruppe`, `kAdminmenueOberGruppe`, `cModulId`, `cName`, `nSort`) VALUES ('18', '2', 'core_jtl', 'Zahlungsarten', '250');
UPDATE `tadminmenu` SET `kAdminmenueGruppe`='13' WHERE `kAdminmenu`='48';
UPDATE `tadminmenu` SET `kAdminmenueGruppe`='13' WHERE `kAdminmenu`='64';
UPDATE `tadminmenu` SET `kAdminmenueGruppe`='13' WHERE `kAdminmenu`='35';
UPDATE `tadminmenu` SET `kAdminmenueGruppe`='13', `cLinkname`='Bewertungen' WHERE `kAdminmenu`='29';
UPDATE `tadminmenu` SET `kAdminmenueGruppe`='13' WHERE `kAdminmenu`='30';
UPDATE `tadminmenu` SET `kAdminmenueGruppe`='13' WHERE `kAdminmenu`='76';
UPDATE `tadminmenu` SET `kAdminmenueGruppe`='13' WHERE `kAdminmenu`='31';
UPDATE `tadminmenu` SET `kAdminmenueGruppe`='13' WHERE `kAdminmenu`='28';
UPDATE `tadminmenu` SET `kAdminmenueGruppe`='13', `cLinkname`='Wasserzeichen' WHERE `kAdminmenu`='44';
UPDATE `tadminmenu` SET `kAdminmenueGruppe`='13', `cLinkname`='Tags' WHERE `kAdminmenu`='27';
UPDATE `tadminmenu` SET `kAdminmenueGruppe`='15' WHERE `kAdminmenu`='61';
UPDATE `tadminmenu` SET `kAdminmenueGruppe`='14', `cLinkname`='Shoplogo' WHERE `kAdminmenu`='57';
UPDATE `tadminmenu` SET `kAdminmenueGruppe`='15', `cLinkname`='Kundenfelder' WHERE `kAdminmenu`='33';
UPDATE `tadminmenu` SET `kAdminmenueGruppe`='15' WHERE `kAdminmenu`='15';
UPDATE `tadminmenu` SET `kAdminmenueGruppe`='16' WHERE `kAdminmenu`='37';
UPDATE `tadminmenu` SET `kAdminmenueGruppe`='16', `cLinkname`='Gratisgeschenk' WHERE `kAdminmenu`='53';
UPDATE `tadminmenu` SET `kAdminmenueGruppe`='16' WHERE `kAdminmenu`='7';
UPDATE `tadminmenu` SET `kAdminmenueGruppe`='16' WHERE `kAdminmenu`='50';
UPDATE `tadminmenu` SET `kAdminmenueGruppe`='16' WHERE `kAdminmenu`='38';
UPDATE `tadminmenu` SET `kAdminmenueGruppe`='17', `cLinkname`='Suchanfragen' WHERE `kAdminmenu`='26';
UPDATE `tadminmenu` SET `kAdminmenueGruppe`='18', `cLinkname`='&Uuml;bersicht' WHERE `kAdminmenu`='4';
UPDATE `tadminmenu` SET `kAdminmenueGruppe`='18' WHERE `kAdminmenu`='62';
UPDATE `tadminmenu` SET `kAdminmenueGruppe`='18' WHERE `kAdminmenu`='52';
UPDATE `tadminmenu` SET `kAdminmenueGruppe`='18' WHERE `kAdminmenu`='23';
UPDATE `tadminmenu` SET `kAdminmenueGruppe`='4' WHERE `kAdminmenu`='3';
UPDATE `tadminmenu` SET `kAdminmenueGruppe`='4' WHERE `kAdminmenu`='71';
UPDATE `tadminmenu` SET `kAdminmenueGruppe`='4', `cLinkname`='Eigene Seiten' WHERE `kAdminmenu`='2';
UPDATE `tadminmenu` SET `kAdminmenueGruppe`='4', `cLinkname`='News' WHERE `kAdminmenu`='36';
UPDATE `tadminmenu` SET `kAdminmenueGruppe`='4' WHERE `kAdminmenu`='73';
UPDATE `tadminmenu` SET `kAdminmenueGruppe`='4', `cLinkname`='Umfragen' WHERE `kAdminmenu`='42';
UPDATE `tadminmenu` SET `kAdminmenueGruppe`='3' WHERE `kAdminmenu`='10';
UPDATE `tadminmenu` SET `kAdminmenueGruppe`='1', `cLinkname`='Bestellhistorie' WHERE `kAdminmenu`='58';
UPDATE `tadminmenu` SET `kAdminmenueGruppe`='1' WHERE `kAdminmenu`='56';
UPDATE `tadminmenu` SET `kAdminmenueGruppe`='1' WHERE `kAdminmenu`='45';
ALTER TABLE `teinstellungensektion` ADD COLUMN `kAdminmenueGruppe` TINYINT(3) NOT NULL DEFAULT  0;
ALTER TABLE `teinstellungensektion` ADD COLUMN `nSort` TINYINT(3) NOT NULL DEFAULT 0;
ALTER TABLE `teinstellungensektion` ADD COLUMN `cRecht` VARCHAR(255) NOT NULL;
UPDATE `teinstellungensektion` SET `cRecht`='SETTINGS_ARTICLEDETAILS_VIEW' WHERE `kEinstellungenSektion`='5';
UPDATE `teinstellungensektion` SET `cRecht`='SETTINGS_ARTICLEOVERVIEW_VIEW' WHERE `kEinstellungenSektion`='4';
UPDATE `teinstellungensektion` SET `cRecht`='SETTINGS_BOXES_VIEW' WHERE `kEinstellungenSektion`='8';
UPDATE `teinstellungensektion` SET `cRecht`='SETTINGS_EMAILS_VIEW' WHERE `kEinstellungenSektion`='3';
UPDATE `teinstellungensektion` SET `cRecht`='SETTINGS_GLOBAL_VIEW' WHERE `kEinstellungenSektion`='1';
UPDATE `teinstellungensektion` SET `cRecht`='SETTINGS_CUSTOMERFORM_VIEW' WHERE `kEinstellungenSektion`='6';
UPDATE `teinstellungensektion` SET `cRecht`='SETTINGS_STARTPAGE_VIEW' WHERE `kEinstellungenSektion`='2';
UPDATE `teinstellungensektion` SET `cRecht`='SETTINGS_BASKET_VIEW' WHERE `kEinstellungenSektion`='7';
UPDATE `teinstellungensektion` SET `kAdminmenueGruppe`='13' WHERE `kEinstellungenSektion`='5';
UPDATE `teinstellungensektion` SET `kAdminmenueGruppe`='17' WHERE `kEinstellungenSektion`='4';
UPDATE `teinstellungensektion` SET `cName`='E-Mail-Einstellungen', `kAdminmenueGruppe`='9' WHERE `kEinstellungenSektion`='3';
UPDATE `teinstellungensektion` SET `kAdminmenueGruppe`='7' WHERE `kEinstellungenSektion`='1';
UPDATE `teinstellungensektion` SET `kAdminmenueGruppe`='15' WHERE `kEinstellungenSektion`='6';
UPDATE `teinstellungensektion` SET `kAdminmenueGruppe`='16' WHERE `kEinstellungenSektion`='7';
UPDATE `tadminmenu` SET `kAdminmenueGruppe`='0' WHERE `kAdminmenu`='5';
UPDATE `tadminmenu` SET `kAdminmenueGruppe`='9' WHERE `kAdminmenu`='6';
UPDATE `tadminmenu` SET `kAdminmenueGruppe`='10' WHERE `kAdminmenu`='16';
UPDATE `tadminmenu` SET `kAdminmenueGruppe`='10' WHERE `kAdminmenu`='17';
UPDATE `tadminmenu` SET `kAdminmenueGruppe`='10' WHERE `kAdminmenu`='18';
UPDATE `tadminmenu` SET `kAdminmenueGruppe`='10' WHERE `kAdminmenu`='60';
UPDATE `tadminmenu` SET `kAdminmenueGruppe`='10' WHERE `kAdminmenu`='75';
UPDATE `tadminmenu` SET `kAdminmenueGruppe`='10' WHERE `kAdminmenu`='69';
UPDATE `tadminmenu` SET `kAdminmenueGruppe`='13' WHERE `kAdminmenu`='22';
UPDATE `tadminmenu` SET `kAdminmenueGruppe`='17' WHERE `kAdminmenu`='34';
UPDATE `tadminmenu` SET `kAdminmenueGruppe`='12' WHERE `kAdminmenu`='41';
UPDATE `tadminmenu` SET `kAdminmenueGruppe`='5' WHERE `kAdminmenu`='51';
UPDATE `tadminmenu` SET `kAdminmenueGruppe`='4' WHERE `kAdminmenu`='54';
UPDATE `tadminmenu` SET `kAdminmenueGruppe`='10' WHERE `kAdminmenu`='55';
UPDATE `tadminmenu` SET `kAdminmenueGruppe`='13' WHERE `kAdminmenu`='65';
UPDATE `teinstellungenconf` SET `cInputTyp`='number' WHERE `kEinstellungenConf`='1559';
UPDATE `teinstellungenconf` SET `cInputTyp`='number' WHERE `kEinstellungenConf`='1557';
UPDATE `teinstellungenconf` SET `cInputTyp`='number' WHERE `kEinstellungenConf`='1554';
UPDATE `teinstellungenconf` SET `cInputTyp`='number' WHERE `kEinstellungenConf`='1553';
UPDATE `teinstellungenconf` SET `cInputTyp`='number' WHERE `kEinstellungenConf`='273';
UPDATE `teinstellungenconf` SET `cInputTyp`='number' WHERE `kEinstellungenConf`='1568';
UPDATE `teinstellungenconf` SET `cInputTyp`='number' WHERE `kEinstellungenConf`='1574';
UPDATE `teinstellungenconf` SET `cInputTyp`='number' WHERE `kEinstellungenConf`='402';
UPDATE `teinstellungenconf` SET `cInputTyp`='number' WHERE `kEinstellungenConf`='142';
UPDATE `teinstellungenconf` SET `cInputTyp`='number' WHERE `cInputTyp`='zahl';
UPDATE `teinstellungenconf` SET `cName`='Gratisgeschenk' WHERE `kEinstellungenConf`='1143';
UPDATE `teinstellungenconf` SET `cName`='Gratisgeschenk nutzen?', `cBeschreibung`='Solle die Funktion der Gratisgeschenke genutzt werden?' WHERE `kEinstellungenConf`='1144';
UPDATE `tadminmenu` SET `kAdminmenueGruppe`='10' WHERE `kAdminmenu`='58';
UPDATE `tadminmenu` SET `kAdminmenueGruppe`='7' WHERE `kAdminmenu`='45';
UPDATE `tadminmenu` SET `kAdminmenueGruppe`='7' WHERE `kAdminmenu`='56';
UPDATE `tadminmenu` SET `kAdminmenueGruppe`='7' WHERE `kAdminmenu`='80';
UPDATE `tadminmenu` SET `kAdminmenueGruppe`='7' WHERE `kAdminmenu`='72';
UPDATE `tadminmenu` SET `cLinkname`='Berichte' WHERE `kAdminmenu`='49';
UPDATE `tadminmenu` SET `cLinkname`='Blacklist' WHERE `kAdminmenu`='39';
UPDATE `tadminmenu` SET `cLinkname`='Vorlagen' WHERE `kAdminmenu`='6';
UPDATE `tadminmenu` SET `cLinkname`='Logbuch' WHERE `kAdminmenu`='74';
UPDATE `tadminrecht` SET `cRecht`='ORDER_SKRILL_VIEW', `cBeschreibung`='Skrill' WHERE `cRecht`='ORDER_MONEYBOOKERS_VIEW';
UPDATE `tadminmenu` SET `cLinkname`='Skrill', `cURL`='skrill.php', `cRecht`='ORDER_SKRILL_VIEW' WHERE `kAdminmenu`='23';
UPDATE `tzahlungsart` SET `cAnbieter`='Skrill' WHERE `kZahlungsart`='27';
UPDATE `tzahlungsart` SET `cBild`='gfx/Skrill/did.gif', `cAnbieter`='Skrill' WHERE `kZahlungsart`='28';
UPDATE `tzahlungsart` SET `cAnbieter`='Skrill' WHERE `kZahlungsart`='29';
UPDATE `tzahlungsart` SET `cBild`='gfx/Skrill/sft.gif', `cAnbieter`='Skrill' WHERE `kZahlungsart`='30';
UPDATE `tzahlungsart` SET `cBild`='gfx/Skrill/msc.gif', `cAnbieter`='Skrill' WHERE `kZahlungsart`='31';
UPDATE `tzahlungsart` SET `cAnbieter`='Skrill' WHERE `kZahlungsart`='32';
UPDATE `tzahlungsart` SET `cBild`='gfx/Skrill/mae.gif', `cAnbieter`='Skrill' WHERE `kZahlungsart`='33';
UPDATE `tzahlungsart` SET `cBild`='gfx/Skrill/idl.gif', `cAnbieter`='Skrill' WHERE `kZahlungsart`='34';
UPDATE `tzahlungsart` SET `cBild`='gfx/Skrill/gcb.gif', `cAnbieter`='Skrill' WHERE `kZahlungsart`='35';
UPDATE `tzahlungsart` SET `cBild`='gfx/Skrill/csi.gif', `cAnbieter`='Skrill' WHERE `kZahlungsart`='36';
UPDATE `tzahlungsart` SET `cBild`='gfx/Skrill/dnk.gif', `cAnbieter`='Skrill' WHERE `kZahlungsart`='37';
UPDATE `tzahlungsart` SET `cBild`='gfx/Skrill/ebt.gif', `cAnbieter`='Skrill' WHERE `kZahlungsart`='38';
UPDATE `tzahlungsart` SET `cBild`='gfx/Skrill/ent.gif', `cAnbieter`='Skrill' WHERE `kZahlungsart`='39';
UPDATE `tzahlungsart` SET `cBild`='gfx/Skrill/lsr.gif', `cAnbieter`='Skrill' WHERE `kZahlungsart`='40';
UPDATE `tzahlungsart` SET `cBild`='gfx/Skrill/npy.gif', `cAnbieter`='Skrill' WHERE `kZahlungsart`='41';
UPDATE `tzahlungsart` SET `cBild`='gfx/Skrill/pli.gif', `cAnbieter`='Skrill' WHERE `kZahlungsart`='42';
UPDATE `tzahlungsart` SET `cBild`='gfx/Skrill/psp.gif', `cAnbieter`='Skrill' WHERE `kZahlungsart`='43';
UPDATE `tzahlungsart` SET `cAnbieter`='Skrill' WHERE `kZahlungsart`='44';
UPDATE `tzahlungsart` SET `cBild`='gfx/Skrill/slo.gif', `cAnbieter`='Skrill' WHERE `kZahlungsart`='45';
UPDATE `tzahlungsart` SET `cAnbieter`='Skrill' WHERE `kZahlungsart`='46';
UPDATE `tzahlungsart` SET `cBild`='gfx/Skrill/wlt.gif', `cAnbieter`='Skrill' WHERE `kZahlungsart`='26';
UPDATE `tzahlungsart` SET `cBild`='gfx/Skrill/obt.gif', `cAnbieter`='Skrill' WHERE `kZahlungsart`='66';
UPDATE `tadminmenu` SET `kAdminmenueGruppe`='14', `cLinkname`='Einstellungen' WHERE `kAdminmenu`='65';
UPDATE `tadminmenu` SET `nSort`='70' WHERE `kAdminmenu`='11';
UPDATE `tadminmenu` SET `nSort`='20' WHERE `kAdminmenu`='63';
UPDATE `tadminmenu` SET `nSort`='30' WHERE `kAdminmenu`='77';
UPDATE `tadminmenu` SET `nSort`='40' WHERE `kAdminmenu`='78';
UPDATE `tadminmenu` SET `cLinkname`='Log', `nSort`='50' WHERE `kAdminmenu`='66';
UPDATE `tadminmenu` SET `nSort`='60' WHERE `kAdminmenu`='79';
UPDATE `tadminmenu` SET `nSort`='80' WHERE `kAdminmenu`='14';
UPDATE `tadminmenu` SET `nSort`='10' WHERE `kAdminmenu`='70';
UPDATE `tadminmenu` SET `nSort`='20' WHERE `kAdminmenu`='13';
UPDATE `tadminmenu` SET `nSort`='30' WHERE `kAdminmenu`='43';
UPDATE `tadminmenu` SET `nSort`='10' WHERE `kAdminmenu`='21';
UPDATE `tadminmenu` SET `nSort`='30' WHERE `kAdminmenu`='67';
UPDATE `tadminmenu` SET `nSort`='10' WHERE `kAdminmenu`='40';
UPDATE `tadminmenu` SET `nSort`='20' WHERE `kAdminmenu`='8';
UPDATE `tadminmenu` SET `cLinkname`='Berichte', `nSort`='10' WHERE `kAdminmenu`='49';
UPDATE `tadminmenu` SET `cLinkname`='Log', `nSort`='40' WHERE `kAdminmenu`='74';
UPDATE `tadminmenu` SET `cLinkname`='Vorlagen', `nSort`='70' WHERE `kAdminmenu`='6';
UPDATE `tadminmenu` SET `cLinkname`='Blacklist', `nSort`='30' WHERE `kAdminmenu`='39';
UPDATE `tadminmenu` SET `nSort`='50' WHERE `kAdminmenu`='32';
UPDATE `tadminmenu` SET `nSort`='60' WHERE `kAdminmenu`='59';
UPDATE `tadminmenu` SET `nSort`='10' WHERE `kAdminmenu`='18';
UPDATE `tadminmenu` SET `nSort`='20' WHERE `kAdminmenu`='75';
UPDATE `tadminmenu` SET `nSort`='30' WHERE `kAdminmenu`='55';
UPDATE `tadminmenu` SET `nSort`='40' WHERE `kAdminmenu`='17';
UPDATE `tadminmenu` SET `nSort`='50' WHERE `kAdminmenu`='69';
UPDATE `tadminmenu` SET `nSort`='60' WHERE `kAdminmenu`='60';
UPDATE `tadminmenu` SET `nSort`='70' WHERE `kAdminmenu`='16';
UPDATE `tadminmenu` SET `nSort`='10' WHERE `kAdminmenu`='47';
UPDATE `tadminmenu` SET `nSort`='20' WHERE `kAdminmenu`='9';
UPDATE `tadminmenu` SET `nSort`='40' WHERE `kAdminmenu`='25';
UPDATE `tadminmenu` SET `nSort`='50' WHERE `kAdminmenu`='24';
UPDATE `tadminmenu` SET `nSort`='70' WHERE `kAdminmenu`='46';
UPDATE `tadminmenu` SET `nSort`='60' WHERE `kAdminmenu`='41';
UPDATE `tadminmenu` SET `nSort`='20' WHERE `kAdminmenu`='48';
UPDATE `tadminmenu` SET `nSort`='30' WHERE `kAdminmenu`='64';
UPDATE `tadminmenu` SET `nSort`='40' WHERE `kAdminmenu`='35';
UPDATE `tadminmenu` SET `nSort`='50' WHERE `kAdminmenu`='29';
UPDATE `tadminmenu` SET `nSort`='60' WHERE `kAdminmenu`='30';
UPDATE `tadminmenu` SET `nSort`='70' WHERE `kAdminmenu`='27';
UPDATE `tadminmenu` SET `nSort`='80' WHERE `kAdminmenu`='31';
UPDATE `tadminmenu` SET `nSort`='90' WHERE `kAdminmenu`='76';
UPDATE `tadminmenu` SET `nSort`='100' WHERE `kAdminmenu`='44';
UPDATE `tadminmenu` SET `nSort`='110' WHERE `kAdminmenu`='28';
UPDATE `tadminmenu` SET `nSort`='120' WHERE `kAdminmenu`='22';
UPDATE `teinstellungensektion` SET `kAdminmenueGruppe`='2' WHERE `kEinstellungenSektion`='8';
UPDATE `teinstellungensektion` SET `kAdminmenueGruppe`='2' WHERE `kEinstellungenSektion`='2';
UPDATE `tadminmenu` SET `kAdminmenueGruppe`='2' WHERE `kAdminmenu`='41';
ALTER TABLE `tmoneybookers` RENAME TO  `tskrill`;
UPDATE `tadminmenu` SET `cLinkname`='Eigene Formularfelder' WHERE `kAdminmenu`='33';
UPDATE `teinstellungensektion` SET `cName`='Einstellungen' WHERE `kEinstellungenSektion`='6';
UPDATE `teinstellungensektion` SET `cName`='Einstellungen' WHERE `kEinstellungenSektion`='3';
UPDATE `teinstellungensektion` SET `cName`='Einstellungen' WHERE `kEinstellungenSektion`='4';
UPDATE `tadminmenu` SET `cLinkname`='Filter' WHERE `kAdminmenu`='34';
UPDATE `tadminmenu` SET `kAdminmenueGruppe`='4' WHERE `kAdminmenu`='41';
UPDATE `tadminmenu` SET `kAdminmenueGruppe`='16' WHERE `kAdminmenu`='5';
UPDATE `teinstellungensektion` SET `kAdminmenueGruppe`='7' WHERE `kEinstellungenSektion`='2';
UPDATE `teinstellungensektion` SET `kAdminmenueGruppe`='7' WHERE `kEinstellungenSektion`='8';
ALTER TABLE `tnews` ADD COLUMN `cPreviewImage` VARCHAR(255) NOT NULL DEFAULT '';
UPDATE `tsprachwerte` SET `cWert`='UVP des Herstellers', `cStandard`='UVP des Herstellers' WHERE `kSprachISO`='1' and`kSprachsektion`='4' and`cName`='suggestedPrice';
UPDATE `temailvorlage` SET `cName`='Bewertungserinnerung nach Artikelkauf', `cDateiname`='bewertungserinnerung' WHERE `kEmailvorlage`='15';
UPDATE `temailvorlage` SET `cName`='Artikel weiterempfehlen' WHERE `kEmailvorlage`='19';
UPDATE `temailvorlageoriginal` SET `cName`='Bewertungserinnerung nach Artikelkauf', `cDateiname`='bewertungserinnerung' WHERE `kEmailvorlage`='15';
INSERT INTO `ttemplateeinstellungen` (`cTemplate`,`cSektion`,`cName`,`cWert`) VALUES ('Evo','general','use_minify','N');
INSERT INTO `ttemplateeinstellungen` (`cTemplate`,`cSektion`,`cName`,`cWert`) VALUES ('Evo','general','minify_html','N');
INSERT INTO `ttemplateeinstellungen` (`cTemplate`,`cSektion`,`cName`,`cWert`) VALUES ('Evo','general','minify_html_css','N');
INSERT INTO `ttemplateeinstellungen` (`cTemplate`,`cSektion`,`cName`,`cWert`) VALUES ('Evo','general','minify_html_js','N');
INSERT INTO `ttemplateeinstellungen` (`cTemplate`,`cSektion`,`cName`,`cWert`) VALUES ('Evo','general','fluid_content','N');
INSERT INTO `ttemplateeinstellungen` (`cTemplate`,`cSektion`,`cName`,`cWert`) VALUES ('Evo','general','use_customtpl','N');
INSERT INTO `ttemplateeinstellungen` (`cTemplate`,`cSektion`,`cName`,`cWert`) VALUES ('Evo','general','use_cron','Y');
INSERT INTO `ttemplateeinstellungen` (`cTemplate`,`cSektion`,`cName`,`cWert`) VALUES ('Evo','theme','theme_default','evo');
INSERT INTO `ttemplateeinstellungen` (`cTemplate`,`cSektion`,`cName`,`cWert`) VALUES ('Evo','theme','background_image','');
INSERT INTO `ttemplateeinstellungen` (`cTemplate`,`cSektion`,`cName`,`cWert`) VALUES ('Evo','footer','newsletter_footer','N');
INSERT INTO `ttemplateeinstellungen` (`cTemplate`,`cSektion`,`cName`,`cWert`) VALUES ('Evo','footer','socialmedia_footer','N');
INSERT INTO `ttemplateeinstellungen` (`cTemplate`,`cSektion`,`cName`,`cWert`) VALUES ('Evo','footer','facebook','');
INSERT INTO `ttemplateeinstellungen` (`cTemplate`,`cSektion`,`cName`,`cWert`) VALUES ('Evo','footer','twitter','');
INSERT INTO `ttemplateeinstellungen` (`cTemplate`,`cSektion`,`cName`,`cWert`) VALUES ('Evo','footer','googleplus','');
INSERT INTO `ttemplateeinstellungen` (`cTemplate`,`cSektion`,`cName`,`cWert`) VALUES ('Evo','footer','youtube','');
INSERT INTO `ttemplateeinstellungen` (`cTemplate`,`cSektion`,`cName`,`cWert`) VALUES ('Evo','footer','xing','');
INSERT INTO `ttemplateeinstellungen` (`cTemplate`,`cSektion`,`cName`,`cWert`) VALUES ('Evo','footer','linkedin','');
INSERT INTO `ttemplateeinstellungen` (`cTemplate`,`cSektion`,`cName`,`cWert`) VALUES ('Evo','footer','vimeo','');
INSERT INTO `ttemplateeinstellungen` (`cTemplate`,`cSektion`,`cName`,`cWert`) VALUES ('Evo','footer','instagram','');
INSERT INTO `ttemplateeinstellungen` (`cTemplate`,`cSektion`,`cName`,`cWert`) VALUES ('Evo','footer','pinterest','');
INSERT INTO `ttemplateeinstellungen` (`cTemplate`,`cSektion`,`cName`,`cWert`) VALUES ('Evo','footer','skype','');
INSERT INTO `ttemplateeinstellungen` (`cTemplate`,`cSektion`,`cName`,`cWert`) VALUES ('Evo','trustedshops','show_trustbadge','N');
INSERT INTO `ttemplateeinstellungen` (`cTemplate`,`cSektion`,`cName`,`cWert`) VALUES ('Evo','trustedshops','trustbadge_yoffset','80');
INSERT INTO `ttemplateeinstellungen` (`cTemplate`,`cSektion`,`cName`,`cWert`) VALUES ('Evo','trustedshops','trustbadge_variant','default');
ALTER TABLE `tboxensichtbar` ADD COLUMN `cFilter` VARCHAR(255) NOT NULL DEFAULT '';
INSERT INTO `tadminmenu` (`kAdminmenueGruppe`, `cModulId`, `cLinkname`, `cURL`, `cRecht`, `nSort`) VALUES ('5', 'core_jtl', 'Marktplatz', 'marktplatz.php', 'PLUGIN_ADMIN_VIEW', '80');
UPDATE `tadminmenu` SET `kAdminmenueGruppe`='14' WHERE `kAdminmenu`='44';
UPDATE `tadminmenu` SET `kAdminmenueGruppe`='14' WHERE `kAdminmenu`='48';
UPDATE `tsprachwerte` SET `cWert`='Bitte geben Sie hier Ihre E-Mail-Adresse ein, mit der Sie sich registriert haben.' WHERE `kSprachISO`='1' AND `kSprachsektion`='9' AND `cName`='forgotPasswordDesc';
UPDATE `tsprachwerte` SET `cWert`='Please enter your E-Mail address which you used with your registration.' WHERE `kSprachISO`='2' and `kSprachsektion`='9' and `cName`='forgotPasswordDesc';
CREATE TABLE IF NOT EXISTS `tbild` (`kBild` int(10) unsigned NOT NULL AUTO_INCREMENT, `cPfad` varchar(255) NOT NULL, PRIMARY KEY (`kBild`)) ENGINE=MyISAM DEFAULT CHARSET=latin1 AUTO_INCREMENT=1;
UPDATE `tboxvorlage` SET `cName`='News (Monats&uuml;bersicht)' WHERE `kBoxvorlage`='11';
UPDATE tzahlungsart SET `cZusatzschrittTemplate`='checkout/modules/direct_debit.tpl' WHERE `cZusatzschrittTemplate`='tpl_inc/bestellvorgang_zahlungsart_lastschrift.tpl';
UPDATE tzahlungsart SET `cZusatzschrittTemplate`='checkout/modules/creditcard.tpl' WHERE `cZusatzschrittTemplate`='tpl_inc/bestellvorgang_zahlungsart_kreditkarte.tpl';
UPDATE tzahlungsart SET `cZusatzschrittTemplate`='checkout/modules/billpay/zusatzschritt.tpl' WHERE `cZusatzschrittTemplate`='tpl_inc/modules/billpay/zusatzschritt.tpl';
INSERT INTO `teinstellungen` (`kEinstellungenSektion`,`cName`,`cWert`) VALUES (114,'sitemap_insert_changefreq','Y');
INSERT INTO `teinstellungen` (`kEinstellungenSektion`,`cName`,`cWert`) VALUES (114,'sitemap_insert_priority','Y');
INSERT INTO `teinstellungen` (`kEinstellungenSektion`,`cName`,`cWert`) VALUES (114,'sitemap_insert_lastmod','Y');
INSERT INTO `teinstellungenconf` (`kEinstellungenConf`,`kEinstellungenSektion`,`cName`,`cBeschreibung`,`cWertName`,`cInputTyp`,`cModulId`,`nSort`,`nStandardAnzeigen`,`nModul`,`cConf`) VALUES (1577,114,'Changefreq in Sitemap einfügen?','','sitemap_insert_changefreq','selectbox',NULL,150,1,0,'Y');
INSERT INTO `teinstellungenconf` (`kEinstellungenConf`,`kEinstellungenSektion`,`cName`,`cBeschreibung`,`cWertName`,`cInputTyp`,`cModulId`,`nSort`,`nStandardAnzeigen`,`nModul`,`cConf`) VALUES (1578,114,'Priority in Sitemap einfügen?','','sitemap_insert_priority','selectbox',NULL,160,1,0,'Y');
INSERT INTO `teinstellungenconf` (`kEinstellungenConf`,`kEinstellungenSektion`,`cName`,`cBeschreibung`,`cWertName`,`cInputTyp`,`cModulId`,`nSort`,`nStandardAnzeigen`,`nModul`,`cConf`) VALUES (1579,114,'Lastmod in Sitemap einfügen?','','sitemap_insert_lastmod','selectbox',NULL,170,1,0,'Y');
INSERT INTO `teinstellungenconfwerte` (`kEinstellungenConf`,`cName`,`cWert`,`nSort`) VALUES (1577,'Nein','N',1);
INSERT INTO `teinstellungenconfwerte` (`kEinstellungenConf`,`cName`,`cWert`,`nSort`) VALUES (1577,'Ja','Y',2);
INSERT INTO `teinstellungenconfwerte` (`kEinstellungenConf`,`cName`,`cWert`,`nSort`) VALUES (1578,'Nein','N',1);
INSERT INTO `teinstellungenconfwerte` (`kEinstellungenConf`,`cName`,`cWert`,`nSort`) VALUES (1578,'Ja','Y',2);
INSERT INTO `teinstellungenconfwerte` (`kEinstellungenConf`,`cName`,`cWert`,`nSort`) VALUES (1579,'Nein','N',1);
INSERT INTO `teinstellungenconfwerte` (`kEinstellungenConf`,`cName`,`cWert`,`nSort`) VALUES (1579,'Ja','Y',2);
UPDATE `temailvorlageoriginal` SET `cName`='Kunde erh&auml;lt Guthaben' WHERE `kEmailvorlage`='2';
ALTER TABLE `tlink` ADD COLUMN `bIsFluid` TINYINT(1) NULL DEFAULT 0, ADD COLUMN `cIdentifier` VARCHAR(255) NULL DEFAULT '';
INSERT INTO `tadminmenu` (`kAdminmenu`, `kAdminmenueGruppe`, `cModulId`, `cLinkname`, `cURL`, `cRecht`, `nSort`) VALUES (NULL, '14', 'core_jtl', 'Übersicht', 'bilderverwaltung.php', 'DISPLAY_IMAGES_VIEW', '1');
INSERT INTO `tadminrecht` (`cRecht`, `cBeschreibung`, `kAdminrechtemodul`) VALUES ('DISPLAY_IMAGES_VIEW', 'Bilderverwaltung', '1');
INSERT INTO `tsprachwerte` (`kSprachISO`, `kSprachsektion`, `cName`, `cWert`, `cStandard`, `bSystem`) VALUES ('1', '1', 'maintenanceModeActive', 'Dieser Shop befindet sich im Wartungsmodus.', 'Dieser Shop befindet sich im Wartungsmodus.', '1');
INSERT INTO `tsprachwerte` (`kSprachISO`, `kSprachsektion`, `cName`, `cWert`, `cStandard`, `bSystem`) VALUES ('2', '1', 'maintenanceModeActive', 'This shop is currently under maintenance.', 'This shop is currently under maintenance.', '1');
UPDATE `temailvorlage` SET `cDateiname`='wunschliste' WHERE `kEmailvorlage`='14';
UPDATE `temailvorlageoriginal` SET `cDateiname`='wunschliste' WHERE `kEmailvorlage`='14';
DELETE FROM `tzahlungsart` WHERE `cModulId`='za_iloxx_jtl';
DELETE FROM `teinstellungen` WHERE `cModulId`='za_iloxx_jtl';
UPDATE `teinstellungensektion` SET `cName`='Sucheinstellungen' WHERE `kEinstellungenSektion`='4';
DELETE from teinstellungen where cName='bewertungsfilter_spannen_ausblenden';
DELETE from teinstellungenconf where cWertName='bewertungsfilter_spannen_ausblenden';
DELETE from teinstellungenconfwerte where kEinstellungenConf=356;
ALTER TABLE  `tartikelpict` ADD  `kBild` INT( 10 ) UNSIGNED NOT NULL DEFAULT  '0' AFTER  `kArtikel`;
UPDATE `temailvorlagespracheoriginal` SET `cBetreff`='Kunden werben Kunden bei #firma.name# von #bestandskunde.vorname# #bestandskunde.nachname#' WHERE `kEmailvorlage`='17' AND `kSprache`='1';
UPDATE `temailvorlagespracheoriginal` SET `cBetreff`='Customers attract customers at #firma.name# from #bestandskunde.vorname# #bestandskunde.nachname#' WHERE `kEmailvorlage`='17' AND `kSprache`='2';
ALTER TABLE `tartikel` ADD `fStandardpreisNetto` DOUBLE NULL DEFAULT NULL AFTER `fLagerbestand`;
UPDATE tartikel a JOIN tpreise p ON a.kArtikel = p.kArtikel JOIN tkundengruppe kg ON p.kKundengruppe = kg.kKundengruppe AND kg.cStandard='Y' SET a.fStandardpreisNetto = p.fVKNetto;
ALTER TABLE `ttemplate` ADD COLUMN `parent` VARCHAR(255) NULL DEFAULT NULL, ADD COLUMN `name` VARCHAR(255) NULL DEFAULT NULL, ADD COLUMN `author` VARCHAR(255) NULL DEFAULT NULL, ADD COLUMN `url` VARCHAR(255) NULL DEFAULT NULL, ADD COLUMN `version` INT(11) NULL DEFAULT NULL, ADD COLUMN `shopversion` INT(11) NULL DEFAULT NULL, ADD COLUMN `preview` VARCHAR(255) NULL DEFAULT NULL;
ALTER TABLE `ttemplate` CHANGE COLUMN `version` `version` FLOAT NULL DEFAULT NULL;
UPDATE tnummern SET nNummer=10000 WHERE nNummer=0 AND nArt=1;
INSERT INTO `tsprachwerte` (`kSprachISO`, `kSprachsektion`, `cName`, `cWert`, `cStandard`, `bSystem`) VALUES ('1', '4', 'invalidHash', 'Ung&uuml;tiger Hash &uuml;bergeben - Eventuell ist Ihr Link abgelaufen. Versuchen Sie bitte erneut, Ihr Passwort zurückzusetzen.', 'Ung&uuml;tiger Hash &uuml;bergeben - Eventuell ist Ihr Link abgelaufen. Versuchen Sie bitte erneut, Ihr Passwort zurückzusetzen', '1');
INSERT INTO `tsprachwerte` (`kSprachISO`, `kSprachsektion`, `cName`, `cWert`, `cStandard`, `bSystem`) VALUES ('2', '4', 'invalidHash', 'Invalid hash - maybe your link has expired. Please try resetting the password again.', 'Invalid hash - maybe your link has expired. Please try resetting the password again.', '1');
INSERT INTO `tsprachwerte` (`kSprachISO`, `kSprachsektion`, `cName`, `cWert`, `cStandard`, `bSystem`) VALUES ('1', '4', 'invalidCustomer', 'Ung&uuml;ltiger Kunde.', 'Ung&uuml;ltiger Kunde.', '1');
INSERT INTO `tsprachwerte` (`kSprachISO`, `kSprachsektion`, `cName`, `cWert`, `cStandard`, `bSystem`) VALUES ('2', '4', 'invalidCustomer', 'Invalid customer.', 'Invalid customer.', '1');
UPDATE `tsprachwerte` SET `cWert`='In wenigen Augenblicken erhalten Sie eine E-Mail mit weiteren Schritten zum Zurücksetzen Ihres Passworts.', `cStandard`='In wenigen Augenblicken erhalten Sie eine E-Mail mit weiteren Schritten zum Zurücksetzen Ihres Passworts.' WHERE `kSprachISO`='1' AND `kSprachsektion`='9' AND `cName`='newPasswortWasGenerated';
UPDATE `tsprachwerte` SET `cWert`='You will receive an E-Mail containing further information to reset your password in a few minutes.', `cStandard`='You will receive an E-Mail containing further information to reset your password in a few minutes.' WHERE `kSprachISO`='2' AND `kSprachsektion`='9' AND `cName`='newPasswortWasGenerated';
UPDATE `teinstellungenconf` SET `cName`='Spamschutz aktivieren' WHERE `kEinstellungenConf`='1495';
UPDATE `teinstellungenconf` SET `cName`='Spamschutz aktivieren' WHERE `kEinstellungenConf`='1328';
UPDATE `teinstellungenconf` SET `cName`='Spamschutz aktivieren' WHERE `kEinstellungenConf`='1471';
UPDATE `teinstellungenconf` SET `cName`='Spamschutz aktivieren' WHERE `kEinstellungenConf`='299';
UPDATE `teinstellungenconf` SET `cName`='Spamschutz aktivieren' WHERE `kEinstellungenConf`='311';
UPDATE `teinstellungenconf` SET `cName`='Spamschutz aktivieren' WHERE `kEinstellungenConf`='318';
UPDATE `teinstellungenconf` SET `cName`='Spamschutz aktivieren' WHERE `kEinstellungenConf`='1530';
DELETE FROM `teinstellungenconfwerte` WHERE `kEinstellungenConf`='1495';
DELETE FROM `teinstellungenconfwerte` WHERE `kEinstellungenConf`='1328';
DELETE FROM `teinstellungenconfwerte` WHERE `kEinstellungenConf`='1471';
DELETE FROM `teinstellungenconfwerte` WHERE `kEinstellungenConf`='299';
DELETE FROM `teinstellungenconfwerte` WHERE `kEinstellungenConf`='311';
DELETE FROM `teinstellungenconfwerte` WHERE `kEinstellungenConf`='318';
DELETE FROM `teinstellungenconfwerte` WHERE `kEinstellungenConf`='1530';
INSERT INTO `teinstellungenconfwerte` (`kEinstellungenConf`,`cName`,`cWert`,`nSort`) VALUES (1495,'Ja','Y',0);
INSERT INTO `teinstellungenconfwerte` (`kEinstellungenConf`,`cName`,`cWert`,`nSort`) VALUES (1495,'Nein','N',1);
INSERT INTO `teinstellungenconfwerte` (`kEinstellungenConf`,`cName`,`cWert`,`nSort`) VALUES (1328,'Ja','Y',0);
INSERT INTO `teinstellungenconfwerte` (`kEinstellungenConf`,`cName`,`cWert`,`nSort`) VALUES (1328,'Nein','N',1);
INSERT INTO `teinstellungenconfwerte` (`kEinstellungenConf`,`cName`,`cWert`,`nSort`) VALUES (1471,'Ja','Y',0);
INSERT INTO `teinstellungenconfwerte` (`kEinstellungenConf`,`cName`,`cWert`,`nSort`) VALUES (1471,'Nein','N',1);
INSERT INTO `teinstellungenconfwerte` (`kEinstellungenConf`,`cName`,`cWert`,`nSort`) VALUES (299,'Ja','Y',0);
INSERT INTO `teinstellungenconfwerte` (`kEinstellungenConf`,`cName`,`cWert`,`nSort`) VALUES (299,'Nein','N',1);
INSERT INTO `teinstellungenconfwerte` (`kEinstellungenConf`,`cName`,`cWert`,`nSort`) VALUES (311,'Ja','Y',0);
INSERT INTO `teinstellungenconfwerte` (`kEinstellungenConf`,`cName`,`cWert`,`nSort`) VALUES (311,'Nein','N',1);
INSERT INTO `teinstellungenconfwerte` (`kEinstellungenConf`,`cName`,`cWert`,`nSort`) VALUES (318,'Ja','Y',0);
INSERT INTO `teinstellungenconfwerte` (`kEinstellungenConf`,`cName`,`cWert`,`nSort`) VALUES (318,'Nein','N',1);
INSERT INTO `teinstellungenconfwerte` (`kEinstellungenConf`,`cName`,`cWert`,`nSort`) VALUES (1530,'Ja','Y',0);
INSERT INTO `teinstellungenconfwerte` (`kEinstellungenConf`,`cName`,`cWert`,`nSort`) VALUES (1530,'Nein','N',1);
INSERT INTO `teinstellungenconf` (`kEinstellungenConf`,`kEinstellungenSektion`,`cName`,`cBeschreibung`,`cWertName`,`cInputTyp`,`cModulId`,`nSort`,`nStandardAnzeigen`,`nModul`,`cConf`) VALUES (1547,1,'Spamschutz-Methode','Die Art des Spamschutzes','anti_spam_method','selectbox',NULL,520,1,0,'Y');
INSERT INTO `teinstellungenconfwerte` (`kEinstellungenConf`,`cName`,`cWert`,`nSort`) VALUES (1547,'Keine','N',1);
INSERT INTO `teinstellungenconfwerte` (`kEinstellungenConf`,`cName`,`cWert`,`nSort`) VALUES (1547,'Captcha Sicherheitsstufe 1 (im Evo reCaptcha)','1',2);
INSERT INTO `teinstellungenconfwerte` (`kEinstellungenConf`,`cName`,`cWert`,`nSort`) VALUES (1547,'Captcha Sicherheitsstufe 2 (im Evo reCaptcha)','2',3);
INSERT INTO `teinstellungenconfwerte` (`kEinstellungenConf`,`cName`,`cWert`,`nSort`) VALUES (1547,'Captcha Sicherheitsstufe 3 (im Evo reCaptcha)','3',4);
INSERT INTO `teinstellungenconfwerte` (`kEinstellungenConf`,`cName`,`cWert`,`nSort`) VALUES (1547,'Rechenaufgabe (im Evo reCaptcha)','4',5);
INSERT INTO `teinstellungenconfwerte` (`kEinstellungenConf`,`cName`,`cWert`,`nSort`) VALUES (1547,'unsichtbarer Sicherheitstoken (im Evo reCaptcha)','5',6);
INSERT INTO `teinstellungenconfwerte` (`kEinstellungenConf`,`cName`,`cWert`,`nSort`) VALUES (1547,'Google reCaptcha','7',7);
INSERT INTO `teinstellungen` (`kEinstellungenSektion`,`cName`,`cWert`) VALUES (1,'anti_spam_method','7');
INSERT INTO `tspezialseite` (`kPlugin`, `cName`, `nLinkart`, `nSort`) VALUES ('0', 'WRB-Formular', '31', '31');
DELETE FROM tzahlungsart WHERE kZahlungsart=7;
DELETE FROM tzahlungsartsprache WHERE kZahlungsart=7;
DELETE FROM tversandartzahlungsart WHERE kZahlungsart=7;
ALTER TABLE `tartikelpict` CHANGE COLUMN `kMainArtikelBild` `kMainArtikelBild` INT(10) UNSIGNED NOT NULL DEFAULT 0;
INSERT INTO `tsprachwerte` (`kSprachISO`, `kSprachsektion`, `cName`, `cWert`, `cStandard`, `bSystem`) VALUES ('1', '5', 'checkOrderDetails', 'Bitte überprüfen Sie Ihre Eingaben. Sie können einzelne Angaben durch Klicken auf den jeweiligen Bestellschritt korrigieren.', 'Bitte überprüfen Sie Ihre Eingaben. Sie können einzelne Angaben durch Klicken auf den jeweiligen Bestellschritt korrigieren.', '1');
INSERT INTO `tsprachwerte` (`kSprachISO`, `kSprachsektion`, `cName`, `cWert`, `cStandard`, `bSystem`) VALUES ('2', '5', 'checkOrderDetails', 'Please check your inputs again. You can correct your data at any time by simply going back to the previous steps.', 'Please check your inputs again. You can correct your data at any time by simply going back to the previous steps.', '1');
UPDATE `teinstellungenconf` SET `cBeschreibung`='Hat ein Merkmal mehr als X Merkmalwerte, so werden alle Werte in einer Selectbox angezeigt. Standard: 15' WHERE `kEinstellungenConf`='534';
UPDATE `teinstellungenconf` SET `cBeschreibung`='Merkmalwert anzeigen, wenn ein Merkmalwert angeklickt wird?' WHERE `kEinstellungenConf`='619';
ALTER TABLE `tartikel` CHANGE COLUMN `fLagerbestand` `fLagerbestand` DOUBLE NULL DEFAULT 0;
ALTER TABLE `tfirma` CHANGE COLUMN `cHausnummer` `cHausnummer` VARCHAR(32) NULL DEFAULT NULL;
ALTER TABLE `tkonfiggruppe` CHANGE COLUMN `cBildPfad` `cBildPfad` VARCHAR(255) NOT NULL DEFAULT '' ;
ALTER TABLE `twarenkorbpos` CHANGE COLUMN `fLagerbestandVorAbschluss` `fLagerbestandVorAbschluss` DOUBLE NULL DEFAULT NULL;
ALTER TABLE `tlieferschein` CHANGE COLUMN `bEmailVerschickt` `bEmailVerschickt` TINYINT(1) NOT NULL DEFAULT 0;
ALTER TABLE `tlieferscheinpos` CHANGE COLUMN `kWarenlager` `kWarenlager` INT(10) UNSIGNED NOT NULL DEFAULT 0;
