INSERT INTO `tsprachwerte` (`kSprachISO` ,`kSprachsektion` ,`cName` ,`cWert` ,`cStandard` ,`bSystem` ) VALUES ('1', '1', 'financingRateFactor', 'Ratenfaktor', 'Ratenfaktor', '1');
INSERT INTO `tsprachwerte` (`kSprachISO` ,`kSprachsektion` ,`cName` ,`cWert` ,`cStandard` ,`bSystem` ) VALUES ('2', '1', 'financingRateFactor', 'Rate Factor', 'Rate Factor', '1');
INSERT INTO `tsprachwerte` (`kSprachISO` ,`kSprachsektion` ,`cName` ,`cWert` ,`cStandard` ,`bSystem` ) VALUES ('1', '1', 'financingTotal', 'Gesamtbetrag', 'Gesamtbetrag', '1');
INSERT INTO `tsprachwerte` (`kSprachISO` ,`kSprachsektion` ,`cName` ,`cWert` ,`cStandard` ,`bSystem` ) VALUES ('2', '1', 'financingTotal', 'Total', 'Total', '1');
INSERT INTO `teinstellungenconf` (`kEinstellungenConf`, `kEinstellungenSektion`, `cName`, `cBeschreibung`, `cWertName`, `cInputTyp`, `cModulId`, `nSort`, `nStandardAnzeigen`, `nModul`, `cConf`) VALUES (1443, 1, 'Adminbereich', '', NULL, NULL, NULL, 1500, 1, 0, 'N');
INSERT INTO `teinstellungenconf` (`kEinstellungenConf`, `kEinstellungenSektion`, `cName`, `cBeschreibung`, `cWertName`, `cInputTyp`, `cModulId`, `nSort`, `nStandardAnzeigen`, `nModul`, `cConf`) VALUES (1444, 1, 'CKEditor-Modus', '', 'admin_ckeditor_mode', 'selectbox', NULL, 1501, 1, 0, 'Y');
INSERT INTO `teinstellungenconfwerte` (`kEinstellungenConf` ,`cName` ,`cWert` ,`nSort`) VALUES ('1444',  'Normal',  'N',  '0'), ('1444',  'Quellcode',  'Q',  '1');
INSERT INTO `teinstellungen` ( `kEinstellungenSektion` , `cName` , `cWert` , `cModulId` ) VALUES ('1', 'admin_ckeditor_mode', 'N', '');
UPDATE `teinstellungenconf` SET `cWertName` = 'bilder_artikel_mini_hoehe' WHERE `teinstellungenconf`.`kEinstellungenConf` =633 LIMIT 1 ;
INSERT INTO `teinstellungenconf` (`kEinstellungenConf` ,`kEinstellungenSektion` ,`cName` ,`cBeschreibung` ,`cWertName` ,`cInputTyp` ,`cModulId` ,`nSort` ,`nStandardAnzeigen` ,`nModul` ,`cConf` ) VALUES ('1445', '5', 'Bildervorschau von Variationskombikinder anzeigen', 'Soll in der Artikelübersicht die Vorschaubilder von Variationskombikinder (falls vorhanden) angezeigt werden? Vorsicht: Bei vielen Variationen kann dies zu großen Ladezeiten führen.', 'artikeldetails_variationskombikind_bildvorschau', 'selectbox', NULL , '499', '1', '0', 'Y');
INSERT INTO `teinstellungenconfwerte` (`kEinstellungenConf` ,`cName` ,`cWert` ,`nSort` ) VALUES ('1445', 'Ja', 'Y', '1'), ('1445', 'Nein', 'N', '2');
INSERT INTO `teinstellungen` (`kEinstellungenSektion`, `cName`, `cWert`, `cModulId`) VALUES (5, 'artikeldetails_variationskombikind_bildvorschau', 'N', NULL);
INSERT INTO `teinstellungenconf` (`kEinstellungenConf` ,`kEinstellungenSektion` ,`cName` ,`cBeschreibung` ,`cWertName` ,`cInputTyp` ,`cModulId` ,`nSort` ,`nStandardAnzeigen` ,`nModul` ,`cConf` ) VALUES ('1446', '7', 'Sollen Varianten bei Variationskombinationen im Warenkorb angezeigt werden?', 'Sollen Varianten bei Variationskombinationen im Warenkorb angezeigt werden?', 'warenkorb_varianten_varikombi_anzeigen', 'selectbox', NULL , '260', '1', '0', 'Y');
INSERT INTO `teinstellungenconfwerte` (`kEinstellungenConf` ,`cName` ,`cWert` ,`nSort` ) VALUES ('1446', 'Ja', 'Y', '1'), ('1446', 'Nein', 'N', '2');
INSERT INTO `teinstellungen` (`kEinstellungenSektion`, `cName`, `cWert`, `cModulId`) VALUES (7, 'warenkorb_varianten_varikombi_anzeigen', 'N', NULL);
INSERT INTO `ttemplateeinstellungen` (`cTemplate`, `cSektion`, `cName`, `cWert`) VALUES ('JTL-Shop3-Tiny', 'articleoverview', 'article_image_preview', 'N'), ('JTL-Shop3-Tiny', 'articleoverview', 'article_show_short_desc', 'N'), ('JTL-Shop3-Tiny', 'articleoverview', 'article_show_no', 'N');
INSERT INTO `tsprachwerte` (`kSprachISO` ,`kSprachsektion` ,`cName` ,`cWert` ,`cStandard` ,`bSystem`) VALUES (1, 4, 'minimumPurchase', 'Bitte beachten Sie die Mindestabnahme von %d %s', 'Bitte beachten Sie die Mindestabnahme von %d %s', 1),(2, 4, 'minimumPurchase', 'Please note the minimum purchase of %d %s', 'Please note the minimum purchase of %d %s', 1),(4, 4, 'minimumPurchase', '', '', 1),(1, 4, 'integralQuantities', 'Von diesem Produkt können Sie auch ungerade Mengen erwerben', 'Von diesem Produkt können Sie auch ungerade Mengen erwerben', 1),(2, 4, 'integralQuantities', 'This product is also available in uneven quantities', 'This product is also available in uneven quantities', 1),(4, 4, 'integralQuantities', '', '', 1),(1, 4, 'maximalPurchase', 'Sie können maximal %d %s von diesem Produkt erwerben', 'Sie können maximal %d %s von diesem Produkt erwerben', 1),(2, 4, 'maximalPurchase', 'Purchase limits for %s are %d', 'Purchase limits for %s are %d', 1),(4, 4, 'maximalPurchase', '', '', 1),(1, 4, 'units', 'Einheiten', 'Einheiten', 1),(2, 4, 'units', 'units', 'units', 1),(4, 4, 'units', '', '', 1),(1, 4, 'takeHeedOfInterval', 'Bitte beachten Sie das Abnahmeintervall von %d %s', 'Bitte beachten Sie das Abnahmeintervall von %d %s', 1),(2, 4, 'takeHeedOfInterval', 'Max quantity limit per purchase', 'Max quantity limit per purchase', 1),(4, 4, 'takeHeedOfInterval', '', '', 1);
INSERT INTO `tsprachwerte` (`kSprachISO`, `kSprachsektion`, `cName`, `cWert`, `cStandard`, `bSystem`) VALUES (1, 1, 'orderHistory', 'Bestellhistorie', 'Bestellhistorie', 1), (2, 1, 'orderHistory', 'Order history', 'Order history', 1),(4, 1, 'orderHistory', '', '', 1);
INSERT INTO `tsprachwerte` (`kSprachISO`, `kSprachsektion`, `cName`, `cWert`, `cStandard`, `bSystem`) VALUES (1, 1, 'selectLanguage', 'Sprachauswahl', 'Sprachauswahl', 1), (2, 1, 'selectLanguage', 'Select language', 'Select language', 1), (4, 1, 'selectLanguage', '', '', 1);
INSERT INTO `ttemplateeinstellungen` (`cTemplate`, `cSektion`, `cName`, `cWert`) VALUES ('JTL-Shop3-Tiny', 'general', 'ext_footer', 'N');