INSERT INTO `tzahlungsart` (`kZahlungsart` ,`cName` ,`cModulId` ,`cKundengruppen` ,`cZusatzschrittTemplate` ,`cPluginTemplate` ,`cBild` ,`nSort` ,`nMailSenden` ,`nActive` ,`cAnbieter` ,`cTSCode` ,`nWaehrendBestellung` ,`nCURL` ,`nSOAP` ,`nSOCKETS` ,`nNutzbar`) VALUES (NULL ,  'ClickandBuy',  'za_clickandbuy_jtl', NULL ,  '', NULL ,  'http://www.clickandbuy.com/uploads/tx_cablogodownload/cab_logo_bezahl_115x40px_V1_sh_de.png',  '0',  '0',  '1',  'ClickandBuy',  'CLICKANDBUY',  '1',  '0',  '1',  '0',  '0');
SET @LastID = LAST_INSERT_ID();
INSERT INTO `tzahlungsartsprache` (kZahlungsart, cISOSprache, cName, cGebuehrname, cHinweisText) VALUES (@LastID, 'ger', 'ClickandBuy', 'Gebühr', 'Sie gehen online shoppen ? wir kümmern uns um sicheres Bezahlen weltweit. Ihre Bank- oder Kreditkartendaten sind nur bei ClickandBuy hinterlegt und werden nicht bei jedem Online-Kauf erneut über das Internet gesendet . Bei ClickandBuy können Sie weltweit unter 50 unterschiedlichen Bezahlmethoden wählen. Mehr Infos <a href="http://clickandbuy.com/DE_de/info.html" target="_blank">hier</a>');
INSERT INTO `tzahlungsartsprache` (kZahlungsart, cISOSprache, cName, cGebuehrname, cHinweisText) VALUES (@LastID, 'eng', 'ClickandBuy', 'Fee', 'You go shopping online ? we secure your payments worldwide. Your bank or credit card details are stored only at ClickandBuy, so you don?t have to expose them on the Internet every time you buy something online. At ClickandBuy you can choose from over 50 different payment methods worldwide. More informations <a href="http://clickandbuy.com/EU_en/info.html" target="_blank">here</a>');
UPDATE `teinstellungenconf` SET  `cName` =  'Project Id',`cWertName` =  'zahlungsart_clickandbuy_project_id' WHERE  `teinstellungenconf`.`kEinstellungenConf` =1183 LIMIT 1 ;
UPDATE `teinstellungenconf` SET  `cName` =  'Secret Key',`cWertName` =  'zahlungsart_clickandbuy_secretkey_id' WHERE  `teinstellungenconf`.`kEinstellungenConf` =1185 LIMIT 1 ;
DELETE FROM teinstellungenconf WHERE kEinstellungenConf = 1182;
INSERT INTO `tadminrecht` (`cRecht` ,`cBeschreibung` ,`kAdminrechtemodul`) VALUES ('EXTENSION_SELECTIONMWIZARD_VIEW',  'Auswahlassistent',  '8');
INSERT INTO `tadminmenu` (`kAdminmenu` ,`kAdminmenueGruppe` ,`cModulId` ,`cLinkname` ,`cURL` ,`cRecht` ,`nSort`) VALUES (NULL ,  '8',  'core_jtl',  'Auswahlassistent',  'auswahlassistent.php',  'EXTENSION_SELECTIONMWIZARD_VIEW',  '200');
CREATE TABLE `tauswahlassistentgruppe` (`kAuswahlAssistentGruppe` INT UNSIGNED NOT NULL AUTO_INCREMENT PRIMARY KEY ,`kSprache` INT UNSIGNED NOT NULL ,`cName` VARCHAR( 255 ) CHARACTER SET latin1 COLLATE latin1_swedish_ci NOT NULL ,`nAktiv` TINYINT UNSIGNED NOT NULL ,INDEX (  `kSprache` ,  `nAktiv` )) ENGINE = MYISAM ;
CREATE TABLE `tauswahlassistentfrage` (`kAuswahlAssistentFrage` INT UNSIGNED NOT NULL AUTO_INCREMENT PRIMARY KEY ,`kAuswahlAssistentGruppe` INT UNSIGNED NOT NULL ,`kMerkmal` INT UNSIGNED NOT NULL ,`cFrage` VARCHAR( 255 ) CHARACTER SET latin1 COLLATE latin1_swedish_ci NOT NULL ,`nSort` INT UNSIGNED NOT NULL ,`nAktiv` TINYINT UNSIGNED NOT NULL ,INDEX (  `kAuswahlAssistentGruppe` ,  `nAktiv` )) ENGINE = MYISAM ;
CREATE TABLE `tauswahlassistentort` (`kAuswahlAssistentOrt` INT NOT NULL AUTO_INCREMENT PRIMARY KEY ,`kAuswahlAssistentGruppe` INT NOT NULL ,`cKey` VARCHAR( 255 ) CHARACTER SET latin1 COLLATE latin1_swedish_ci NOT NULL ,`kKey` INT NOT NULL, INDEX (  `cKey` ,  `kKey` )) ENGINE = MYISAM ;
INSERT INTO `tspezialseite` (`kSpezialseite` ,`kPlugin` ,`cName` ,`cDateiname` ,`nLinkart` ,`nSort`) VALUES ('21',  '0',  'Auswahlassistent',  '',  '26',  '26');
INSERT INTO `teinstellungenconf` (`kEinstellungenConf` ,`kEinstellungenSektion` ,`cName` ,`cBeschreibung` ,`cWertName` ,`cInputTyp` ,`cModulId` ,`nSort` ,`nStandardAnzeigen` ,`nModul` ,`cConf`) VALUES ('1464',  '121',  'Auswahlassistent nutzen',  'Wollen Sie den Auswahlassistent nutzen?',  'auswahlassistent_nutzen',  'selectbox', NULL ,  '10',  '1',  '1',  'Y');
INSERT INTO `teinstellungenconfwerte` (`kEinstellungenConf` ,`cName` ,`cWert` ,`nSort`) VALUES ('1464',  'Ja',  'Y',  '1'), ('1464',  'Nein',  'N',  '2');
INSERT INTO `teinstellungenconf` (`kEinstellungenConf` ,`kEinstellungenSektion` ,`cName` ,`cBeschreibung` ,`cWertName` ,`cInputTyp` ,`cModulId` ,`nSort` ,`nStandardAnzeigen` ,`nModul` ,`cConf`) VALUES ('1465',  '121',  'Anzeigeformat der Antworten',  'Wie sollen die Antworten angezeigt werden?',  'auswahlassistent_anzeigeformat',  'selectbox', NULL ,  '15',  '1',  '1',  'Y');
INSERT INTO `teinstellungenconfwerte` (`kEinstellungenConf` ,`cName` ,`cWert` ,`nSort`) VALUES ('1465',  'Text',  'T',  '1'), ('1465',  'Bild',  'B',  '2'), ('1465',  'Bild + Text',  'BT',  '3'), ('1465',  'SelectBox',  'S',  '4'); 
INSERT INTO `teinstellungenconf` (`kEinstellungenConf` ,`kEinstellungenSektion` ,`cName` ,`cBeschreibung` ,`cWertName` ,`cInputTyp` ,`cModulId` ,`nSort` ,`nStandardAnzeigen` ,`nModul` ,`cConf`) VALUES ('1466',  '121',  'Alle Fragen direkt anzeigen',  'Sollen direkt alle Fragen angeigt werden?',  'auswahlassistent_allefragen',  'selectbox', NULL ,  '20',  '1',  '1',  'Y');
INSERT INTO `teinstellungenconfwerte` (`kEinstellungenConf` ,`cName` ,`cWert` ,`nSort`) VALUES ('1466',  'Ja',  'Y',  '1'), ('1466',  'Nein',  'N',  '2');
INSERT INTO `teinstellungen` (`kEinstellungenSektion` ,`cName` ,`cWert` ,`cModulId` ) VALUES ('121', 'auswahlassistent_nutzen', 'N', NULL );
INSERT INTO `teinstellungen` (`kEinstellungenSektion` ,`cName` ,`cWert` ,`cModulId` ) VALUES ('121', 'auswahlassistent_anzeigeformat', 'T', NULL );
INSERT INTO `teinstellungen` (`kEinstellungenSektion` ,`cName` ,`cWert` ,`cModulId` ) VALUES ('121', 'auswahlassistent_allefragen', 'Y', NULL );
ALTER TABLE `tauswahlassistentgruppe` ADD `cBeschreibung` TEXT NULL AFTER `cName`;
DELETE FROM `tsprachwerte` WHERE `kSprachsektion`=5 AND `cName`='eosErrorFailure' AND `bSystem`=1;
INSERT INTO `tsprachwerte` (`kSprachISO`, `kSprachsektion`, `cName`, `cWert`, `cStandard`, `bSystem`) VALUES (1, 5, 'eosErrorFailure', 'Die Kreditkartenzahlung war leider nicht erfolgreich. Bitte wählen Sie eine andere Zahlungsmethode. ', 'Die Kreditkartenzahlung war leider nicht erfolgreich. Bitte wählen Sie eine andere Zahlungsmethode. ', 1), (2, 5, 'eosErrorFailure', 'The credit card payment was not successful.', 'The credit card payment was not successful.', 1);
INSERT INTO `tsprachwerte` (`kSprachISO` ,`kSprachsektion` ,`cName` ,`cWert` ,`cStandard` ,`bSystem`) VALUES ('1', '1', 'aaSelectBTN', 'ausw&auml;hlen', 'ausw&auml;hlen', '1'), ('1', '2', 'aaSelectBTN', 'select', 'select', '1');
INSERT INTO `teinstellungenconf` (`kEinstellungenConf` ,`kEinstellungenSektion` ,`cName` ,`cBeschreibung` ,`cWertName` ,`cInputTyp` ,`cModulId` ,`nSort` ,`nStandardAnzeigen` ,`nModul` ,`cConf`) VALUES ('1467',  '121',  'Anzahl Artikel hinter jeder Antwort',  'Soll die Anzahl der Artikel hinter jeder Antwort stehen?',  'auswahlassistent_anzahl_anzeigen',  'selectbox', NULL ,  '25',  '1',  '1',  'Y');
INSERT INTO `teinstellungenconfwerte` (`kEinstellungenConf` ,`cName` ,`cWert` ,`nSort`) VALUES ('1467',  'Ja',  'Y',  '1'), ('1467',  'Nein',  'N',  '2');
INSERT INTO `teinstellungen` (`kEinstellungenSektion` ,`cName` ,`cWert` ,`cModulId` ) VALUES ('121', 'auswahlassistent_anzahl_anzeigen', 'Y', NULL );
INSERT INTO `tsprachwerte` (`kSprachISO` ,`kSprachsektion` ,`cName` ,`cWert` ,`cStandard` ,`bSystem`) VALUES ('1', '1', 'edit', 'Editieren', 'Editieren', '1'), ('2', '1', 'edit', 'Edit', 'Edit', '1');
DELETE tzahlungsart, tzahlungsartsprache, tversandartzahlungsart, teinstellungenconf, teinstellungen, teinstellungenconfwerte FROM tzahlungsart LEFT JOIN tzahlungsartsprache ON tzahlungsartsprache.kZahlungsart = tzahlungsart.kZahlungsart LEFT JOIN tversandartzahlungsart ON tversandartzahlungsart.kZahlungsart = tzahlungsart.kZahlungsart LEFT JOIN teinstellungenconf ON teinstellungenconf.cModulId = tzahlungsart.cModulId LEFT JOIN teinstellungen ON teinstellungen.cModulId = tzahlungsart.cModulId LEFT JOIN teinstellungenconfwerte ON teinstellungenconfwerte.kEinstellungenConf = teinstellungenconf.kEinstellungenConf WHERE tzahlungsart.cModulId = 'za_heidelpay_jtl';
INSERT INTO `tadminmenu` (`kAdminmenu`, `kAdminmenueGruppe`, `cModulId`, `cLinkname`, `cURL`, `cRecht`, `nSort`) VALUES (52, 4, 'core_jtl', 'ClickandBuy', 'clickandbuy.php', 'ORDER_CLICKANDBUY_VIEW', 150);
INSERT INTO `teinstellungenconf` (`kEinstellungenConf` ,`kEinstellungenSektion` ,`cName` ,`cBeschreibung` ,`cWertName` ,`cInputTyp` ,`cModulId` ,`nSort` ,`nStandardAnzeigen` ,`nModul` ,`cConf`) VALUES ('1468',  '1',  'Evtl. Lieferzeitverzögerung anzeigen',  'Sollen eventuelle Lieferverzögerungen bei Artikeln im Warenkorb angezeigt werden, wenn mit Lagerbestand gearbeitet wird und das Lager kleiner Null werden darf?',  'global_lieferverzoegerung_anzeigen',  'selectbox', NULL ,  '260',  '1',  '0',  'Y');
INSERT INTO `teinstellungenconfwerte` (`kEinstellungenConf` ,`cName` ,`cWert` ,`nSort`) VALUES ('1468',  'Ja',  'Y',  '1'), ('1468',  'Nein',  'N',  '2');
INSERT INTO `teinstellungen` (`kEinstellungenSektion` ,`cName` ,`cWert` ,`cModulId` ) VALUES ('1', 'global_lieferverzoegerung_anzeigen', 'Y', NULL );
INSERT INTO `teinstellungenconf` (`kEinstellungenConf` ,`kEinstellungenSektion` ,`cName` ,`cBeschreibung` ,`cWertName` ,`cInputTyp` ,`cModulId` ,`nSort` ,`nStandardAnzeigen` ,`nModul` ,`cConf`) VALUES ('1469',  '110',  'Suchtrefferfilter anzahl',  'Wieviele Suchtreffer sollen angezeigt werden?',  'suchtrefferfilter_anzahl',  'zahl', NULL ,  '179',  '1',  '0',  'Y');
INSERT INTO `teinstellungen` (`kEinstellungenSektion` ,`cName` ,`cWert` ,`cModulId` ) VALUES ('110', 'suchtrefferfilter_anzahl', '0', NULL );
INSERT INTO `teinstellungenconf` (`kEinstellungenConf` ,`kEinstellungenSektion` ,`cName` ,`cBeschreibung` ,`cWertName` ,`cInputTyp` ,`cModulId` ,`nSort` ,`nStandardAnzeigen` ,`nModul` ,`cConf`) VALUES ('1470',  '1',  'Versandkostenfrei Darstellung als',  'Wie soll die Versandkostenfrei Darstellung beim Artikel angezeigt werden?',  'global_versandkostenfrei_darstellung',  'selectbox', NULL ,  '270',  '1',  '0',  'Y');
INSERT INTO `teinstellungenconfwerte` (`kEinstellungenConf` ,`cName` ,`cWert` ,`nSort`) VALUES ('1470',  'Mouseover zeigt Länder',  'M',  '1'), ('1470',  'Länder direkt Sichtbar',  'D',  '2');
INSERT INTO `teinstellungen` (`kEinstellungenSektion` ,`cName` ,`cWert` ,`cModulId` ) VALUES ('1', 'global_versandkostenfrei_darstellung', '0', NULL );
INSERT INTO `tspezialseite` (`kSpezialseite` ,`kPlugin` ,`cName` ,`cDateiname` ,`nLinkart` ,`nSort`) VALUES ('22', '0', 'Impressum', NULL , '27', '27');
UPDATE tlink SET nLinkart = 27 WHERE cName LIKE '%Impressum%';
INSERT INTO `teinstellungenconf` (`kEinstellungenConf` ,`kEinstellungenSektion` ,`cName` ,`cBeschreibung` ,`cWertName` ,`cInputTyp` ,`cModulId` ,`nSort` ,`nStandardAnzeigen` ,`nModul` ,`cConf`) VALUES ('1471', '5', 'Sicherheitscode abfragen', 'Soll ein Sicherheitscode abgefragt werden, damit das Formular akzeptiert und abgesendet wird?', 'artikeldetails_artikelweiterempfehlen_captcha', 'selectbox', NULL , '695', '1', '0', 'Y');
INSERT INTO `teinstellungenconfwerte` (`kEinstellungenConf` ,`cName` ,`cWert` ,`nSort`) VALUES ('1471',  'Nein',  'N',  '1'), ('1471',  'Ja, Sicherheitsstufe 1',  '1',  '2'), ('1471',  'Ja, Sicherheitsstufe 2',  '2',  '3'), ('1471',  'Ja, Sicherheitsstufe 3',  '3',  '4'), ('1471',  'Ja, Rechenaufgabe',  '4',  '5');
INSERT INTO `teinstellungen` (`kEinstellungenSektion` ,`cName` ,`cWert` ,`cModulId` ) VALUES ('5', 'artikeldetails_artikelweiterempfehlen_captcha', 'N', NULL );
CREATE TABLE `tdownload` (`kDownload` INT UNSIGNED NOT NULL AUTO_INCREMENT PRIMARY KEY ,`cID` VARCHAR( 255 ) CHARACTER SET latin1 COLLATE latin1_swedish_ci NOT NULL ,`cPfad` VARCHAR( 255 ) CHARACTER SET latin1 COLLATE latin1_swedish_ci NOT NULL ,`cPfadVorschau` VARCHAR( 255 ) CHARACTER SET latin1 COLLATE latin1_swedish_ci NULL ,`nAnzahl` INT UNSIGNED NULL ,`nTage` INT UNSIGNED NULL ,`dErstellt` DATETIME NOT NULL ,INDEX ( `cID` )) ENGINE = MYISAM ;
CREATE TABLE `tartikeldownload` (`kArtikel` INT UNSIGNED NOT NULL ,`kDownload` INT UNSIGNED NOT NULL ,`nSort` INT UNSIGNED NULL DEFAULT '0',PRIMARY KEY ( `kArtikel` , `kDownload` )) ENGINE = MYISAM ;
CREATE TABLE `tdownloadsprache` (`kDownload` INT UNSIGNED NOT NULL ,`kSprache` INT UNSIGNED NOT NULL ,`cName` VARCHAR( 255 ) CHARACTER SET latin1 COLLATE latin1_swedish_ci NOT NULL ,`cBeschreibung` TEXT CHARACTER SET latin1 COLLATE latin1_swedish_ci NULL ,PRIMARY KEY ( `kDownload` , `kSprache` )) ENGINE = MYISAM ;
CREATE TABLE `tdownloadhistory` (`kDownloadHistory` INT UNSIGNED NOT NULL AUTO_INCREMENT PRIMARY KEY ,`kDownload` INT UNSIGNED NOT NULL ,`kKunde` INT UNSIGNED NOT NULL ,`kBestellung` INT UNSIGNED NOT NULL ,`dErstellt` DATETIME NOT NULL ,INDEX ( `kKunde` , `kBestellung` )) ENGINE = MYISAM ;
INSERT INTO `tsprachwerte` (`kSprachISO` ,`kSprachsektion` ,`cName` ,`cWert` ,`cStandard` ,`bSystem`) VALUES ('1', '1', 'downloadLimit', 'Download limit', 'Download limit', '1'), ('2', '1', 'downloadLimit', 'Download limit', 'Download limit', '1');
INSERT INTO `tsprachwerte` (`kSprachISO` ,`kSprachsektion` ,`cName` ,`cWert` ,`cStandard` ,`bSystem`) VALUES ('1', '1', 'validUntil', 'Gültig bis', 'Gültig bis', '1'), ('2', '1', 'validUntil', 'Gültig bis', 'Gültig bis', '1');
INSERT INTO `tsprachwerte` (`kSprachISO` ,`kSprachsektion` ,`cName` ,`cWert` ,`cStandard` ,`bSystem`) VALUES ('1', '1', 'download', 'Download', 'Download', '1'), ('2', '1', 'download', 'Download', 'Download', '1');
INSERT INTO `tsprachwerte` (`kSprachISO` ,`kSprachsektion` ,`cName` ,`cWert` ,`cStandard` ,`bSystem`) VALUES ('1', '1', 'downloadFile', 'Datei', 'Datei', '1'), ('2', '1', 'downloadFile', 'File', 'File', '1');
INSERT INTO `tsprachwerte` (`kSprachISO` ,`kSprachsektion` ,`cName` ,`cWert` ,`cStandard` ,`bSystem`) VALUES ('1', '1', 'downloads', 'Downloads', 'Downloads', '1'), ('2', '1', 'downloads', 'Downloads', 'Downloads', '1');
INSERT INTO `tsprachwerte` (`kSprachISO` ,`kSprachsektion` ,`cName` ,`cWert` ,`cStandard` ,`bSystem`) VALUES ('1', '1', 'unlimited', 'unendlich', 'unendlich', '1'), ('2', '1', 'unlimited', 'unlimited', 'unlimited', '1');
INSERT INTO `tsprachwerte` (`kSprachISO` ,`kSprachsektion` ,`cName` ,`cWert` ,`cStandard` ,`bSystem`) VALUES ('1', '1', 'yourDownloads', 'Ihre Downloads', 'Ihre Downloads', '1'), ('2', '1', 'yourDownloads', 'Your downloads', 'Your downloads', '1');
INSERT INTO `tsprachwerte` (`kSprachISO` ,`kSprachsektion` ,`cName` ,`cWert` ,`cStandard` ,`bSystem`) VALUES ('1', '1', 'dlErrorOrderNotFound', 'Fehler: Ihre Bestellung konnte nicht gefunden werden!', 'Fehler: Ihre Bestellung konnte nicht gefunden werden!', '1'), ('2', '1', 'dlErrorOrderNotFound', 'Error: Your order could not be found!', 'Error: Your order could not be found!', '1');
INSERT INTO `tsprachwerte` (`kSprachISO` ,`kSprachsektion` ,`cName` ,`cWert` ,`cStandard` ,`bSystem`) VALUES ('1', '1', 'dlErrorCustomerNotMatch', 'Fehler: Kunde stimmt nicht überein!', 'Fehler: Kunde stimmt nicht überein!', '1'), ('2', '1', 'dlErrorCustomerNotMatch', 'Error: Customer does not match!', 'Error: Customer does not match!', '1');
INSERT INTO `tsprachwerte` (`kSprachISO` ,`kSprachsektion` ,`cName` ,`cWert` ,`cStandard` ,`bSystem`) VALUES ('1', '1', 'dlErrorDownloadNotFound', 'Fehler: Dieser Download existiert nicht!', 'Fehler: Dieser Download existiert nicht!', '1'), ('2', '1', 'dlErrorDownloadNotFound', 'Error: This download does not exist!', 'Error: This download does not exist!', '1');
INSERT INTO `tsprachwerte` (`kSprachISO` ,`kSprachsektion` ,`cName` ,`cWert` ,`cStandard` ,`bSystem`) VALUES ('1', '1', 'dlErrorDownloadLimitReached', 'Fehler: Das maximale Download Limit wurde erreicht!', 'Fehler: Das maximale Download Limit wurde erreicht!', '1'), ('2', '1', 'dlErrorDownloadLimitReached', 'Error: The maximum download limit has been reached!', 'Error: The maximum download limit has been reached!', '1');
INSERT INTO `tsprachwerte` (`kSprachISO` ,`kSprachsektion` ,`cName` ,`cWert` ,`cStandard` ,`bSystem`) VALUES ('1', '1', 'dlErrorValidityReached', 'Fehler: Die maximale Gültigkeit wurde überschritten!', 'Fehler: Die maximale Gültigkeit wurde überschritten!', '1'), ('2', '1', 'dlErrorValidityReached', 'Error: The maximum validity has been exceeded!', 'Error: The maximum validity has been exceeded!', '1');
INSERT INTO `tsprachwerte` (`kSprachISO` ,`kSprachsektion` ,`cName` ,`cWert` ,`cStandard` ,`bSystem`) VALUES ('1', '1', 'dlErrorWrongParameter', 'Fehler: Falsche Parameter!', 'Fehler: Falsche Parameter!', '1'), ('2', '1', 'dlErrorWrongParameter', 'Error: Wrong parameters!', 'Error: Wrong parameters!', '1');
ALTER TABLE `tlink` ADD `cNoFollow` VARCHAR( 255 ) CHARACTER SET latin1 COLLATE latin1_swedish_ci NULL DEFAULT 'N' AFTER `nLinkart`;
INSERT INTO `tsprachwerte` (`kSprachISO` ,`kSprachsektion` ,`cName` ,`cWert` ,`cStandard` ,`bSystem`) VALUES ('1', '10', 'noSubjectAvailable', 'Kein Betreff vorhanden', 'Kein Betreff vorhanden', '1'), ('2', '10', 'noSubjectAvailable', 'No subject available', 'No subject available', '1');
ALTER TABLE `tplugin` CHANGE `cBeschreibung` `cBeschreibung` TEXT CHARACTER SET latin1 COLLATE latin1_swedish_ci NOT NULL;
ALTER TABLE `tadminwidgets` ADD `kPlugin` INT UNSIGNED NOT NULL AFTER `kWidget` , ADD INDEX ( `kPlugin` );
DELETE FROM teinstellungenconf WHERE kEinstellungenConf=1442 AND kEinstellungenSektion=114;
DELETE FROM teinstellungenconfwerte WHERE kEinstellungenConf=1442;
INSERT INTO `teinstellungenconf` (`kEinstellungenConf` ,`kEinstellungenSektion` ,`cName` ,`cBeschreibung` ,`cWertName` ,`cInputTyp` ,`cModulId` ,`nSort` ,`nStandardAnzeigen` ,`nModul` ,`cConf` ) VALUES ('1442', '114', 'Sitemap beim Wawi Abgleich erstellen', 'Soll bei einem Wawi Abgleich automatisch die Sitemap erstellt werden?', 'sitemap_wawiabgleich', 'selectbox', NULL , '130', '1', '0', 'Y');
INSERT INTO `teinstellungenconfwerte` (`kEinstellungenConf` ,`cName` ,`cWert` ,`nSort` ) VALUES ('1442', 'Ja', 'Y', '1'), ('1442', 'Nein', 'N', '2');
INSERT INTO `tadminwidgets` (`kWidget`, `cTitle`, `cClass`, `eContainer`, `cDescription`, `nPos`, `bExpanded`, `bActive`) VALUES (NULL, 'Umsatz', 'SalesVolume', 'center', 'Umsatz-Statistik', 3, 1, 1);
ALTER TABLE `tversandart` ADD `eSteuer` ENUM( 'netto', 'brutto' ) NOT NULL AFTER `cBild`;
INSERT INTO `tsprachwerte` (`kSprachISO`, `kSprachsektion`, `cName`, `cWert`, `cStandard`, `bSystem`) VALUES (1, 1, 'redirect', 'Sie werden nun weitergeleitet...', 'Sie werden nun weitergeleitet...', 1), (2, 1, 'redirect', 'You will be redirected within the next seconds', 'You will be redirected within the next seconds', 1);
ALTER TABLE  `tzahlungseingang` ADD  `cHinweis` VARCHAR( 255 ) NOT NULL AFTER  `dZeit`;
UPDATE  `tsprachwerte` SET  `cWert` =  '<abbr title="Unverbindliche Preisempfehlung">UVP</abbr> des Herstellers',`cStandard` =  '<abbr title="Unverbindliche Preisempfehlung">UVP</abbr> des Herstellers' WHERE  `tsprachwerte`.`kSprachISO` =1 AND  `tsprachwerte`.`kSprachsektion` =4 AND  `tsprachwerte`.`cName` =  'suggestedPrice';
UPDATE  `tsprachwerte` SET  `cWert` =  'Recommended retail price',`cStandard` =  'Recommended retail price' WHERE  `tsprachwerte`.`kSprachISO` =2 AND  `tsprachwerte`.`kSprachsektion` =4 AND  `tsprachwerte`.`cName` =  'suggestedPrice';
CREATE TABLE `tjtllog` (`kLog` INT UNSIGNED NOT NULL AUTO_INCREMENT PRIMARY KEY ,`nLevel` TINYINT UNSIGNED NOT NULL ,`cLog` TEXT CHARACTER SET latin1 COLLATE latin1_swedish_ci NOT NULL ,`cKey` VARCHAR( 255 ) CHARACTER SET latin1 COLLATE latin1_swedish_ci NULL ,`kKey` INT UNSIGNED NULL ,`dErstellt` DATETIME NOT NULL ,INDEX ( `cKey` , `kKey` )) ENGINE = MYISAM COMMENT = 'Globaler JTL Log';
INSERT INTO `teinstellungenconf` (`kEinstellungenConf` ,`kEinstellungenSektion` ,`cName` ,`cBeschreibung` ,`cWertName` ,`cInputTyp` ,`cModulId` ,`nSort` ,`nStandardAnzeigen` ,`nModul` ,`cConf`) VALUES ('1472', '4', 'Suchpriorität Artikel HAN', '0 = In diesem Feld nicht suchen', 'suche_prio_han', 'zahl', NULL , '167', '1', '0', 'Y');
INSERT INTO `teinstellungen` (`kEinstellungenSektion` ,`cName` ,`cWert` ,`cModulId`) VALUES ('4', 'suche_prio_han', '3', NULL);
DELETE FROM `teinstellungensektion` WHERE `kEinstellungenSektion`=9;
INSERT INTO  `tadminmenu` (`kAdminmenu` ,`kAdminmenueGruppe` ,`cModulId` ,`cLinkname` ,`cURL` ,`cRecht` ,`nSort`)VALUES (NULL ,  '2',  'core_jtl',  'Bilder',  'bilder.php',  'SETTINGS_IMAGES_VIEW',  '0');
INSERT INTO  `teinstellungenconf` (`kEinstellungenConf` ,`kEinstellungenSektion` ,`cName` ,`cBeschreibung` ,`cWertName` ,`cInputTyp` ,`cModulId` ,`nSort` ,`nStandardAnzeigen` ,`nModul` ,`cConf`) VALUES (1483 ,  '9',  'Dateiformat',  'PNG bzw JPG Speicherformat.',  'bilder_dateiformat',  'selectbox', NULL ,  '580',  '1',  '0',  'Y');
INSERT INTO  `teinstellungenconfwerte` (`kEinstellungenConf` ,`cName` ,`cWert` ,`nSort`)VALUES ('1483',  'JPG',  'JPG',  '0');
INSERT INTO  `teinstellungenconfwerte` (`kEinstellungenConf` ,`cName` ,`cWert` ,`nSort`)VALUES ('1483',  'PNG',  'PNG',  '1');
INSERT INTO  `teinstellungen` (`kEinstellungenSektion` ,`cName` ,`cWert` ,`cModulId`)VALUES ('9',  'bilder_dateiformat',  '0', NULL);
CREATE TABLE `tnewsletterempfaengerblacklist` (`cMail` VARCHAR( 255 ) CHARACTER SET latin1 COLLATE latin1_swedish_ci NOT NULL ,`dErstellt` DATETIME NOT NULL ,PRIMARY KEY ( `cMail` )) ENGINE = MYISAM ;
INSERT INTO  `teinstellungenconf` (`kEinstellungenConf` ,`kEinstellungenSektion` ,`cName` ,`cBeschreibung` ,`cWertName` ,`cInputTyp` ,`cModulId` ,`nSort` ,`nStandardAnzeigen` ,`nModul` ,`cConf`) VALUES (1484 ,  '9',  'Hintergrundfarbe',  '',  'bilder_hintergrundfarbe',  'color', NULL ,  '581',  '1',  '0',  'Y');
INSERT INTO  `teinstellungen` (`kEinstellungenSektion` ,`cName` ,`cWert` ,`cModulId`)VALUES ('9',  'bilder_hintergrundfarbe',  '#ffffff', NULL);
INSERT INTO `tadminrecht` (`cRecht` ,`cBeschreibung` ,`kAdminrechtemodul`) VALUES ('SYSTEMLOG_VIEW', 'Systemlog', '1');
INSERT INTO `tadminmenu` (`kAdminmenu` ,`kAdminmenueGruppe` ,`cModulId` ,`cLinkname` ,`cURL` ,`cRecht` ,`nSort`) VALUES (NULL , '1', 'core_jtl', 'Systemlog', 'systemlog.php', 'SYSTEMLOG_VIEW', '330');
INSERT INTO teinstellungen (kEinstellungenSektion, cName, cWert) VALUES(1, 'systemlog_flag', 1);
ALTER TABLE `tjtllog` ADD FULLTEXT (`cLog`);
INSERT INTO `tsprachwerte` (`kSprachISO` ,`kSprachsektion` ,`cName` ,`cWert` ,`cStandard` ,`bSystem`) VALUES ('1', '1', 'yourUploads', 'Ihre Uploads', 'Ihre Uploads', '1'), ('2', '1', 'yourUploads', 'Your uploads', 'Your uploads', '1');
INSERT INTO `tsprachwerte` (`kSprachISO` ,`kSprachsektion` ,`cName` ,`cWert` ,`cStandard` ,`bSystem`) VALUES ('1', '1', 'uploadFilesize', 'Dateigröße', 'Dateigröße', '1'), ('2', '1', 'uploadFilesize', 'File size', 'File size', '1');
INSERT INTO `tsprachwerte` (`kSprachISO` ,`kSprachsektion` ,`cName` ,`cWert` ,`cStandard` ,`bSystem`) VALUES ('1', '1', 'uploadAdded', 'Hochgeladen am', 'Hochgeladen am', '1'), ('2', '1', 'uploadAdded', 'Uploaded at', 'Uploaded at', '1');
INSERT INTO `tsprachwerte` (`kSprachISO` ,`kSprachsektion` ,`cName` ,`cWert` ,`cStandard` ,`bSystem`) VALUES ('1', '1', 'uploadFile', 'Datei', 'Datei', '1'), ('2', '1', 'uploadFile', 'File', 'File', '1');
INSERT INTO `tsprachwerte` (`kSprachISO` ,`kSprachsektion` ,`cName` ,`cWert` ,`cStandard` ,`bSystem`) VALUES ('1', '1', 'uploadState', 'Status', 'Status', '1'), ('2', '1', 'uploadState', 'State', 'State', '1');
INSERT INTO `tsprachwerte` (`kSprachISO` ,`kSprachsektion` ,`cName` ,`cWert` ,`cStandard` ,`bSystem`) VALUES ('1', '1', 'uploadPreview', 'Bild', 'Bild', '1'), ('2', '1', 'uploadPreview', 'Image', 'Image', '1');
CREATE TABLE IF NOT EXISTS `tuploaddatei` (  `kUpload` int(10) unsigned NOT NULL auto_increment,  `kCustomID` int(10) unsigned NOT NULL,  `nTyp` tinyint(1) NOT NULL default '0',  `cName` varchar(255) NOT NULL,  `cPfad` varchar(255) NOT NULL,  `nBytes` int(10) unsigned NOT NULL default '0',  `dErstellt` datetime NOT NULL,  PRIMARY KEY  (`kUpload`)) ENGINE=MyISAM  DEFAULT CHARSET=latin1 AUTO_INCREMENT=1 ;
CREATE TABLE IF NOT EXISTS `tuploadqueue` (  `kUploadqueue` int(10) unsigned NOT NULL auto_increment,  `kBestellung` int(10) unsigned NOT NULL default '10',  `kArtikel` int(10) unsigned NOT NULL default '10',  PRIMARY KEY  (`kUploadqueue`)) ENGINE=MyISAM  DEFAULT CHARSET=latin1 AUTO_INCREMENT=1 ;
CREATE TABLE IF NOT EXISTS `tuploadschema` (  `kUploadSchema` int(10) unsigned NOT NULL auto_increment,  `kCustomID` int(10) unsigned NOT NULL,  `nTyp` tinyint(1) NOT NULL default '0',  `cName` varchar(255) NOT NULL,  `cBeschreibung` text NOT NULL,  `cDateiTyp` varchar(255) NOT NULL default '.*',  `nPflicht` tinyint(1) NOT NULL default '0',  PRIMARY KEY  (`kUploadSchema`)) ENGINE=MyISAM  DEFAULT CHARSET=latin1 AUTO_INCREMENT=1 ;
CREATE TABLE `twarengruppe` (`kWarengruppe` INT UNSIGNED NOT NULL ,`cName` VARCHAR( 255 ) NULL ,PRIMARY KEY ( `kWarengruppe` )) ENGINE = MYISAM ;
ALTER TABLE `tartikel` ADD `kWarengruppe` INT UNSIGNED NOT NULL AFTER `kStueckliste`;
UPDATE tland SET cDeutsch = 'Österreich' WHERE cISO = 'AT';
UPDATE tversandart SET eSteuer='brutto';
ALTER TABLE `tdownload` ADD `nSort` INT UNSIGNED NOT NULL AFTER `nTage`;
ALTER TABLE `tartikeldownload` DROP `nSort`;
INSERT INTO `tsprachwerte` (`kSprachISO` ,`kSprachsektion` ,`cName` ,`cWert` ,`cStandard` ,`bSystem`) VALUES ('1', '1', 'downloadPending', 'Warte auf Zahlungseingang', 'Warte auf Zahlungseingang', '1'), ('2', '1', 'downloadPending', 'Waitung for incoming payments', 'Waitung for incoming payments', '1');
DELETE FROM temailvorlagespracheoriginal WHERE kEmailvorlage = 3;
INSERT INTO `temailvorlagespracheoriginal` (`kEmailvorlage`, `kSprache`, `cBetreff`, `cContentHtml`, `cContentText`, `cPDFS`, `cDateiname`) VALUES (3, 1, 'Ihre Bestellung bei #firma.name#', 'Sehr {if $Kunde->cAnrede=="w"}geehrte{else}geehrter{/if} {$Kunde->cAnredeLocalized} {$Kunde->cNachname}{if $Kunde->cFirma|count_characters > 0} {$Kunde->cFirma}{/if},<br><br>\r\n\r\nvielen Dank für Ihre Bestellung bei {$Einstellungen.global.global_shopname}. <br><br>\r\n\r\nIhre Bestellung mit Bestellnummer {$Bestellung->cBestellNr} umfasst folgende Positionen: <br><br>\r\n\r\n{foreach name=pos from=$Bestellung->Positionen item=Position}\r\n                                <table width="600" border="0" cellspacing="0" cellpadding="0" style="padding-top:11px;border-color:#929292;border-width:1px; border-style:dotted;border-top-width:0px;border-right-width:0px;border-left-width:0px;">\r\n                                <tr>\r\n                                        <td valign="top" style="padding-bottom:5px;">\r\n        {if $Position->nPosTyp==1}\r\n                                                <b>{$Position->cName} ({$Position->cArtNr})</b>\r\n        {if $Einstellungen.kaufabwicklung.bestellvorgang_lieferstatus_anzeigen=="Y" && $Position->cLieferstatus}\r\n                            <br><span class="small">Lieferzeit: {$Position->cLieferstatus}</span>\r\n        {/if}<br>\r\n                {foreach name=variationen from=$Position->WarenkorbPosEigenschaftArr item=WKPosEigenschaft}\r\n                                                <br><span class="standard"><b>{$WKPosEigenschaft->cEigenschaftName}</b>: {$WKPosEigenschaft->cEigenschaftWertName}\r\n                                                </span>\r\n                {/foreach}\r\n        {else}\r\n                                                <span class="bluenormal">{$Position->cName}</span>\r\n        {/if}\r\n                                        </td>\r\n                                        <td width="50" style="padding-left:2px;" valign="top">\r\n                                                <span class="standard">{$Position->nAnzahl}</span>\r\n                                        </td>\r\n        {if $Einstellungen.kaufabwicklung.bestellvorgang_einzelpreise_anzeigen=="Y"}\r\n                                       <td width="90" style="padding-left:2px;" align="right" valign="top">\r\n                                          <span class="standard">{$Position->cEinzelpreisLocalized[$NettoPreise]}</span>\r\n                                       </td>\r\n        {/if}\r\n                                        <td width="90" style="padding-left:2px;" align="right" valign="top">\r\n                                                <span class="standard">{$Position->cGesamtpreisLocalized[$NettoPreise]}</span>\r\n                                        </td>\r\n                                </tr>\r\n                                </table>\r\n{/foreach}\r\n                                <table width="600" border="0" cellspacing="0" cellpadding="0" style="padding-top:11px;border-color:#929292;border-width:1px; border-style:dotted;border-top-width:0px;border-right-width:0px;border-left-width:0px;">\r\n{if $Einstellungen.global.global_steuerpos_anzeigen!="N"}\r\n{foreach name=steuerpositionen from=$Bestellung->Steuerpositionen item=Steuerposition}\r\n                                <tr>\r\n                                        <td valign="top" align="right" style="padding-bottom:5px;padding-top:4px;padding-right:8px;">\r\n                                                <span class="standard">{$Steuerposition->cName}:</span></a>\r\n                                        </td>\r\n                                        <td width="90"  style="padding-bottom:5px;padding-top:4px;padding-right:8px;" align="right" valign="top">\r\n                                                <span class="standard">{$Steuerposition->cPreisLocalized}</span>\r\n                                        </td>\r\n                                </tr>\r\n{/foreach}\r\n{/if}\r\n{if $Bestellung->GuthabenNutzen==1}\r\n                                <tr>\r\n                                        <td valign="top" align="right" style="padding-bottom:5px;padding-top:11px;">\r\n                                                <span class="standard"><b>Gutschein:</b></span></a>\r\n                                        </td>\r\n                                        <td width="90" style="padding-bottom:5px;padding-top:11px;" align="right" valign="top">\r\n                                                <span class="standard"><b>-{$Bestellung->GutscheinLocalized}</b></span>\r\n                                        </td>\r\n                                </tr>\r\n{/if}\r\n                                <tr>\r\n                                        <td valign="top" align="right"  style="padding-bottom:5px;padding-top:4px;padding-right:8px;font-size: 18px;">\r\n                                                <span class="standard"><b>Gesamtsumme:</b></span></a>\r\n                                        </td>\r\n                                        <td width="90" style="padding-bottom:5px;padding-top:4px;padding-right:8px; font-size: 18px;" align="right" valign="top">\r\n                                                <span class="standard"><b>{$Bestellung->WarensummeLocalized[0]}</b></span>\r\n                                        </td>\r\n                                </tr>\r\n                                </table><br><br>\r\n\r\nIhre Rechnungsadresse:<br>\r\n{$Kunde->cAnredeLocalized} {$Kunde->cVorname} {$Kunde->cNachname}<br>\r\n{if $Kunde->cFirma|count_characters > 0}{$Kunde->cFirma}<br>{/if}\r\n{$Kunde->cStrasse}<br>\r\n{if $Kunde->cAdressZusatz}{$Kunde->cAdressZusatz}<br>\r\n{/if}{$Kunde->cPLZ} {$Kunde->cOrt}<br>\r\n{if $Kunde->cBundesland}{$Kunde->cBundesland}<br>\r\n{/if}{$Kunde->cLand}<br>\r\n{if $Kunde->cTel}Tel: {$Kunde->cTel}<br>\r\n{/if}{if $Kunde->cMobil}Mobil: {$Kunde->cMobil}<br>\r\n{/if}{if $Kunde->cFax}Fax: {$Kunde->cFax}<br>\r\n{/if}<br>\r\nEmail: {$Kunde->cMail}<br>\r\n{if $Kunde->cUSTID}UstID: {$Kunde->cUSTID}<br>\r\n{/if}\r\n<br><br>\r\n\r\n{if $Bestellung->Lieferadresse->kLieferadresse>0} \r\nIhre Lieferadresse: <br><br>\r\n{$Bestellung->Lieferadresse->cAnrede} {$Bestellung->Lieferadresse->cVorname} {$Bestellung->Lieferadresse->cNachname}<br>\r\n{if $Bestellung->Lieferadresse->cFirma|count_characters > 0}{$Bestellung->Lieferadresse->cFirma}<br>{/if}\r\n{$Bestellung->Lieferadresse->cStrasse}<br>\r\n{if $Bestellung->Lieferadresse->cAdressZusatz}{$Bestellung->Lieferadresse->cAdressZusatz}<br>\r\n{/if}{$Bestellung->Lieferadresse->cPLZ} {$Bestellung->Lieferadresse->cOrt}<br>\r\n{if $Bestellung->Lieferadresse->cBundesland}{$Bestellung->Lieferadresse->cBundesland}<br>\r\n{/if}{$Bestellung->Lieferadresse->cLand}<br>\r\n{if $Bestellung->Lieferadresse->cTel}Tel: {$Bestellung->Lieferadresse->cTel}<br>\r\n{/if}{if $Bestellung->Lieferadresse->cMobil}Mobil: {$Bestellung->Lieferadresse->cMobil}<br>\r\n{/if}{if $Bestellung->Lieferadresse->cFax}Fax: {$Bestellung->Lieferadresse->cFax}<br>\r\n{/if}{if $Bestellung->Lieferadresse->cMail}Email: {$Bestellung->Lieferadresse->cMail}<br>\r\n{/if}<br>\r\n{else} \r\nLieferadresse ist gleich Rechnungsadresse. \r\n{/if}\r\n\r\n<br><br>\r\nSie haben folgende Zahlungsart gewählt: {$Bestellung->cZahlungsartName}<br><br>\r\n\r\n{if isset($Zahlungsart->cHinweisText) && $Zahlungsart->cHinweisText|count_characters > 0}\r\n  {$Zahlungsart->cHinweisText}<br><br>\r\n{/if}\r\n\r\n{if $Bestellung->Zahlungsart->cModulId=="za_rechnung_jtl"}\r\n{elseif $Bestellung->Zahlungsart->cModulId=="za_lastschrift_jtl"}\r\nWir belasten in Kürze folgendes Bankkonto um die fällige Summe:<br><br>\r\n\r\nKontoinhaber: {$Bestellung->Zahlungsinfo->cInhaber}<br>\r\nKontoNr: {$Bestellung->Zahlungsinfo->cKontoNr}<br>\r\nBLZ: {$Bestellung->Zahlungsinfo->cBLZ}<br>\r\nBank: {$Bestellung->Zahlungsinfo->cBankName}<br><br>\r\n\r\n{elseif $Bestellung->Zahlungsart->cModulId=="za_barzahlung_jtl"}\r\n{elseif $Bestellung->Zahlungsart->cModulId=="za_paypal_jtl"}\r\nFalls Sie Ihre Zahlung per PayPal noch nicht durchgeführt haben, nutzen Sie folgende Emailadresse als Empfänger: {$Einstellungen.zahlungsarten.zahlungsart_paypal_empfaengermail}\r\n{elseif $Bestellung->Zahlungsart->cModulId=="za_moneybookers_jtl"}\r\n{/if}\r\n{if $Bestellung->Zahlungsart->cModulId!="za_nachnahme_jtl" && $Bestellung->Zahlungsart->cModulId!="za_barzahlung_jtl"}\r\nDie Bestellung wird direkt nach Zahlungseingang versandt. <br>\r\n{/if}\r\n\r\nÜber den weiteren Verlauf Ihrer Bestellung werden wir Sie jeweils gesondert informieren. <br><br>\r\n\r\n{if $oTrustedShopsBewertenButton->cURL|count_characters > 0}\r\nWaren Sie mit Ihrer Bestellung zufrieden? Dann würden wir uns über eine Empfehlung freuen ... es dauert auch nur eine Minute.<br>\r\n<a href="{$oTrustedShopsBewertenButton->cURL}"><img src="{$oTrustedShopsBewertenButton->cPicURL}" alt="Bewerten Sie uns!"></a><br><br>\r\n{/if}\r\n\r\nMit freundlichem Gruß <br><br>\r\n\r\nIhr Team von {$Firma->cName}', 'Sehr {if $Kunde->cAnrede=="w"}geehrte{else}geehrter{/if} {$Kunde->cAnredeLocalized} {$Kunde->cNachname}{if $Kunde->cFirma|count_characters > 0} {$Kunde->cFirma}{/if},\r\n\r\nvielen Dank für Ihre Bestellung bei {$Einstellungen.global.global_shopname}.\r\n\r\nIhre Bestellung mit Bestellnummer {$Bestellung->cBestellNr} umfasst folgende Positionen: \r\n\r\n{foreach name=pos from=$Bestellung->Positionen item=Position}\r\n\r\n{if $Position->nPosTyp==1}\r\n{$Position->nAnzahl}x {$Position->cName} - {$Position->cGesamtpreisLocalized[$NettoPreise]}{if $Einstellungen.kaufabwicklung.bestellvorgang_lieferstatus_anzeigen=="Y" && $Position->cLieferstatus}\r\n\r\nLieferzeit: {$Position->cLieferstatus}{/if}\r\n{foreach name=variationen from=$Position->WarenkorbPosEigenschaftArr item=WKPosEigenschaft}\r\n\r\n{$WKPosEigenschaft->cEigenschaftName}: {$WKPosEigenschaft->cEigenschaftWertName}{/foreach}\r\n{else}\r\n{$Position->nAnzahl}x {$Position->cName} - {$Position->cGesamtpreisLocalized[$NettoPreise]}{/if}\r\n{/foreach}\r\n\r\n{if $Einstellungen.global.global_steuerpos_anzeigen!="N"}{foreach name=steuerpositionen from=$Bestellung->Steuerpositionen item=Steuerposition}\r\n{$Steuerposition->cName}: {$Steuerposition->cPreisLocalized}\r\n{/foreach}{/if}\r\n{if $Bestellung->GuthabenNutzen==1}\r\nGutschein: -{$Bestellung->GutscheinLocalized}\r\n{/if}\r\n\r\nGesamtsumme: {$Bestellung->WarensummeLocalized[0]}\r\n\r\n\r\nIhre Rechnungsadresse:\r\n\r\n{$Kunde->cAnredeLocalized} {$Kunde->cVorname} {$Kunde->cNachname}\r\n{if $Kunde->cFirma|count_characters > 0}{$Kunde->cFirma}{/if}\r\n{$Kunde->cStrasse}\r\n{if $Kunde->cAdressZusatz}{$Kunde->cAdressZusatz}\r\n{/if}{$Kunde->cPLZ} {$Kunde->cOrt}\r\n{if $Kunde->cBundesland}{$Kunde->cBundesland}\r\n{/if}{$Kunde->cLand}\r\n{if $Kunde->cTel}Tel: {$Kunde->cTel}\r\n{/if}{if $Kunde->cMobil}Mobil: {$Kunde->cMobil}\r\n{/if}{if $Kunde->cFax}Fax: {$Kunde->cFax}\r\n{/if}\r\nEmail: {$Kunde->cMail}\r\n{if $Kunde->cUSTID}UstID: {$Kunde->cUSTID}\r\n{/if}\r\n\r\n{if $Bestellung->Lieferadresse->kLieferadresse>0} \r\nIhre Lieferadresse: \r\n\r\n{$Bestellung->Lieferadresse->cAnrede} {$Bestellung->Lieferadresse->cVorname} {$Bestellung->Lieferadresse->cNachname}\r\n{if $Bestellung->Lieferadresse->cFirma|count_characters > 0}{$Bestellung->Lieferadresse->cFirma}{/if}\r\n{$Bestellung->Lieferadresse->cStrasse}\r\n{if $Bestellung->Lieferadresse->cAdressZusatz}{$Bestellung->Lieferadresse->cAdressZusatz}\r\n{/if}{$Bestellung->Lieferadresse->cPLZ} {$Bestellung->Lieferadresse->cOrt}\r\n{if $Bestellung->Lieferadresse->cBundesland}{$Bestellung->Lieferadresse->cBundesland}\r\n{/if}{$Bestellung->Lieferadresse->cLand}\r\n{if $Bestellung->Lieferadresse->cTel}Tel: {$Bestellung->Lieferadresse->cTel}\r\n{/if}{if $Bestellung->Lieferadresse->cMobil}Mobil: {$Bestellung->Lieferadresse->cMobil}\r\n{/if}{if $Bestellung->Lieferadresse->cFax}Fax: {$Bestellung->Lieferadresse->cFax}\r\n{/if}{if $Bestellung->Lieferadresse->cMail}Email: {$Bestellung->Lieferadresse->cMail}\r\n{/if}\r\n{else} \r\nLieferadresse ist gleich Rechnungsadresse. \r\n{/if}\r\n\r\nSie haben folgende Zahlungsart gewählt: {$Bestellung->cZahlungsartName}\r\n\r\n{if isset($Zahlungsart->cHinweisText) && $Zahlungsart->cHinweisText|count_characters > 0}  {$Zahlungsart->cHinweisText}\r\n\r\n\r\n{/if}\r\n\r\n{if $Bestellung->Zahlungsart->cModulId=="za_rechnung_jtl"}\r\n{elseif $Bestellung->Zahlungsart->cModulId=="za_lastschrift_jtl"}\r\nWir belasten in Kürze folgendes Bankkonto um die fällige Summe:\r\n\r\nKontoinhaber: {$Bestellung->Zahlungsinfo->cInhaber}\r\nKontoNr: {$Bestellung->Zahlungsinfo->cKontoNr}\r\nBLZ: {$Bestellung->Zahlungsinfo->cBLZ}\r\nBank: {$Bestellung->Zahlungsinfo->cBankName}\r\n\r\n{elseif $Bestellung->Zahlungsart->cModulId=="za_barzahlung_jtl"}\r\n{elseif $Bestellung->Zahlungsart->cModulId=="za_paypal_jtl"}\r\nFalls Sie Ihre Zahlung per PayPal noch nicht durchgeführt haben, nutzen Sie folgende Emailadresse als Empfänger: {$Einstellungen.zahlungsarten.zahlungsart_paypal_empfaengermail}\r\n{elseif $Bestellung->Zahlungsart->cModulId=="za_moneybookers_jtl"}\r\n{/if}\r\n{if $Bestellung->Zahlungsart->cModulId!="za_nachnahme_jtl" && $Bestellung->Zahlungsart->cModulId!="za_barzahlung_jtl"}\r\nDie Bestellung wird direkt nach Zahlungseingang versandt. {/if}\r\n\r\nÜber den weiteren Verlauf Ihrer Bestellung werden wir Sie jeweils gesondert informieren.\r\n\r\n{if $oTrustedShopsBewertenButton->cURL|count_characters > 0}\r\nWaren Sie mit Ihrer Bestellung zufrieden? Dann würden wir uns über eine Empfehlung freuen ... es dauert auch nur eine Minute.\r\n{$oTrustedShopsBewertenButton->cURL}\r\n{/if} \r\n\r\nMit freundlichem Gruß \r\n\r\nIhr Team von {$Firma->cName}', '', ''), (3, 2, 'Your order #bestellung.bestellnr# at #firma.name#', 'Dear {$Kunde->cVorname} {$Kunde->cNachname}{if $Kunde->cFirma|count_characters > 0} {$Kunde->cFirma}{/if}, <br><br>\r\n\r\nThank you for order at {$Einstellungen.global.global_shopname}. <br><br>\r\n\r\nYour order with the order number {$Bestellung->cBestellNr} consists of the following items: <br><br>\r\n\r\n{foreach name=pos from=$Bestellung->Positionen item=Position}\r\n                                <table width="600" border="0" cellspacing="0" cellpadding="0" style="padding-top:11px;border-color:#929292;border-width:1px; border-style:dotted;border-top-width:0px;border-right-width:0px;border-left-width:0px;">\r\n                                <tr>\r\n                                        <td valign="top" style="padding-bottom:5px;">\r\n        {if $Position->nPosTyp==1}\r\n                                                <b>{$Position->cName}</b>        {if $Einstellungen.kaufabwicklung.bestellvorgang_lieferstatus_anzeigen=="Y" && $Position->cLieferstatus}\r\n                            <br><span class="small">Shipping time: {$Position->cLieferstatus}</span>\r\n        {/if}<br>\r\n                {foreach name=variationen from=$Position->WarenkorbPosEigenschaftArr item=WKPosEigenschaft}\r\n                                                <br><span class="standard"><b>{$WKPosEigenschaft->cEigenschaftName}</b>: {$WKPosEigenschaft->cEigenschaftWertName}\r\n                                                </span>\r\n                {/foreach}\r\n        {else}\r\n                                                <span class="bluenormal">{$Position->cName}</span>\r\n        {/if}\r\n                                        </td>\r\n                                        <td width="50" style="padding-left:2px;" valign="top">\r\n                                                <span class="standard">{$Position->nAnzahl}</span>\r\n                                        </td>\r\n        {if $Einstellungen.kaufabwicklung.bestellvorgang_einzelpreise_anzeigen=="Y"}\r\n                                       <td width="90" style="padding-left:2px;" align="right" valign="top">\r\n                                          <span class="standard">{$Position->cEinzelpreisLocalized[$NettoPreise]}</span>\r\n                                       </td>\r\n        {/if}\r\n                                        <td width="90" style="padding-left:2px;" align="right" valign="top">\r\n                                                <span class="standard">{$Position->cGesamtpreisLocalized[$NettoPreise]}</span>\r\n                                        </td>\r\n                                </tr>\r\n                                </table>\r\n{/foreach}\r\n                                <table width="600" border="0" cellspacing="0" cellpadding="0" style="padding-top:11px;border-color:#929292;border-width:1px; border-style:dotted;border-top-width:0px;border-right-width:0px;border-left-width:0px;">\r\n{if $Einstellungen.global.global_steuerpos_anzeigen!="N"}\r\n{foreach name=steuerpositionen from=$Bestellung->Steuerpositionen item=Steuerposition}\r\n                                <tr>\r\n                                        <td valign="top" align="right" style="padding-bottom:5px;padding-top:4px;padding-right:8px;">\r\n                                                <span class="standard">{$Steuerposition->cName}:</span></a>\r\n                                        </td>\r\n                                        <td width="90"  style="padding-bottom:5px;padding-top:4px;padding-right:8px;" align="right" valign="top">\r\n                                                <span class="standard">{$Steuerposition->cPreisLocalized}</span>\r\n                                        </td>\r\n                                </tr>\r\n{/foreach}\r\n{/if}\r\n{if $Bestellung->GuthabenNutzen==1}\r\n                                <tr>\r\n                                        <td valign="top" align="right" style="padding-bottom:5px;padding-top:11px;">\r\n                                                <span class="standard"><b>Gutschein:</b></span></a>\r\n                                        </td>\r\n                                        <td width="90" style="padding-bottom:5px;padding-top:11px;" align="right" valign="top">\r\n                                                <span class="standard"><b>-{$Bestellung->GutscheinLocalized}</b></span>\r\n                                        </td>\r\n                                </tr>\r\n{/if}\r\n                                <tr>\r\n                                        <td valign="top" align="right"  style="padding-bottom:5px;padding-top:4px;padding-right:8px;font-size: 18px;">\r\n                                                <span class="standard"><b>Gesamtsumme:</b></span></a>\r\n                                        </td>\r\n                                        <td width="90" style="padding-bottom:5px;padding-top:4px;padding-right:8px; font-size: 18px;" align="right" valign="top">\r\n                                                <span class="standard"><b>{$Bestellung->WarensummeLocalized[0]}</b></span>\r\n                                        </td>\r\n                                </tr>\r\n                                </table><br><br>\r\nYour billing adress:<br>\r\n{$Kunde->cAnredeLocalized} {$Kunde->cVorname} {$Kunde->cNachname}<br>\r\n{if $Kunde->cFirma|count_characters > 0}{$Kunde->cFirma}<br>{/if}\r\n{$Kunde->cStrasse}<br>\r\n{if $Kunde->cAdressZusatz}{$Kunde->cAdressZusatz}<br>\r\n{/if}{$Kunde->cPLZ} {$Kunde->cOrt}<br>\r\n{if $Kunde->cBundesland}{$Kunde->cBundesland}<br>\r\n{/if}{$Kunde->cLand}<br>\r\n{if $Kunde->cTel}Tel: {$Kunde->cTel}<br>\r\n{/if}{if $Kunde->cMobil}Mobil: {$Kunde->cMobil}<br>\r\n{/if}{if $Kunde->cFax}Fax: {$Kunde->cFax}<br>\r\n{/if}<br>\r\nEmail: {$Kunde->cMail}<br>\r\n{if $Kunde->cUSTID}UstID: {$Kunde->cUSTID}<br>\r\n{/if}\r\n<br><br>\r\n\r\n{if $Bestellung->Lieferadresse->kLieferadresse>0} \r\nYour shipping adress: <br><br>\r\n{$Bestellung->Lieferadresse->cAnrede} {$Bestellung->Lieferadresse->cVorname} {$Bestellung->Lieferadresse->cNachname}<br>\r\n{if $Bestellung->Lieferadresse->cFirma|count_characters > 0}{$Bestellung->Lieferadresse->cFirma}<br>{/if}\r\n{$Bestellung->Lieferadresse->cStrasse}<br>\r\n{if $Bestellung->Lieferadresse->cAdressZusatz}{$Bestellung->Lieferadresse->cAdressZusatz}<br>\r\n{/if}{$Bestellung->Lieferadresse->cPLZ} {$Bestellung->Lieferadresse->cOrt}<br>\r\n{if $Bestellung->Lieferadresse->cBundesland}{$Bestellung->Lieferadresse->cBundesland}<br>\r\n{/if}{$Bestellung->Lieferadresse->cLand}<br>\r\n{if $Bestellung->Lieferadresse->cTel}Tel: {$Bestellung->Lieferadresse->cTel}<br>\r\n{/if}{if $Bestellung->Lieferadresse->cMobil}Mobil: {$Bestellung->Lieferadresse->cMobil}<br>\r\n{/if}{if $Bestellung->Lieferadresse->cFax}Fax: {$Bestellung->Lieferadresse->cFax}<br>\r\n{/if}{if $Bestellung->Lieferadresse->cMail}Email: {$Bestellung->Lieferadresse->cMail}<br>\r\n{/if}<br>\r\n{/if}\r\n\r\n<br><br>\r\nYou have chosen the following shipping option: {$Bestellung->cZahlungsartName}<br><br>\r\n\r\n{if $Bestellung->Zahlungsart->cModulId=="za_ueberweisung_jtl"}\r\nPlease make the following banktransfer:<br>\r\n    <table width="400" cellpadding="0" cellspacing="0">\r\n        <tr><td>Account owner:</td><td>{$Firma->cKontoinhaber}</td></tr>\r\n        <tr><td>bank:</td><td>{$Firma->cBank}</td></tr>\r\n        <tr><td>account No.:</td><td>{$Firma->cKontoNr}</td></tr>\r\n        <tr><td>BLZ:</td><td>{$Firma->cBLZ}</td></tr>\r\n        <tr><td> </td><td></td></tr>\r\n        <tr><td><strong>Purpose</strong>:</td><td><strong>{$Bestellung->cBestellNr}</strong></td></tr>\r\n        <tr><td><strong>Total sum</strong>:</td><td><strong>{$Bestellung->WarensummeLocalized[0]}</strong></td></tr>\r\n        <tr><td> </td><td></td></tr>\r\n        <tr><td colspan="2"><strong>For international banktransfers:</strong></td></tr>\r\n        <tr><td>BIC:</td><td>{$Firma->cBIC}</td></tr>\r\n        <tr><td>IBAN:</td><td>{$Firma->cIBAN}</td></tr>\r\n    </table><br>\r\n{elseif $Bestellung->Zahlungsart->cModulId=="za_nachnahme_jtl"}\r\n{elseif $Bestellung->Zahlungsart->cModulId=="za_kreditkarte_jtl"}\r\n{elseif $Bestellung->Zahlungsart->cModulId=="za_rechnung_jtl"}\r\n{elseif $Bestellung->Zahlungsart->cModulId=="za_lastschrift_jtl"}\r\n{elseif $Bestellung->Zahlungsart->cModulId=="za_barzahlung_jtl"}\r\n{elseif $Bestellung->Zahlungsart->cModulId=="za_paypal_jtl"}\r\n{elseif $Bestellung->Zahlungsart->cModulId=="za_moneybookers_jtl"}\r\n{/if}\r\n\r\nYour order will be shipped on receipt of payment. If you have chosen cash on delivery, you will of course only pay on receipt of your goods. <br><br>\r\n\r\nYou will be notified about the following status of your order separately. <br><br>\r\n\r\nYours sincerely, <br><br>\r\n\r\n{$Firma->cName}', 'Dear {$Kunde->cVorname} {$Kunde->cNachname}{if $Kunde->cFirma|count_characters > 0} {$Kunde->cFirma}{/if}, \r\n\r\nThank you for order at {$Einstellungen.global.global_shopname}. \r\n\r\nYour order with the order number {$Bestellung->cBestellNr} consists of the following items: \r\n\r\n{foreach name=pos from=$Bestellung->Positionen item=Position}\r\n\r\n{if $Position->nPosTyp==1}\r\n{$Position->nAnzahl}x {$Position->cName} - {$Position->cGesamtpreisLocalized[$NettoPreise]}{if $Einstellungen.kaufabwicklung.bestellvorgang_lieferstatus_anzeigen=="Y" && $Position->cLieferstatus}\r\n\r\nShipping time: {$Position->cLieferstatus}{/if}\r\n{foreach name=variationen from=$Position->WarenkorbPosEigenschaftArr item=WKPosEigenschaft}\r\n\r\n{$WKPosEigenschaft->cEigenschaftName}: {$WKPosEigenschaft->cEigenschaftWertName}{/foreach}\r\n{else}\r\n{$Position->nAnzahl}x {$Position->cName} - {$Position->cGesamtpreisLocalized[$NettoPreise]}{/if}\r\n{/foreach}\r\n\r\n{if $Einstellungen.global.global_steuerpos_anzeigen!="N"}{foreach name=steuerpositionen from=$Bestellung->Steuerpositionen item=Steuerposition}\r\n{$Steuerposition->cName}: {$Steuerposition->cPreisLocalized}\r\n{/foreach}{/if}\r\n{if $Bestellung->GuthabenNutzen==1}\r\nVoucher: -{$Bestellung->GutscheinLocalized}\r\n{/if}\r\n\r\nTotal: {$Bestellung->WarensummeLocalized[0]}\r\n\r\nYour billing adress:\r\n\r\n{$Kunde->cAnredeLocalized} {$Kunde->cVorname} {$Kunde->cNachname}\r\n{if $Kunde->cFirma|count_characters > 0}{$Kunde->cFirma}{/if}\r\n{$Kunde->cStrasse}\r\n{if $Kunde->cAdressZusatz}{$Kunde->cAdressZusatz}\r\n{/if}{$Kunde->cPLZ} {$Kunde->cOrt}\r\n{if $Kunde->cBundesland}{$Kunde->cBundesland}\r\n{/if}{$Kunde->cLand}\r\n{if $Kunde->cTel}Tel: {$Kunde->cTel}\r\n{/if}{if $Kunde->cMobil}Mobil: {$Kunde->cMobil}\r\n{/if}{if $Kunde->cFax}Fax: {$Kunde->cFax}\r\n{/if}\r\nEmail: {$Kunde->cMail}\r\n{if $Kunde->cUSTID}UstID: {$Kunde->cUSTID}\r\n{/if}\r\n\r\n{if $Bestellung->Lieferadresse->kLieferadresse>0} \r\nYour shipping adress: \r\n\r\n{$Bestellung->Lieferadresse->cAnrede} {$Bestellung->Lieferadresse->cVorname} {$Bestellung->Lieferadresse->cNachname}\r\n{if $Bestellung->Lieferadresse->cFirma|count_characters > 0}{$Bestellung->Lieferadresse->cFirma}{/if}\r\n{$Bestellung->Lieferadresse->cStrasse}\r\n{if $Bestellung->Lieferadresse->cAdressZusatz}{$Bestellung->Lieferadresse->cAdressZusatz}\r\n{/if}{$Bestellung->Lieferadresse->cPLZ} {$Bestellung->Lieferadresse->cOrt}\r\n{if $Bestellung->Lieferadresse->cBundesland}{$Bestellung->Lieferadresse->cBundesland}\r\n{/if}{$Bestellung->Lieferadresse->cLand}\r\n{if $Bestellung->Lieferadresse->cTel}Tel: {$Bestellung->Lieferadresse->cTel}\r\n{/if}{if $Bestellung->Lieferadresse->cMobil}Mobil: {$Bestellung->Lieferadresse->cMobil}\r\n{/if}{if $Bestellung->Lieferadresse->cFax}Fax: {$Bestellung->Lieferadresse->cFax}\r\n{/if}{if $Bestellung->Lieferadresse->cMail}Email: {$Bestellung->Lieferadresse->cMail}\r\n{/if}\r\n{/if}\r\n\r\nYou have chosen the following shipping option: {$Bestellung->cZahlungsartName}\r\n\r\n{if $Bestellung->Zahlungsart->cModulId=="za_ueberweisung_jtl"}\r\nPlease make the following banktransfer:\r\nAccount owner:{$Firma->cKontoinhaber}\r\nbank:{$Firma->cBank}\r\naccount No.:{$Firma->cKontoNr}\r\nBLZ:{$Firma->cBLZ}\r\n\r\nPurpose:{$Bestellung->cBestellNr}\r\nTotal sum:{$Bestellung->WarensummeLocalized[0]}\r\n\r\nFor international banktransfers:\r\nBIC:{$Firma->cBIC}\r\nIBAN:{$Firma->cIBAN}\r\n{elseif $Bestellung->Zahlungsart->cModulId=="za_nachnahme_jtl"}\r\n{elseif $Bestellung->Zahlungsart->cModulId=="za_kreditkarte_jtl"}\r\n{elseif $Bestellung->Zahlungsart->cModulId=="za_rechnung_jtl"}\r\n{elseif $Bestellung->Zahlungsart->cModulId=="za_lastschrift_jtl"}\r\n{elseif $Bestellung->Zahlungsart->cModulId=="za_barzahlung_jtl"}\r\n{elseif $Bestellung->Zahlungsart->cModulId=="za_paypal_jtl"}\r\n{elseif $Bestellung->Zahlungsart->cModulId=="za_moneybookers_jtl"}\r\n{/if}\r\n\r\nYour order will be shipped on receipt of payment. If you have chosen cash on delivery, you will of course only pay on receipt of your goods. \r\n\r\nYou will be notified about the following status of your order separately. \r\n\r\nYours sincerely, \r\n\r\n{$Firma->cName}', '', '');
INSERT INTO `tsprachwerte` (`kSprachISO` ,`kSprachsektion` ,`cName` ,`cWert` ,`cStandard` ,`bSystem`) VALUES ('1', '1', 'maxUploadSize', 'Die maximale Dateigröße pro Datei beträgt', 'Die maximale Dateigröße pro Datei beträgt', '1'), ('2', '1', 'maxUploadSize', 'Max. upload size per file is', 'Max. upload size per file is', '1');
INSERT INTO `tsprachwerte` (`kSprachISO` ,`kSprachsektion` ,`cName` ,`cWert` ,`cStandard` ,`bSystem`) VALUES ('1', '1', 'selectUpdateFile', 'Bitte Datei auswählen', 'Bitte Datei auswählen', '1'), ('2', '1', 'selectUpdateFile', 'Please choose', 'Please choose', '1');
INSERT INTO `tsprachwerte` (`kSprachISO` ,`kSprachsektion` ,`cName` ,`cWert` ,`cStandard` ,`bSystem`) VALUES ('1', '1', 'uploadHeadline', 'Dateien hochladen', 'Dateien hochladen', '1'), ('2', '1', 'uploadHeadline', 'Upload files', 'Upload files', '1');
INSERT INTO `tsprachwerte` (`kSprachISO` ,`kSprachsektion` ,`cName` ,`cWert` ,`cStandard` ,`bSystem`) VALUES ('1', '1', 'uploadBrowser', 'Durchsuchen', 'Durchsuchen', '1'), ('2', '1', 'uploadBrowser', 'Browse', 'Browse', '1');
INSERT INTO `tsprachwerte` (`kSprachISO` ,`kSprachsektion` ,`cName` ,`cWert` ,`cStandard` ,`bSystem`) VALUES ('1', '1', 'uploadError', 'Fehler beim Upload. Bitte erneut versuchen', 'Fehler beim Upload. Bitte erneut versuchen', '1'), ('2', '1', 'uploadError', 'Upload error. Please try again', 'Upload error. Please try again', '1');
INSERT INTO `tsprachwerte` (`kSprachISO` ,`kSprachsektion` ,`cName` ,`cWert` ,`cStandard` ,`bSystem`) VALUES ('1', '1', 'uploadCanceled', 'Datei-Upload wurde abgebrochen', 'Datei-Upload wurde abgebrochen', '1'), ('2', '1', 'uploadCanceled', 'Upload canceled', 'Upload canceled', '1');
INSERT INTO `tsprachwerte` (`kSprachISO` ,`kSprachsektion` ,`cName` ,`cWert` ,`cStandard` ,`bSystem`) VALUES ('1', '1', 'uploadEmptyFile', 'Die ausgewählte Datei ist leer', 'Die ausgewählte Datei ist leer', '1'), ('2', '1', 'uploadEmptyFile', 'Selected file is empty', 'Selected file is empty', '1');
INSERT INTO `tsprachwerte` (`kSprachISO` ,`kSprachsektion` ,`cName` ,`cWert` ,`cStandard` ,`bSystem`) VALUES ('1', '1', 'uploadInvalidFormat', 'Die Datei entspricht nicht dem geforderte Format', 'Die Datei entspricht nicht dem geforderte Format', '1'), ('2', '1', 'uploadInvalidFormat', 'File doesnt match the required format', 'File doesnt match the required format', '1');
UPDATE `tzahlungsart` SET `nWaehrendBestellung` = '0' WHERE `tzahlungsart`.`cModulId` = 'za_clickandbuy_jtl';
INSERT INTO  `teinstellungenconf` (`kEinstellungenConf` ,`kEinstellungenSektion` ,`cName` ,`cBeschreibung` ,`cWertName` ,`cInputTyp` ,`cModulId` ,`nSort` ,`nStandardAnzeigen` ,`nModul` ,`cConf`) VALUES (1485 ,  '9',  'Bilder hochskalieren?',  'Zu kleine Bilder werden automatisch hochskaliert',  'bilder_skalieren',  'selectbox', NULL ,  '580',  '1',  '0',  'Y');
INSERT INTO  `teinstellungenconfwerte` (`kEinstellungenConf` ,`cName` ,`cWert` ,`nSort`)VALUES ('1485',  'Ja',  'Y',  '0');
INSERT INTO  `teinstellungenconfwerte` (`kEinstellungenConf` ,`cName` ,`cWert` ,`nSort`)VALUES ('1485',  'Nein',  'N',  '1');
INSERT INTO  `teinstellungen` (`kEinstellungenSektion` ,`cName` ,`cWert` ,`cModulId`)VALUES ('9',  'bilder_skalieren',  'N', NULL);