UPDATE `tsprachwerte` SET  `cStandard` =  'The estimated shipping costs can only be used if the basket is not empty.' WHERE  `tsprachwerte`.`kSprachISO` =2 AND  `tsprachwerte`.`kSprachsektion` =1 AND  `tsprachwerte`.`cName` =  'estimateShippingCostsNote';
UPDATE `tsprachwerte` SET  `cWert` =  'The estimated shipping costs can only be used if the basket is not empty.' WHERE  `tsprachwerte`.`kSprachISO` =2 AND  `tsprachwerte`.`kSprachsektion` =1 AND  `tsprachwerte`.`cName` =  'estimateShippingCostsNote' AND `cWert`='The estimated shipping costs can only be used if the basked is not empty.';
INSERT INTO `tlastjob` (`kJob` ,`dErstellt`) VALUES ('4',  '0000-00-00 00:00:00');
INSERT INTO `teinstellungenconf` (`kEinstellungenConf`, `kEinstellungenSektion`, `cName`, `cBeschreibung`, `cWertName`, `cInputTyp`, `cModulId`, `nSort`, `nStandardAnzeigen`, `nModul`, `cConf`) VALUES ('1522', '1', 'Automatische Shop Bereinigung (GarbageCollector)', 'Sollen Einträge in stark wachsende Tabellen nach einer bestimmten Anzahl Tage gelöscht werden?', 'garbagecollector_wawiabgleich', 'selectbox', '', '695', '1', '0', 'Y');
INSERT INTO `teinstellungenconfwerte` (`kEinstellungenConf`, `cName`, `cWert`, `nSort`) VALUES ('1522', 'Ja', 'Y', '1'), ('1522', 'Nein', 'N', '2');
INSERT INTO `teinstellungen` (`kEinstellungenSektion`, `cName`, `cWert`, `cModulId`) VALUES ('1', 'garbagecollector_wawiabgleich', 'Y', '');
ALTER TABLE `tcheckboxlogging` ADD INDEX (  `dErstellt` );
ALTER TABLE `texportformatqueuebearbeitet` ADD INDEX (  `dZuletztGelaufen` );
ALTER TABLE `tkampagnevorgang` ADD INDEX (  `dErstellt` );
ALTER TABLE `tredirectreferer` ADD INDEX (  `dDate` );
ALTER TABLE `tsitemapreport` ADD INDEX (  `dErstellt` );
ALTER TABLE `tsuchanfrage` ADD INDEX (  `dZuletztGesucht` );
ALTER TABLE `tverfuegbarkeitsbenachrichtigung` ADD INDEX (  `dBenachrichtigtAm` );
CREATE TABLE `temailhistory` (`kEmailhistory` INT UNSIGNED NOT NULL AUTO_INCREMENT PRIMARY KEY ,`kEmailvorlage` INT UNSIGNED NOT NULL , `cSubject` VARCHAR( 255 ) NULL, `cFromName` VARCHAR( 255 ) NULL ,`cFromEmail` VARCHAR( 255 ) NOT NULL ,`cToName` VARCHAR( 255 ) NULL ,`cToEmail` VARCHAR( 255 ) NOT NULL ,`dSent` DATETIME NOT NULL ,INDEX (  `kEmailvorlage` )) ENGINE = MYISAM CHARACTER SET latin1 COLLATE latin1_swedish_ci;
ALTER TABLE `temailhistory` ADD INDEX (  `dSent` );
INSERT INTO `tadminrecht` (`cRecht` ,`cBeschreibung` ,`kAdminrechtemodul`)VALUES ('EMAILHISTORY_VIEW',  'Emailhistory',  '1');
INSERT INTO `tadminmenu` (`kAdminmenu` ,`kAdminmenueGruppe` ,`cModulId` ,`cLinkname` ,`cURL` ,`cRecht` ,`nSort`)VALUES (NULL ,  '1',  'core_jtl',  'E-Mail Logbuch',  'emailhistory.php',  'EMAILHISTORY_VIEW',  '323');
INSERT INTO `tadminrecht` (`cRecht`, `cBeschreibung`, `kAdminrechtemodul`) VALUES ('SLIDER_VIEW', 'Slider', 3);
UPDATE `tadminmenu` SET `cRecht`='SLIDER_VIEW', `nSort`=190 WHERE  `kAdminmenu`=73 LIMIT 1;
UPDATE `tsprachwerte` SET `cStandard`="Sofern die Lieferung in das Nicht-EU-Ausland erfolgt, können weitere Zölle, Steuern oder Gebühren vom Kunden zu zahlen sein, jedoch nicht an den Anbieter, sondern an die dort zuständigen Zoll- bzw. Steuerbehörden. Dem Kunden wird empfohlen, die Einzelheiten vor der Bestellung bei den Zoll- bzw. Steuerbehörden zu erfragen." WHERE `kSprachISO`=1 AND  `kSprachsektion`=5 AND `cName`='additionalCharges';
UPDATE `tsprachwerte` SET `cWert`="Sofern die Lieferung in das Nicht-EU-Ausland erfolgt, können weitere Zölle, Steuern oder Gebühren vom Kunden zu zahlen sein, jedoch nicht an den Anbieter, sondern an die dort zuständigen Zoll- bzw. Steuerbehörden. Dem Kunden wird empfohlen, die Einzelheiten vor der Bestellung bei den Zoll- bzw. Steuerbehörden zu erfragen." WHERE `kSprachISO`=1 AND  `kSprachsektion`=5 AND `cName`='additionalCharges' AND cWert='zusätzlich fallen noch Kosten oder Steuern an, die nicht über uns abgeführt bzw. von uns in Rechnung gestellt werden.';
UPDATE `tsprachwerte` SET `cStandard`="Shipments to non-EU countries might lead to additional customs, duties or fees that have to be borne by the purchaser . Please contact your national customs department for details." WHERE `kSprachISO`=2 AND  `kSprachsektion`=5 AND `cName`='additionalCharges';
UPDATE `tsprachwerte` SET `cWert`="Shipments to non-EU countries might lead to additional customs, duties or fees that have to be borne by the purchaser . Please contact your national customs department for details." WHERE `kSprachISO`=2 AND  `kSprachsektion`=5 AND `cName`='additionalCharges' AND cWert='possible additional charges or taxes will not be payed by us';
UPDATE `teinstellungenconf` SET `cBeschreibung`="Sollen direkt alle Fragen angezeigt werden?" WHERE `kEinstellungenConf`=1466 AND `kEinstellungenSektion`=121;
INSERT INTO `tstaat` (`cLandIso`, `cName`, `cCode`) VALUES ('FR', 'Französisch-Guayana', '973');
CREATE TABLE IF NOT EXISTS `teigenschaftkombiwerttmp` (`kEigenschaftKombi` int(11) NOT NULL, `kEigenschaft` int(11) NOT NULL, `kEigenschaftWert` int(11) NOT NULL, KEY `kEigenschaftKombi` (`kEigenschaftKombi`,`kEigenschaftWert`,`kEigenschaft`)) ENGINE=MyISAM DEFAULT CHARSET=latin1;
INSERT INTO teigenschaftkombiwerttmp( SELECT * FROM teigenschaftkombiwert GROUP BY teigenschaftkombiwert.kEigenschaftKombi, teigenschaftkombiwert.kEigenschaft, teigenschaftkombiwert.kEigenschaftWert HAVING count(*) > 1 );
DELETE teigenschaftkombiwert FROM teigenschaftkombiwert JOIN teigenschaftkombiwerttmp ON teigenschaftkombiwerttmp.kEigenschaftKombi = teigenschaftkombiwert.kEigenschaftKombi AND teigenschaftkombiwerttmp.kEigenschaft = teigenschaftkombiwert.kEigenschaft AND teigenschaftkombiwerttmp.kEigenschaftWert = teigenschaftkombiwert.kEigenschaftWert;
INSERT INTO teigenschaftkombiwert( SELECT * FROM teigenschaftkombiwerttmp );
DROP TABLE teigenschaftkombiwerttmp;
ALTER TABLE `teigenschaftkombiwert` DROP INDEX `kEigenschaftKombi`;
ALTER TABLE `teigenschaftkombiwert` ADD PRIMARY KEY (  `kEigenschaftKombi` ,  `kEigenschaft` ,  `kEigenschaftWert` ) ;
CREATE TABLE `tkundendatenhistory` (`kKundendatenHistory` INT UNSIGNED NOT NULL AUTO_INCREMENT PRIMARY KEY ,`kKunde` INT UNSIGNED NOT NULL ,`cJsonAlt` TEXT NOT NULL ,`cJsonNeu` TEXT NOT NULL ,`cQuelle` VARCHAR( 255 ) NOT NULL ,`dErstellt` DATETIME NOT NULL ,INDEX (  `kKunde` )) ENGINE = MYISAM CHARACTER SET latin1 COLLATE latin1_swedish_ci;
ALTER TABLE `tkundendatenhistory` ADD INDEX (  `dErstellt` );
ALTER TABLE `ttrustedshopszertifikat` ADD  `dChecked` DATETIME NOT NULL AFTER  `dErstellt`;
INSERT INTO `tadminmenu` (`kAdminmenu` ,`kAdminmenueGruppe` ,`cModulId` ,`cLinkname` ,`cURL` ,`cRecht` ,`nSort`)VALUES (NULL ,  '11',  'core_jtl',  'Einstiegsseiten',  'statistik.php?s=5',  'STATS_LANDINGPAGES_VIEW',  '140');
INSERT INTO `teinstellungenconf` (`kEinstellungenConf`, `kEinstellungenSektion`, `cName`, `cBeschreibung`, `cWertName`, `cInputTyp`, `cModulId`, `nSort`, `nStandardAnzeigen`, `nModul`, `cConf`) VALUES ('1523', '6', 'Firmenzusatz abfragen', 'z.b. einen Zusatz zum Firmennamen', 'kundenregistrierung_abfragen_firmazusatz', 'selectbox', '', '108', '1', '0', 'Y');
INSERT INTO `teinstellungenconfwerte` (`kEinstellungenConf`, `cName`, `cWert`, `nSort`) VALUES ('1523', 'Ja, optionale Angabe', 'O', '1'), ('1523', 'Ja, erforderliche Angabe', 'Y', '2'), ('1523', 'Nein', 'N', '3');
INSERT INTO `teinstellungen` (`kEinstellungenSektion`, `cName`, `cWert`, `cModulId`) VALUES ('6', 'kundenregistrierung_abfragen_firmazusatz', 'N', '');
ALTER TABLE  `tkunde` ADD  `cZusatz` VARCHAR( 255 ) CHARACTER SET latin1 COLLATE latin1_swedish_ci NULL AFTER  `cFirma`;
ALTER TABLE  `tlieferadresse` ADD  `cZusatz` VARCHAR( 255 ) CHARACTER SET latin1 COLLATE latin1_swedish_ci NULL AFTER  `cFirma`;
ALTER TABLE  `trechnungsadresse` ADD  `cZusatz` VARCHAR( 255 ) CHARACTER SET latin1 COLLATE latin1_swedish_ci NULL AFTER  `cFirma`;
INSERT INTO `tsprachwerte` (`kSprachISO`, `kSprachsektion`, `cName`, `cWert`, `cStandard`, `bSystem`) VALUES ('1', '6', 'firmext', 'Firmenzusatz', 'Firmenzusatz', '1'), ('2', '6', 'firmext', 'Additional companie name', 'Additional companie name', '1');
INSERT INTO `teinstellungenconf` (`kEinstellungenConf`, `kEinstellungenSektion`, `cName`, `cBeschreibung`, `cWertName`, `cInputTyp`, `cModulId`, `nSort`, `nStandardAnzeigen`, `nModul`, `cConf`) VALUES ('1524', '116', 'Standard Kundengruppe', 'Welche Kundengruppe soll Neukunden zugewiesen werden?', 'kwk_kundengruppen', 'selectkdngrp', '', '50', '1', '0', 'Y');
INSERT INTO `tsprachwerte` (`kSprachISO`, `kSprachsektion`, `cName`, `cWert`, `cStandard`, `bSystem`) VALUES ('1', '5', 'cashOnDeliveryFee', 'Bitte beachten Sie die zusätzlichen Nachnahme-Gebühren in Höhe von derzeit 2,00 EUR, die der Zusteller vor Ort erhebt.', 'Bitte beachten Sie die zusätzlichen Nachnahme-Gebühren in Höhe von derzeit 2,00 EUR, die der Zusteller vor Ort erhebt.', '1'), ('2', '5', 'cashOnDeliveryFee', 'On payment by cash on delivery an additional fee of EUR 2.00 will be charged by the postman.', 'On payment by cash on delivery an additional fee of EUR 2.00 will be charged by the postman.', '1');
ALTER TABLE `tartikel` ADD `fZulauf` DOUBLE UNSIGNED NULL AFTER `fAbnahmeintervall`;
ALTER TABLE `tartikel` ADD `dZulaufDatum` DATE NULL AFTER `dLetzteAktualisierung`;
INSERT INTO `tsprachwerte` (`kSprachISO`, `kSprachsektion`, `cName`, `cWert`, `cStandard`, `bSystem`) VALUES ('1', '4', 'productInflowing', '%s bestellt, am %s erwartet', '%s bestellt, am %s erwartet', '1'), ('2', '4', 'productInflowing', '%s ordered, expected on %s', '%s ordered, expected on %s', '1');
CREATE TABLE `twarenlager` (`kWarenlager` INT UNSIGNED NOT NULL , `cName` VARCHAR( 255 ) NULL ,`cKuerzel` VARCHAR( 255 ) NULL ,`cLagerTyp` VARCHAR( 255 ) NULL ,`cBeschreibung` VARCHAR( 255 ) NULL ,`cStrasse` VARCHAR( 255 ) NULL ,`cPLZ` VARCHAR( 255 ) NULL ,`cOrt` VARCHAR( 255 ) NULL ,`cLand` VARCHAR( 255 ) NULL ,`nFulfillment` TINYINT UNSIGNED NULL,PRIMARY KEY (  `kWarenlager` )) ENGINE = MYISAM CHARACTER SET latin1 COLLATE latin1_swedish_ci;
ALTER TABLE  `tartikel` ADD  `dMHD` DATE NULL AFTER  `dZulaufDatum`;
INSERT INTO `tsprachwerte` (`kSprachISO`, `kSprachsektion`, `cName`, `cWert`, `cStandard`, `bSystem`) VALUES ('1', '1', 'productMHD', 'Haltbar bis', 'Haltbar bis', '1'), ('2', '1', 'productMHD', 'Best before', 'Best before', '1');
INSERT INTO `tsprachwerte` (`kSprachISO`, `kSprachsektion`, `cName`, `cWert`, `cStandard`, `bSystem`) VALUES ('1', '1', 'productMHDTool', 'Mindesthaltbarkeitsdatum', 'Mindesthaltbarkeitsdatum', '1'), ('2', '1', 'productMHDTool', 'Best before date', 'Best before date', '1');
INSERT INTO `tspezialseite` (`kSpezialseite`, `kPlugin`, `cName`, `cDateiname`, `nLinkart`, `nSort`) VALUES(24, 0, '404', NULL, 29, 29);
INSERT INTO `tlink` (`kLink`, `kVaterLink`, `kLinkgruppe`, `kPlugin`, `cName`, `nLinkart`, `cNoFollow`, `cURL`, `cKundengruppen`, `cSichtbarNachLogin`, `cDruckButton`, `nSort`) VALUES (NULL, '0', '0', '0', '404', '29', 'N', NULL, NULL, 'N', 'N', '999');
INSERT INTO `tsprachwerte` (`kSprachISO`, `kSprachsektion`, `cName`, `cWert`, `cStandard`, `bSystem`) VALUES (2, 28, 'sliderPrev', 'previous', 'previous', 1);
INSERT INTO `tsprachwerte` (`kSprachISO`, `kSprachsektion`, `cName`, `cWert`, `cStandard`, `bSystem`) VALUES (2, 28, 'sliderNext', 'next', 'next', 1);
INSERT INTO `teinstellungenconf` (`kEinstellungenConf`, `kEinstellungenSektion`, `cName`, `cBeschreibung`, `cWertName`, `cInputTyp`, `cModulId`, `nSort`, `nStandardAnzeigen`, `nModul`, `cConf`) VALUES ('1525', '100', 'PayPal Modus', 'In welchem Modus soll PayPal arbeiten', 'zahlungsart_paypal_modus', 'selectbox', 'za_paypal_jtl', '750', '1', '0', 'Y');
INSERT INTO `teinstellungenconfwerte` (`kEinstellungenConf`, `cName`, `cWert`, `nSort`) VALUES ('1525', 'Produktiv', 'P', '1'), ('1525', 'Test', 'T', '2');
INSERT INTO `teinstellungen` (`kEinstellungenSektion`, `cName`, `cWert`, `cModulId`) VALUES ('100', 'zahlungsart_paypal_modus', 'P', 'za_paypal_jtl');
INSERT INTO `teinstellungenconf` (`kEinstellungenConf`, `kEinstellungenSektion`, `cName`, `cBeschreibung`, `cWertName`, `cInputTyp`, `cModulId`, `nSort`, `nStandardAnzeigen`, `nModul`, `cConf`) VALUES ('1526', '4', 'Maximale Anzahl Top/Bestseller-Artikel', 'Wieviele Artikel sollen bei den Top/Bestseller-Artikel angezeigt werden? (0 = Keiner)', 'artikelubersicht_topbest_anzahl', 'zahl', '', '385', '1', '0', 'Y');
INSERT INTO `teinstellungen` (`kEinstellungenSektion`, `cName`, `cWert`, `cModulId`) VALUES ('4', 'artikelubersicht_topbest_anzahl', '6', '');
CREATE TABLE `tartikelwarenlager` (`kArtikel` INT UNSIGNED NOT NULL ,`kWarenlager` INT UNSIGNED NOT NULL ,`fBestand` DOUBLE UNSIGNED NOT NULL ,`fZulauf` DOUBLE UNSIGNED NOT NULL ,`dZulaufDatum` DATETIME NOT NULL ,PRIMARY KEY (  `kArtikel` ,  `kWarenlager` ) ,INDEX (  `dZulaufDatum` )) ENGINE = MYISAM CHARACTER SET latin1 COLLATE latin1_swedish_ci;
CREATE TABLE `twarenlagersprache` (`kWarenlager` INT UNSIGNED NOT NULL ,`kSprache` INT UNSIGNED NOT NULL ,`cName` VARCHAR( 255 ) NOT NULL ,PRIMARY KEY (  `kWarenlager` ,  `kSprache` )) ENGINE = MYISAM CHARACTER SET latin1 COLLATE latin1_swedish_ci;
ALTER TABLE  `tartikel` ADD  `fLieferantenlagerbestand` DOUBLE UNSIGNED NOT NULL AFTER  `fMindestbestellmenge` , ADD  `fLieferzeit` DOUBLE UNSIGNED NOT NULL AFTER  `fLieferantenlagerbestand`;
INSERT INTO `teinstellungenconf` (`kEinstellungenConf`, `kEinstellungenSektion`, `cName`, `cBeschreibung`, `cWertName`, `cInputTyp`, `cModulId`, `nSort`, `nStandardAnzeigen`, `nModul`, `cConf`) VALUES ('1527', '5', 'Hinweis Lieferantenbestandsanzeige anzeigen', '', 'artikeldetails_lieferantenbestand_anzeigen', 'selectbox', '', '360', '1', '0', 'Y'), ('1528', '4', 'Hinweis Lieferantenbestandsanzeige anzeigen', '', 'artikeluebersicht_lagerbestandanzeige_anzeigen', 'selectbox', '', '320', '1', '0', 'Y');
INSERT INTO `teinstellungenconfwerte` (`kEinstellungenConf`, `cName`, `cWert`, `nSort`) VALUES ('1527', 'Nein', 'N', '1'), ('1527', 'Ja, wenn Artikel ausverkauft und Überverkäufe möglich sind', 'U', '2'), ('1527', 'Ja, wenn Artikel ausverkauft und keine Überverkäufe möglich sind', 'I', '3'), ('1528', 'Nein', 'N', '1'), ('1528', 'Ja, wenn Artikel ausverkauft und Überverkäufe möglich sind', 'U', '2'), ('1528', 'Ja, wenn Artikel ausverkauft und keine Überverkäufe möglich sind', 'I', '3');
INSERT INTO `teinstellungen` (`kEinstellungenSektion`, `cName`, `cWert`, `cModulId`) VALUES ('5', 'artikeldetails_lieferantenbestand_anzeigen', 'U', ''), ('4', 'artikeluebersicht_lagerbestandanzeige_anzeigen', 'U', '');
INSERT INTO `tsprachwerte` (`kSprachISO`, `kSprachsektion`, `cName`, `cWert`, `cStandard`, `bSystem`) VALUES ('1', '1', 'supplierStockNotice', 'Muss bestellt werden. Ab Bestellung lieferbereit in %s Tagen.', 'Muss bestellt werden. Ab Bestellung lieferbereit in %s Tagen.', '1'), ('2', '1', 'supplierStockNotice', 'Must be ordered. Ready for shipment in %s days', 'Must be ordered. Ready for shipment in %s days', '1');
INSERT INTO `tadminrecht` (`cRecht` ,`cBeschreibung` ,`kAdminrechtemodul`) VALUES ('WAREHOUSE_VIEW',  'Warenlager',  '2');
ALTER TABLE  `twarenlager` ADD  `nAktiv` TINYINT UNSIGNED NULL DEFAULT  '0' AFTER  `nFulfillment`;
INSERT INTO `tadminmenu` (`kAdminmenu` ,`kAdminmenueGruppe` ,`cModulId` ,`cLinkname` ,`cURL` ,`cRecht` ,`nSort`) VALUES (NULL ,  '2',  'core_jtl',  'Warenlager',  'warenlager.php',  'WAREHOUSE_VIEW',  '130');
ALTER TABLE `timagemap` ADD COLUMN `vDatum` DATETIME NULL DEFAULT NULL  AFTER `cBildPfad` , ADD COLUMN `bDatum` DATETIME NULL DEFAULT NULL  AFTER `vDatum`;
ALTER TABLE `tredirect` ADD INDEX `idxFromTo` (`cFromUrl` ASC, `cToUrl` ASC);
ALTER TABLE `tartikelpict` ADD INDEX (`cPfad`);
INSERT INTO `tsprachwerte` (`kSprachISO`, `kSprachsektion`, `cName`, `cWert`, `cStandard`, `bSystem`) VALUES ('1', '4', 'selectionNotAvailable', 'Die gewählte Kombination ist nicht verfügbar', 'Die gewählte Kombination ist nicht verfügbar', '1'), ('2', '4', 'selectionNotAvailable', 'This selection is currently not available', 'This selection is currently not available', '1');