INSERT INTO `teinstellungenconf` (`kEinstellungenConf`, `kEinstellungenSektion`, `cName`, `cBeschreibung`, `cWertName`, `cInputTyp`, `cModulId`, `nSort`, `nStandardAnzeigen`, `nModul`, `cConf`) VALUES ('1511', '5', 'Produktbundle-Empfehlungen nutzen', '', 'artikeldetails_produktbundle_nutzen', 'selectbox', '', '1420', '1', '0', 'Y');
INSERT INTO `teinstellungenconfwerte` (`kEinstellungenConf`, `cName`, `cWert`, `nSort`) VALUES ('1511', 'Ja', 'Y', '1'), ('1511', 'Nein', 'N', '2');
INSERT INTO `teinstellungen` (`kEinstellungenSektion`, `cName`, `cWert`, `cModulId`) VALUES ('5', 'artikeldetails_produktbundle_nutzen', 'N', '');
INSERT INTO `tsprachwerte` (`kSprachISO`, `kSprachsektion`, `cName`, `cWert`, `cStandard`, `bSystem`) VALUES ('1', '4', 'priceForAll', 'Preis für alle', 'Preis für alle', '1'), ('2', '4', 'priceForAll', 'Price for all', 'Price for all', '1');
INSERT INTO `tsprachwerte` (`kSprachISO`, `kSprachsektion`, `cName`, `cWert`, `cStandard`, `bSystem`) VALUES ('1', '4', 'buyProductBundle', 'Kaufen Sie diesen Artikel im Bundle', 'Kaufen Sie diesen Artikel im Bundle', '1'), ('2', '4', 'buyProductBundle', 'Buy this product now with our bundled offerings', 'Buy this product now with our bundled offerings', '1');
INSERT INTO `tsprachwerte` (`kSprachISO`, `kSprachsektion`, `cName`, `cWert`, `cStandard`, `bSystem`) VALUES ('1', '1', 'addAllToCart', 'Alle in den Warenkorb', 'Alle in den Warenkorb', '1'), ('2', '1', 'addAllToCart', 'Add all to basket', 'Add all to basket', '1');
CREATE TABLE `tkuponneukunde` (`kKuponNeukunde` INT UNSIGNED NOT NULL AUTO_INCREMENT PRIMARY KEY ,`kKupon` INT UNSIGNED NOT NULL ,`cEmail` VARCHAR( 255 ) NOT NULL ,`cDatenHash` VARCHAR( 255 ) NOT NULL ,`dErstellt` DATETIME NOT NULL ,INDEX (  `cEmail` ,  `cDatenHash` )) ENGINE = MYISAM CHARACTER SET latin1 COLLATE latin1_swedish_ci;
DELETE FROM `teinstellungenconf` WHERE `kEinstellungenConf`=333 AND `kEinstellungenSektion`=1;
INSERT INTO `teinstellungenconf` (`kEinstellungenConf`, `kEinstellungenSektion`, `cName`, `cBeschreibung`, `cWertName`, `cInputTyp`, `cModulId`, `nSort`, `nStandardAnzeigen`, `nModul`, `cConf`) VALUES (333, 1, 'Versandfrei beim Artikel anzeigen', 'M&ouml;chten Sie beim Artikel anzeigen, ob er versandkostenfrei versendet werden kann? H&auml;ngt von Versandarten mit Versandkostenfrei ab X sowie Einstellung 1470 ab.', 'global_versandfrei_anzeigen', 'selectbox', NULL, 240, 1, 0, 'Y');
ALTER TABLE `tartikel` CHANGE `fGewicht` `fGewicht` DOUBLE NOT NULL DEFAULT '0.00';
ALTER TABLE `tkunde` CHANGE `cLand` `cLand` VARCHAR( 4 ) CHARACTER SET latin1 COLLATE latin1_swedish_ci NOT NULL;
INSERT INTO `teinstellungenconf` (`kEinstellungenConf`, `kEinstellungenSektion`, `cName`, `cBeschreibung`, `cWertName`, `cInputTyp`, `cModulId`, `nSort`, `nStandardAnzeigen`, `nModul`, `cConf`) VALUES ('1512', '1', 'HTML-Code Umwandlung bei Artikelnamen', 'Sollen Sonderzeichen im Artikelnamen in HTML Entities umgewandelt werden', 'global_artikelname_htmlentities', 'selectbox', '', '280', '1', '0', 'Y');
INSERT INTO `teinstellungenconfwerte` (`kEinstellungenConf`, `cName`, `cWert`, `nSort`) VALUES ('1512', 'Ja', 'Y', '1'), ('1512', 'Nein', 'N', '2');
INSERT INTO `teinstellungen` (`kEinstellungenSektion`, `cName`, `cWert`, `cModulId`) VALUES ('1', 'global_artikelname_htmlentities', 'Y', '');
ALTER TABLE `tlink` ADD `kVaterLink` INT( 10 ) UNSIGNED NOT NULL DEFAULT  '0' AFTER  `kLink`;
CREATE TABLE `tredirect` (`kRedirect` int(10) unsigned NOT NULL AUTO_INCREMENT, `cFromUrl` varchar(255) NOT NULL, `cToUrl` varchar(255) NOT NULL, `nCount` int(10) NOT NULL, `dFirst` int(10) unsigned NOT NULL, PRIMARY KEY (`kRedirect`)) ENGINE=MyISAM CHARACTER SET latin1 COLLATE latin1_swedish_ci;
INSERT INTO `tadminrecht` (`cRecht`, `cBeschreibung`, `kAdminrechtemodul`) VALUES ('REDIRECT_VIEW', 'Weiterleitung', '1');
INSERT INTO `tadminmenu` (`kAdminmenu`, `kAdminmenueGruppe`, `cModulId`, `cLinkname`, `cURL`, `cRecht`, `nSort`) VALUES (NULL, '1', 'core_jtl', 'Weiterleitungen', 'redirect.php', 'REDIRECT_VIEW', '322');
ALTER TABLE  `tkonfigitem` ADD  `bIgnoreMultiplier` BOOLEAN NOT NULL DEFAULT  '0' AFTER  `bZuschlag`;
INSERT INTO `teinstellungenconf` (`kEinstellungenConf`, `kEinstellungenSektion`, `cName`, `cBeschreibung`, `cWertName`, `cInputTyp`, `cModulId`, `nSort`, `nStandardAnzeigen`, `nModul`, `cConf`) VALUES ('1513', '7', 'Eindeutige Artikelmerkmale Merkmale', '', 'bestellvorgang_artikelmerkmale', 'selectbox', '', '501', '1', '0', 'Y'), ('1514', '7', 'Eindeutige Artikelmerkmale Attribute anzeigen', '', 'bestellvorgang_artikelattribute', 'selectbox', '', '502', '1', '0', 'Y'), ('1515', '7', 'Eindeutige Artikelkurzbeschreibung anzeigen', '', 'bestellvorgang_artikelkurzbeschreibung', 'selectbox', '', '503', '1', '0', 'Y');
INSERT INTO `teinstellungenconfwerte` (`kEinstellungenConf`, `cName`, `cWert`, `nSort`) VALUES ('1513', 'Ja', 'Y', '0'), ('1513', 'Nein', 'N', '1'), ('1514', 'Ja', 'Y', '0'), ('1514', 'Nein', 'N', '1'), ('1515', 'Ja', 'Y', '0'), ('1515', 'Nein', 'N', '1');
INSERT INTO `teinstellungen` (`kEinstellungenSektion`, `cName`, `cWert`, `cModulId`) VALUES ('7', 'bestellvorgang_artikelmerkmale', 'Y', ''), ('7', 'bestellvorgang_artikelattribute', 'Y', ''), ('7', 'bestellvorgang_artikelkurzbeschreibung', 'Y', '');
INSERT INTO `tsprachwerte` (`kSprachISO`, `kSprachsektion`, `cName`, `cWert`, `cStandard`, `bSystem`) VALUES ('1', '5', 'additionalCharges', 'zusätzlich fallen noch Kosten oder Steuern an, die nicht über uns abgeführt bzw. von uns in Rechnung gestellt werden.', 'zusätzlich fallen noch Kosten oder Steuern an, die nicht über uns abgeführt bzw. von uns in Rechnung gestellt werden.', '1'), ('2', '5', 'additionalCharges', 'possible additional charges or taxes will not be payed by us', 'possible additional charges or taxes will not be payed by us', '1');
INSERT INTO `teinstellungenconf` (`kEinstellungenConf`, `kEinstellungenSektion`, `cName`, `cBeschreibung`, `cWertName`, `cInputTyp`, `cModulId`, `nSort`, `nStandardAnzeigen`, `nModul`, `cConf`) VALUES ('1516', '7', 'Hinweis auf Versand- und Zusatzkosten', '', 'weitere_kosten_anzeigen', 'selectbox', '', '504', '1', '0', 'Y');
INSERT INTO `teinstellungenconfwerte` (`kEinstellungenConf`, `cName`, `cWert`, `nSort`) VALUES ('1516', 'Ja', 'Y', '1'), ('1516', 'Nein', 'N', '2');
INSERT INTO `teinstellungen` (`kEinstellungenSektion`, `cName`, `cWert`, `cModulId`) VALUES ('7', 'weitere_kosten_anzeigen', 'N', '');
CREATE TABLE `tlieferschein` ( `kLieferschein` INT( 10 ) UNSIGNED NOT NULL AUTO_INCREMENT PRIMARY KEY , `kInetBestellung` INT( 10 ) UNSIGNED NOT NULL , `cLieferscheinNr` VARCHAR( 255 ) NOT NULL , `cHinweis` VARCHAR( 255 ) NOT NULL , `nFulfillment` TINYINT UNSIGNED NOT NULL , `nStatus` TINYINT UNSIGNED NOT NULL , `dErstellt` INT( 10 ) UNSIGNED NOT NULL ) ENGINE=MyISAM CHARACTER SET latin1 COLLATE latin1_swedish_ci;
CREATE TABLE `tlieferscheinpos` ( `kLieferscheinPos` INT( 10 ) UNSIGNED NOT NULL AUTO_INCREMENT PRIMARY KEY , `kLieferschein` INT( 10 ) UNSIGNED NOT NULL , `kBestellPos` INT( 10 ) UNSIGNED NOT NULL , `fAnzahl` INT( 10 ) UNSIGNED NOT NULL ) ENGINE=MyISAM CHARACTER SET latin1 COLLATE latin1_swedish_ci;
ALTER TABLE  `tlieferscheinpos` ADD `kWarenlager` INT( 10 ) UNSIGNED NOT NULL AFTER `kBestellPos`;
CREATE TABLE `tversand` ( `kVersand` INT( 10 ) UNSIGNED NOT NULL AUTO_INCREMENT PRIMARY KEY , `kLieferschein` INT( 10 ) UNSIGNED NOT NULL , `cLogistik` VARCHAR( 255 ) NOT NULL , `cLogistikURL` VARCHAR( 255 ) NOT NULL , `cIdentCode` VARCHAR( 255 ) NOT NULL , `cHinweis` VARCHAR( 255 ) NOT NULL , `dErstellt` INT( 10 ) UNSIGNED NOT NULL ) ENGINE=MyISAM CHARACTER SET latin1 COLLATE latin1_swedish_ci;
