INSERT INTO `teinstellungenconf` (`kEinstellungenConf` ,`kEinstellungenSektion` ,`cName` ,`cBeschreibung` ,`cWertName` ,`cInputTyp` ,`cModulId` ,`nSort` ,`nStandardAnzeigen` ,`nModul` ,`cConf` ) VALUES ('1449', '4', 'Suchpriorität Artikel Anmerkung', '0 = In diesem Feld nicht suchen', 'suche_prio_anmerkung', 'zahl', NULL , '170', '1', '0', 'Y');
INSERT INTO `teinstellungen` (`kEinstellungenSektion` ,`cName` ,`cWert` ,`cModulId` ) VALUES ('4', 'suche_prio_anmerkung', '0', NULL );
ALTER TABLE `tzahlungsart` CHANGE  `nMailSenden`  `nMailSenden` TINYINT( 4 ) UNSIGNED NOT NULL;
INSERT INTO `temailvorlageoriginal` (`kEmailvorlage` ,`cName` ,`cBeschreibung` ,`cMailTyp` ,`cModulId` ,`cDateiname` ,`cAktiv` ,`nAKZ` ,`nAGB` ,`nWRB`) VALUES (NULL ,  'Bestellung storniert',  '',  'text/html',  'core_jtl_bestellung_storno',  'bestellung_storno',  'Y',  '0',  '0',  '0');
SET @LastID = LAST_INSERT_ID();
INSERT INTO `temailvorlagespracheoriginal` (`kEmailvorlage` ,`kSprache` ,`cBetreff` ,`cContentHtml` ,`cContentText` ,`cPDFS` ,`cDateiname`) VALUES (@LastID,  '1',  'Stornierung Ihrer Bestellung bei #firma.name#',  'Sehr {if $Kunde->cAnrede=="w"}geehrte{else}geehrter{/if} {$Kunde->cAnredeLocalized} {$Kunde->cNachname},<br><br>Ihre Bestellung bei {$Einstellungen.global.global_shopname} wurde soeben storniert.<br>Bestellnummer: {$Bestellung->cBestellNr}<br><br>Mit freundlichem Gruß <br><br>Ihr Team von {$Firma->cName}','Sehr {if $Kunde->cAnrede=="w"}geehrte{else}geehrter{/if} {$Kunde->cAnredeLocalized} {$Kunde->cNachname},\n\nIhre Bestellung bei {$Einstellungen.global.global_shopname} wurde soeben storniert.\nBestellnummer: {$Bestellung->cBestellNr}\n\nMit freundlichem Gruß\n\nIhr Team von {$Firma->cName}',  '',  '');
INSERT INTO `temailvorlagespracheoriginal` (`kEmailvorlage` ,`kSprache` ,`cBetreff` ,`cContentHtml` ,`cContentText` ,`cPDFS` ,`cDateiname`) VALUES (@LastID,  '2',  'Your order has been canceled',  'Dear {$Kunde->cAnredeLocalized} {$Kunde->cNachname},<br><br>Your order at {$Einstellungen.global.global_shopname} has been canceled.<br>Order number: {$Bestellung->cBestellNr}<br><br>Yours sincerely <br><br>{$Firma->cName}','Dear {$Kunde->cAnredeLocalized} {$Kunde->cNachname},\n\nYour order at {$Einstellungen.global.global_shopname} has been canceled.\nOrder number: {$Bestellung->cBestellNr}\n\nYours sincerely\n\n{$Firma->cName}',  '',  '');
INSERT INTO `temailvorlage` (`kEmailvorlage` ,`cName` ,`cBeschreibung` ,`cMailTyp` ,`cModulId` ,`cDateiname` ,`cAktiv` ,`nAKZ` ,`nAGB` ,`nWRB`) VALUES (@LastID ,  'Bestellung storniert',  '',  'text/html',  'core_jtl_bestellung_storno',  'bestellung_storno',  'Y',  '0',  '0',  '0');
INSERT INTO `temailvorlagesprache` (`kEmailvorlage` ,`kSprache` ,`cBetreff` ,`cContentHtml` ,`cContentText` ,`cPDFS` ,`cDateiname`) VALUES (@LastID,  '1',  'Stornierung Ihrer Bestellung bei #firma.name#',  'Sehr {if $Kunde->cAnrede=="w"}geehrte{else}geehrter{/if} {$Kunde->cAnredeLocalized} {$Kunde->cNachname},<br><br>Ihre Bestellung bei {$Einstellungen.global.global_shopname} wurde soeben storniert.<br>Bestellnummer: {$Bestellung->cBestellNr}<br><br>Mit freundlichem Gruß <br><br>Ihr Team von {$Firma->cName}','Sehr {if $Kunde->cAnrede=="w"}geehrte{else}geehrter{/if} {$Kunde->cAnredeLocalized} {$Kunde->cNachname},\n\nIhre Bestellung bei {$Einstellungen.global.global_shopname} wurde soeben storniert.\nBestellnummer: {$Bestellung->cBestellNr}\n\nMit freundlichem Gruß\n\nIhr Team von {$Firma->cName}',  '',  '');
INSERT INTO `temailvorlagesprache` (`kEmailvorlage` ,`kSprache` ,`cBetreff` ,`cContentHtml` ,`cContentText` ,`cPDFS` ,`cDateiname`) VALUES (@LastID,  '2',  'Your order has been canceled',  'Dear {$Kunde->cAnredeLocalized} {$Kunde->cNachname},<br><br>Your order at {$Einstellungen.global.global_shopname} has been canceled.<br>Order number: {$Bestellung->cBestellNr}<br><br>Yours sincerely <br><br>{$Firma->cName}','Dear {$Kunde->cAnredeLocalized} {$Kunde->cNachname},\n\nYour order at {$Einstellungen.global.global_shopname} has been canceled.\nOrder number: {$Bestellung->cBestellNr}\n\nYours sincerely\n\n{$Firma->cName}',  '',  '');
INSERT INTO `teinstellungenconf` (`kEinstellungenConf`, `kEinstellungenSektion`, `cName`, `cBeschreibung`, `cWertName`, `cInputTyp`, `cModulId`, `nSort`, `nStandardAnzeigen`, `nModul`, `cConf`) VALUES (1450, 100, 'Billpay', '', NULL, NULL, 'za_billpay_jtl', 480, 1, 0, 'N'), (1451, 100, 'Zahlungsportal-ID', 'ID des Zahlungsportals (pid)', 'zahlungsart_billpay_pid', 'text', 'za_billpay_jtl', 540, 1, 0, 'Y'), (1452, 100, 'Sicherheitscode', 'Hinterlegter Sicherheitscode für das Zahlungsportal (bpsecure)', 'zahlungsart_billpay_bpsecure', 'pass', 'za_billpay_jtl', 550, 1, 0, 'Y'), (1453, 100, 'Händler-ID', 'ID des Händlers (mid)', 'zahlungsart_billpay_mid', 'text', 'za_billpay_jtl', 530, 1, 0, 'Y'), (1454, 100, 'Modus', '', 'zahlungsart_billpay_mode', 'selectbox', 'za_billpay_jtl', 500, 1, 0, 'Y');
INSERT INTO `teinstellungenconfwerte` (`kEinstellungenConf` ,`cName` ,`cWert` ,`nSort` ) VALUES ('1454', 'Live', 'live', '1'), ('1454', 'Testumgebung', 'test', '2');
INSERT INTO `teinstellungen` (`kEinstellungenSektion`, `cName`, `cWert`, `cModulId`) VALUES (100, 'zahlungsart_billpay_mode', 'live', 'za_billpay_jtl');
ALTER TABLE `ttrustedshopszertifikat` CHANGE `cWSUser` `cWSUser` VARCHAR( 255 ) CHARACTER SET latin1 COLLATE latin1_swedish_ci NULL;
ALTER TABLE `ttrustedshopszertifikat` CHANGE `cWSPasswort` `cWSPasswort` VARCHAR( 255 ) CHARACTER SET latin1 COLLATE latin1_swedish_ci NULL;
ALTER TABLE `ttrustedshopszertifikat` ADD `eType` ENUM( 'CLASSIC', 'EXCELLENCE' ) NOT NULL DEFAULT 'CLASSIC' AFTER `nAktiv` ;
DELETE FROM `teinstellungenconf` WHERE kEinstellungenConf = 1306;
DELETE FROM `teinstellungenconfwerte` WHERE kEinstellungenConf = 1306;
INSERT INTO `teinstellungenconf` (`kEinstellungenConf`, `kEinstellungenSektion`, `cName`, `cBeschreibung`, `cWertName`, `cInputTyp`, `cModulId`, `nSort`, `nStandardAnzeigen`, `nModul`, `cConf`) VALUES (1455, 1, 'Versandermittlung Lieferdauer anzeigen', 'Soll die Lieferdauer bei der Versandermittlung angezeigt werden?', 'global_versandermittlung_lieferdauer_anzeigen', 'selectbox', NULL, 1120, 1, 0, 'Y');
INSERT INTO `teinstellungenconfwerte` (`kEinstellungenConf` ,`cName` ,`cWert` ,`nSort` ) VALUES ('1455', 'Ja', 'Y', '1'), ('1455', 'Nein', 'N', '2');
INSERT INTO `teinstellungen` (`kEinstellungenSektion`, `cName`, `cWert`, `cModulId`) VALUES (1, 'global_versandermittlung_lieferdauer_anzeigen', 'N', NULL);
UPDATE `teinstellungenconf` SET `cName` = 'Tage nach Kauf bis zur Erinnerung',`cBeschreibung` = 'Wieviele Tage nach dem Kauf eines Artikels sollen vergehen, bis eine Bewertungserinnerung versendet wird?' WHERE `teinstellungenconf`.`kEinstellungenConf` =493 LIMIT 1 ;
UPDATE `teinstellungenconf` SET `cName` = 'Maximale Vergütung pro Kunde und Monat',`cBeschreibung` = 'Wie hoch soll die maximale Vergütung im Monat sein, die ein Kunde erreichen kann?' WHERE `teinstellungenconf`.`kEinstellungenConf` =564 LIMIT 1 ;
INSERT INTO `texportformat` (`kKundengruppe`, `kSprache`, `kWaehrung`, `kKampagne`, `cName`, `cDateiname`, `cKopfzeile`, `cContent`, `cFusszeile`, `cKodierung`, `nSpecial`, `nVarKombiOption`, `nSplitgroesse`, `dZuletztErstellt`) VALUES ( 1, 1, 1, 0, 'LeGuide.com', 'leguide.csv', 'kategorie;produkt_id;name;preis;produkt_url;bild_url;beschreibung;lieferkosten;verfugbarkeit;marke;ean;garantie;produktreferenz;alter_preis;wahrung;gebrauchtwaren;lieferzeit', '{$Artikel->Kategoriepfad|replace:" > ":"|"};{$Artikel->cArtNr};{$Artikel->cName};{$Artikel->Preise->fVKBrutto};{$Artikel->cDeeplink};{$Artikel->Artikelbild};{$Artikel->cBeschreibung};{$Artikel->Versandkosten};{$Artikel->Lieferbar};{$Artikel->cHersteller};{$Artikel->cBarcode};2 Jahre;{$Artikel->cKurzBeschreibung};{if $Artikel->Preise->Sonderpreis_aktiv=="1"}1{else}0{/if};{$Waehrung->cISO};0;{$Artikel->cLieferstatus}', '', 'ASCII', 0, 1, 5, '2011-01-04 12:31:52');
SET @LastID = LAST_INSERT_ID();
INSERT INTO `texportformateinstellungen` VALUES (@LastID, 'exportformate_quot', 'N'), (@LastID, 'exportformate_lieferland', 'DE'), (@LastID, 'exportformate_beschreibung', 'N'), (@LastID, 'exportformate_preis_ueber_null', 'N'), (@LastID, 'exportformate_lager_ueber_null', 'N'), (@LastID, 'exportformate_equot', 'N'), (@LastID, 'exportformate_semikolon', ',');
INSERT INTO `tsprachwerte` (`kSprachISO` ,`kSprachsektion` ,`cName` ,`cWert` ,`cStandard` ,`bSystem` ) VALUES ('1', '1', 'adminMaintenanceMode', 'Der Wartungsmodus im Shop ist aktiv. Da Sie als Administrator angemeldet sind, können Sie trotzdem alle Funktionen im Shop bedienen.', 'Der Wartungsmodus im Shop ist aktiv. Da Sie als Administrator angemeldet sind, können Sie trotzdem alle Funktionen im Shop bedienen.', '1'), ('2', '1', 'adminMaintenanceMode', 'The maintenance mode in the shop is active. Since you are an administrator, you can still use all the features in the shop.', 'The maintenance mode in the shop is active. Since you are an administrator, you can still use all the features in the shop.', '1');
UPDATE `tzahlungsart` SET `cModulId` = 'za_eos_direct_jtl' WHERE `tzahlungsart`.`kZahlungsart` =63 LIMIT 1;
UPDATE teinstellungenconf SET cModulId = 'za_eos_direct_jtl' WHERE cModulId = 'za_eos_direkt_jtl';
UPDATE teinstellungen SET cModulId = 'za_eos_direct_jtl' WHERE cModulId = 'za_eos_direkt_jtl';
UPDATE `teinstellungen` SET `cName` = 'zahlungsart_eos_direct_haendlerid' WHERE `teinstellungen`.`cName` = 'zahlungsart_eos_direkt_haendlerid' LIMIT 1 ;
UPDATE `teinstellungen` SET `cName` = 'zahlungsart_eos_direct_haendlercode' WHERE `teinstellungen`.`cName` = 'zahlungsart_eos_direkt_haendlercode' LIMIT 1 ;
UPDATE `teinstellungen` SET `cName` = 'zahlungsart_eos_direct_max' WHERE `teinstellungen`.`cName` = 'zahlungsart_eos_direkt_max' LIMIT 1 ;
UPDATE `teinstellungen` SET `cName` = 'zahlungsart_eos_direct_min' WHERE `teinstellungen`.`cName` = 'zahlungsart_eos_direkt_min' LIMIT 1 ;
UPDATE `teinstellungen` SET `cName` = 'zahlungsart_eos_direct_min_bestellungen' WHERE `teinstellungen`.`cName` = 'zahlungsart_eos_direkt_min_bestellungen' LIMIT 1 ;
UPDATE `teinstellungenconf` SET `cWertName` = 'zahlungsart_eos_direct_haendlerid' WHERE `teinstellungenconf`.`kEinstellungenConf` =1409 LIMIT 1 ;
UPDATE `teinstellungenconf` SET `cWertName` = 'zahlungsart_eos_direct_haendlercode' WHERE `teinstellungenconf`.`kEinstellungenConf` =1410 LIMIT 1 ;
UPDATE `teinstellungenconf` SET `cWertName` = 'zahlungsart_eos_direct_max' WHERE `teinstellungenconf`.`kEinstellungenConf` =1411 LIMIT 1 ;
UPDATE `teinstellungenconf` SET `cWertName` = 'zahlungsart_eos_direct_min' WHERE `teinstellungenconf`.`kEinstellungenConf` =1412 LIMIT 1 ;
UPDATE `teinstellungenconf` SET `cWertName` = 'zahlungsart_eos_direct_min_bestellungen' WHERE `teinstellungenconf`.`kEinstellungenConf` =1413 LIMIT 1 ;
DELETE FROM tzahlungsart WHERE cModulId LIKE 'za_uos_%';
DELETE FROM tzahlungsart WHERE cModulId LIKE 'za_ut_%';
UPDATE tzahlungsart SET nActive = 0 WHERE cModulId = 'za_eos_direct_jtl';
UPDATE tzahlungsart SET nActive = 0 WHERE cModulId = 'za_eos_ewallet_jtl';
CREATE TABLE `tzahlungbackground` (`cSID` VARCHAR( 255 ) CHARACTER SET latin1 COLLATE latin1_swedish_ci NOT NULL ,`cKey` VARCHAR( 255 ) CHARACTER SET latin1 COLLATE latin1_swedish_ci NOT NULL ,`kKey` INT UNSIGNED NOT NULL ,`cCustomData` VARCHAR( 255 ) CHARACTER SET latin1 COLLATE latin1_swedish_ci NULL ,`dErstellt` DATETIME NOT NULL ,PRIMARY KEY ( `cSID` ) ,INDEX ( `cKey` , `kKey` ) ) ENGINE = MYISAM;
INSERT INTO `tzahlungsart` (`kZahlungsart`, `cName`, `cModulId`, `cKundengruppen`, `cZusatzschrittTemplate`, `cPluginTemplate`, `cBild`, `nSort`, `nMailSenden`, `nActive`, `cAnbieter`, `cTSCode`, `nWaehrendBestellung`, `nCURL`, `nSOAP`, `nSOCKETS`, `nNutzbar`) VALUES (NULL, 'Billpay', 'za_billpay_jtl', '', 'tpl_inc/modules/billpay/zusatzschritt.tpl', NULL, 'gfx/Billpay/LogoSmall_0.png', 0, 1, 1, 'Billpay GmbH', 'OTHER', 0, 1, 0, 0, 0);